Client_Num,Customer_Age,Gender,Dependent_Count,Education_Level,Marital_Status,Income_Category,Card_Category,Months_on_book,Total_Relationship_Count,Months_Inactive_12_mon,Contacts_Count_12_mon,Credit_Limit,Avg_Open_To_Buy,Total_Revolving_Bal,Avg_Utilization_Ratio
10001,62,M,5,Uneducated,Unknown,$40K - $60K,Silver,47,3,4,0,3941.75,1816.07,463.73,0.089
10002,52,F,2,High School,Married,$40K - $60K,Blue,44,2,2,2,2083.3,986.49,741.61,0.403
10003,38,M,4,Graduate,Single,$40K - $60K,Blue,51,2,4,4,2094.01,283.29,535.53,0.287
10004,66,M,2,Graduate,Single,Less than $40K,Blue,47,2,0,1,6193.47,2688.23,257.81,0.008
10005,31,F,1,Uneducated,Divorced,Less than $40K,Blue,42,6,2,3,5271.79,307.64,3980.98,0.831
10006,44,F,1,High School,Married,$120K +,Silver,29,4,1,4,8960.65,3591.85,6768.84,0.733
10007,62,F,1,Graduate,Single,$40K - $60K,Blue,54,2,0,4,10241.05,5512.4,1982.89,0.198
10008,42,M,3,Post-Graduate,Single,$40K - $60K,Blue,41,4,3,2,4806.37,485.36,745.87,0.202
10009,46,F,1,High School,Married,Less than $40K,Gold,18,3,1,4,9267.42,6552.97,4395.1,0.521
10010,34,M,2,Graduate,Single,$120K +,Blue,29,1,6,3,4037.93,1498.59,2194.72,0.515
10011,34,M,2,Graduate,Married,$60K - $80K,Platinum,29,6,4,5,5064.77,3580.24,4126.57,0.835
10012,47,F,2,Graduate,Single,$60K - $80K,Platinum,26,5,1,5,4985.74,624.11,1661.24,0.321
10013,59,M,4,Graduate,Divorced,$120K +,Blue,36,3,3,4,13108.13,9371.42,6988.03,0.55
10014,63,F,5,Graduate,Single,$40K - $60K,Blue,49,4,1,3,2722.58,344.24,2038.91,0.744
10015,47,M,1,High School,Single,$60K - $80K,Blue,52,3,0,3,5681.83,2119.59,2235.58,0.377
10016,26,M,3,Graduate,Single,Less than $40K,Blue,51,5,5,0,3750.65,2650.19,455.88,0.083
10017,45,F,3,Doctorate,Married,Less than $40K,Blue,44,6,1,2,4665.94,993.36,1555.07,0.381
10018,25,F,2,Post-Graduate,Married,$80K - $120K,Blue,48,1,2,6,4557.47,338.85,607.74,0.104
10019,47,F,5,High School,Single,$80K - $120K,Platinum,49,5,6,1,5722.37,3463.05,193.48,0.093
10020,67,F,1,High School,Married,$40K - $60K,Blue,26,6,3,6,11536.92,5389.11,7427.34,0.632
10021,53,F,0,Graduate,Married,$40K - $60K,Silver,39,4,1,0,15655.91,6414.93,3411.29,0.237
10022,61,F,4,Graduate,Single,$60K - $80K,Blue,31,5,3,1,7892.1,584.33,170.99,0.083
10023,25,F,2,Graduate,Married,Less than $40K,Blue,43,3,5,6,3209.85,1628.23,2388.51,0.727
10024,44,M,4,Post-Graduate,Married,$40K - $60K,Gold,21,2,0,3,4996.33,850.06,1940.3,0.407
10025,56,M,4,High School,Single,Less than $40K,Blue,50,3,2,5,6347.62,4455.0,1385.39,0.238
10026,35,M,0,High School,Married,$40K - $60K,Blue,29,4,4,0,4397.08,2330.49,1047.01,0.211
10027,45,F,4,Graduate,Divorced,$80K - $120K,Blue,31,1,1,6,4722.59,2573.45,1037.3,0.229
10028,67,F,2,Post-Graduate,Divorced,$40K - $60K,Blue,56,5,0,4,5288.9,1125.51,959.84,0.211
10029,48,M,2,High School,Single,Less than $40K,Blue,16,1,3,4,8410.36,5605.74,6040.47,0.786
10030,72,F,2,Post-Graduate,Married,$60K - $80K,Blue,23,4,5,1,7362.12,3139.3,1188.06,0.145
10031,50,F,4,Graduate,Single,$80K - $120K,Blue,34,5,6,3,3932.03,2555.66,1912.3,0.5
10032,65,M,0,Uneducated,Single,$40K - $60K,Platinum,16,6,3,5,7620.23,1826.29,641.44,0.079
10033,51,F,2,Uneducated,Single,Less than $40K,Gold,29,6,6,1,14198.65,8218.51,11473.97,0.816
10034,39,F,3,Graduate,Married,$40K - $60K,Blue,20,3,5,6,2393.19,1082.19,1246.25,0.497
10035,38,M,3,Graduate,Single,$80K - $120K,Gold,46,3,6,6,4324.16,362.77,3327.95,0.763
10036,70,F,3,Graduate,Single,$60K - $80K,Blue,23,4,5,5,4147.07,1384.04,1452.46,0.411
10037,67,M,0,Graduate,Single,$80K - $120K,Blue,43,6,0,6,5747.14,1027.23,3981.95,0.698
10038,26,F,1,Post-Graduate,Single,$120K +,Blue,23,5,1,2,2017.01,607.97,1469.46,0.732
10039,60,F,1,Doctorate,Married,$80K - $120K,Blue,50,6,4,5,11627.19,3701.47,7016.4,0.569
10040,30,F,3,Post-Graduate,Single,$60K - $80K,Blue,33,3,1,4,5643.38,2158.31,548.23,0.141
10041,44,M,1,Doctorate,Married,$60K - $80K,Blue,42,4,2,6,6480.01,3046.92,216.09,0.067
10042,32,F,1,Graduate,Single,Less than $40K,Blue,22,6,1,6,6080.11,2734.13,972.24,0.165
10043,62,F,5,High School,Married,$120K +,Silver,38,4,5,0,4139.83,319.98,488.58,0.194
10044,41,M,0,Post-Graduate,Married,$40K - $60K,Blue,39,6,5,0,8076.9,4648.11,5022.74,0.601
10045,27,F,5,Graduate,Married,Less than $40K,Blue,20,1,2,0,5515.84,3940.67,2660.38,0.441
10046,48,M,3,Post-Graduate,Single,$60K - $80K,Gold,51,6,3,5,1747.49,513.9,797.8,0.453
10047,37,F,3,Graduate,Married,$40K - $60K,Blue,20,3,5,4,5182.35,911.18,1191.32,0.196
10048,73,M,1,High School,Single,$60K - $80K,Blue,20,5,2,5,4721.3,2020.72,700.28,0.158
10049,32,M,0,Uneducated,Single,$60K - $80K,Silver,46,3,5,3,8068.41,4384.69,1544.57,0.194
10050,49,M,3,High School,Married,$40K - $60K,Blue,28,3,4,4,24301.19,12763.8,8559.61,0.398
10051,25,F,4,Uneducated,Married,$80K - $120K,Blue,53,3,5,4,6769.82,3239.2,4294.22,0.616
10052,43,M,3,Uneducated,Married,$40K - $60K,Blue,25,4,0,5,17648.26,2688.93,4081.14,0.245
10053,51,F,0,Doctorate,Divorced,$40K - $60K,Gold,35,2,2,5,3770.94,2397.48,2261.99,0.607
10054,70,M,3,Post-Graduate,Single,$60K - $80K,Blue,24,2,6,0,3906.26,1359.12,1671.7,0.461
10055,30,M,3,Graduate,Single,$60K - $80K,Gold,39,1,1,4,4802.85,984.72,3625.75,0.71
10056,67,F,3,Uneducated,Married,$80K - $120K,Blue,34,3,2,0,6949.04,767.08,1482.36,0.177
10057,31,F,3,Graduate,Single,$40K - $60K,Blue,44,2,3,3,3866.76,1321.28,1524.32,0.371
10058,70,M,4,Graduate,Divorced,$60K - $80K,Silver,39,1,5,2,2266.49,1093.77,227.17,0.057
10059,58,F,2,Post-Graduate,Single,Less than $40K,Blue,14,4,2,0,5570.19,2872.91,1660.9,0.323
10060,37,F,0,Graduate,Single,$120K +,Blue,45,3,4,5,2933.22,2123.4,1292.7,0.466
10061,40,F,2,Graduate,Married,$40K - $60K,Blue,38,5,2,6,10159.96,1597.18,6382.23,0.672
10062,59,M,0,Graduate,Married,$80K - $120K,Silver,40,4,4,1,7837.16,5799.82,1445.2,0.179
10063,73,M,1,Graduate,Married,Less than $40K,Blue,31,1,5,2,3621.94,1840.93,728.07,0.183
10064,63,F,1,Uneducated,Married,Less than $40K,Blue,55,4,1,3,7066.98,2600.37,3845.92,0.506
10065,27,M,0,Graduate,Married,$40K - $60K,Blue,17,5,5,6,4068.45,2732.92,1372.86,0.39
10066,25,F,1,Uneducated,Married,$80K - $120K,Gold,45,4,3,5,5344.36,2865.3,2245.37,0.411
10067,29,F,0,Post-Graduate,Married,$60K - $80K,Blue,32,1,0,2,5375.38,1580.91,3837.98,0.685
10068,65,F,3,Doctorate,Divorced,$120K +,Blue,42,5,1,5,4572.92,3058.64,1985.74,0.464
10069,27,F,5,Graduate,Single,$40K - $60K,Blue,20,5,1,0,8685.21,4487.05,4877.39,0.548
10070,52,F,0,Doctorate,Single,$60K - $80K,Blue,50,4,0,6,2971.92,1602.42,1679.5,0.522
10071,41,M,5,High School,Single,Less than $40K,Blue,29,5,2,5,7389.68,5006.31,5076.69,0.652
10072,49,F,2,Doctorate,Married,$80K - $120K,Blue,56,4,5,6,6502.84,2366.33,3574.32,0.553
10073,67,M,1,High School,Single,$40K - $60K,Blue,13,3,2,3,2540.17,1295.06,187.44,0.031
10074,57,M,0,Uneducated,Married,$120K +,Silver,15,5,2,1,3553.09,2029.82,1080.15,0.301
10075,33,F,2,Uneducated,Single,$120K +,Silver,38,4,5,0,3013.54,1108.25,2534.79,0.807
10076,59,F,3,Graduate,Married,$120K +,Blue,43,3,3,0,4496.11,487.45,823.25,0.145
10077,37,F,3,Graduate,Unknown,$60K - $80K,Gold,20,5,1,6,5648.46,3332.64,2863.69,0.487
10078,54,F,0,Post-Graduate,Married,$60K - $80K,Blue,55,3,4,3,3300.7,275.51,2375.32,0.726
10079,71,M,0,Graduate,Married,$80K - $120K,Gold,20,6,0,3,9372.4,5178.63,4750.34,0.52
10080,38,M,1,Uneducated,Divorced,Less than $40K,Blue,47,5,1,2,9840.72,6766.6,3237.44,0.366
10081,31,F,1,High School,Married,$60K - $80K,Blue,51,6,2,1,10844.73,3176.19,939.04,0.055
10082,37,M,1,High School,Single,Less than $40K,Gold,40,1,0,5,1233.46,149.8,394.93,0.376
10083,46,M,1,Uneducated,Single,$60K - $80K,Gold,16,1,4,2,16058.54,3420.55,2747.87,0.28
10084,63,M,3,Post-Graduate,Single,Less than $40K,Blue,28,4,1,5,6025.97,2673.1,4926.33,0.801
10085,44,M,4,Doctorate,Unknown,Less than $40K,Blue,25,2,1,5,5644.96,4007.14,3463.05,0.543
10086,39,M,1,Graduate,Unknown,$40K - $60K,Blue,32,6,3,5,5200.31,2124.84,3338.54,0.572
10087,68,M,4,Post-Graduate,Married,$40K - $60K,Blue,17,6,1,2,2659.3,342.83,1015.47,0.362
10088,41,M,1,Post-Graduate,Single,$60K - $80K,Blue,49,1,1,0,6703.4,3280.97,745.89,0.084
10089,70,M,2,Post-Graduate,,Less than $40K,Blue,32,6,4,3,13347.34,7514.44,3221.71,0.242
10090,47,F,1,Post-Graduate,Single,$60K - $80K,Gold,36,2,4,0,5986.23,1947.31,1410.12,0.256
10091,49,M,2,Graduate,Married,Less than $40K,Blue,48,3,0,1,2978.57,1653.28,1262.99,0.373
10092,48,M,5,Graduate,Single,$60K - $80K,Blue,46,3,2,2,2376.98,659.32,957.0,0.396
10093,68,F,2,Graduate,Unknown,$60K - $80K,Blue,46,2,4,1,4678.77,2818.32,1776.66,0.359
10094,64,M,1,Post-Graduate,Divorced,$60K - $80K,Blue,31,6,0,3,3652.94,1054.79,1576.83,0.513
10095,52,F,2,Graduate,Married,$80K - $120K,Blue,29,6,1,3,8094.33,1855.83,6793.0,0.784
10096,38,F,0,Post-Graduate,Married,$40K - $60K,Blue,17,6,0,4,11687.02,7776.86,3127.84,0.237
10097,68,M,4,Graduate,Married,$80K - $120K,Silver,37,4,0,1,7121.06,3090.05,3778.96,0.532
10098,24,M,2,Post-Graduate,Single,,Gold,30,5,0,0,5248.53,1310.08,1148.33,0.189
10099,48,F,2,Post-Graduate,Single,$40K - $60K,Blue,20,2,5,6,5113.35,3602.67,2082.58,0.453
10100,30,F,2,Graduate,Married,$60K - $80K,Blue,39,2,0,1,5719.29,3051.79,1064.02,0.145
10101,32,M,2,High School,Married,Less than $40K,Blue,27,2,4,2,2906.01,594.25,1404.47,0.447
10102,47,F,0,High School,Married,$60K - $80K,Gold,25,2,6,3,7659.86,3678.65,1838.06,0.289
10103,24,M,3,Post-Graduate,Single,$60K - $80K,Silver,28,2,6,3,3035.26,2001.0,153.39,0.003
10104,67,F,1,Doctorate,Divorced,$40K - $60K,Blue,34,6,6,1,10161.85,5460.04,7079.51,0.73
10105,31,M,3,High School,Single,Less than $40K,Blue,32,4,6,1,4503.98,996.87,569.54,0.108
10106,47,F,3,Post-Graduate,Married,Less than $40K,Gold,25,1,5,5,8685.83,4379.34,2827.0,0.301
10107,34,F,3,Graduate,Single,$120K +,Blue,32,6,2,1,2445.99,1182.42,1017.67,0.396
10108,40,F,2,Graduate,Married,$60K - $80K,Blue,14,6,0,5,8652.22,5404.09,3278.83,0.334
10109,31,M,2,Uneducated,Unknown,Less than $40K,Gold,47,5,3,2,11636.4,2032.8,7241.36,0.659
10110,58,M,0,Graduate,Married,$40K - $60K,Silver,31,1,6,2,2717.96,1467.0,1400.63,0.521
10111,58,M,3,Graduate,Single,$60K - $80K,Blue,49,2,1,0,5167.15,357.36,1370.11,0.301
10112,56,M,1,High School,Married,$80K - $120K,Blue,18,1,6,1,6612.33,3552.96,416.0,0.11
10113,28,M,2,High School,Single,Less than $40K,Blue,26,4,6,0,6792.88,4906.54,4463.63,0.679
10114,65,F,1,Graduate,Single,$40K - $60K,Blue,16,3,1,6,4563.06,785.17,1426.4,0.254
10115,62,M,0,High School,Single,$80K - $120K,Blue,34,6,5,4,4141.42,1109.53,3141.15,0.72
10116,64,M,2,Post-Graduate,Married,Less than $40K,Blue,51,1,1,2,6322.04,2895.56,2199.42,0.382
10117,51,F,0,Graduate,Married,Less than $40K,Blue,48,5,1,3,6676.89,3756.93,4110.67,0.618
10118,30,F,3,Graduate,Married,$120K +,Gold,46,4,5,5,3894.93,1133.66,3115.32,0.826
10119,32,F,1,High School,Single,$60K - $80K,Blue,39,3,1,4,3493.75,1799.22,1958.1,0.557
10120,31,F,0,Graduate,Married,$40K - $60K,Blue,19,4,0,3,10708.15,7276.14,3889.16,0.346
10121,35,M,2,Post-Graduate,Single,Less than $40K,Blue,15,2,6,4,5835.53,3259.68,2864.9,0.517
10122,57,M,0,Uneducated,Divorced,Less than $40K,Blue,45,3,2,0,1576.66,863.56,742.7,0.402
10123,56,F,1,High School,,$40K - $60K,Blue,14,5,5,0,10744.34,3410.03,5430.2,0.493
10124,71,F,3,Uneducated,Married,$80K - $120K,Blue,54,3,3,5,3960.3,2724.69,561.81,0.145
10125,46,M,0,Graduate,Married,$40K - $60K,Gold,28,5,5,2,5705.64,1392.9,3422.03,0.608
10126,47,F,4,Graduate,Married,$80K - $120K,Blue,37,2,4,6,6759.33,1309.26,948.91,0.089
10127,60,M,0,Graduate,Single,$120K +,Gold,27,5,3,5,2432.02,741.66,78.15,0.0
10128,58,M,1,High School,Single,$40K - $60K,Platinum,36,4,4,6,4692.22,2370.08,2527.08,0.523
10129,67,F,3,High School,Married,Less than $40K,Blue,27,1,5,3,11352.23,7414.99,1328.65,0.115
10130,63,F,1,Post-Graduate,Married,$60K - $80K,Blue,43,4,4,4,10013.12,1426.42,6603.07,0.722
10131,45,F,0,Graduate,Single,$120K +,Platinum,26,6,3,5,4688.21,2905.1,3463.42,0.704
10132,50,M,1,Uneducated,Divorced,$80K - $120K,Platinum,26,4,0,6,8153.58,5046.87,6556.55,0.784
10133,58,F,1,Graduate,Married,Less than $40K,Blue,18,3,5,1,8766.05,4039.78,5009.94,0.635
10134,24,M,4,High School,Single,$60K - $80K,Blue,26,2,5,1,8523.47,4964.53,3580.47,0.463
10135,58,M,1,Post-Graduate,Married,$60K - $80K,Blue,29,6,1,2,2928.34,519.24,914.79,0.268
10136,60,F,3,Graduate,Married,$120K +,Platinum,30,6,5,6,13563.48,2288.3,5797.95,0.454
10137,70,F,4,Graduate,Divorced,Less than $40K,Blue,32,6,6,5,4261.56,2786.89,758.53,0.211
10138,37,F,2,Post-Graduate,Single,$60K - $80K,Blue,29,1,6,3,5840.89,2328.79,1805.95,0.317
10139,26,F,4,Uneducated,Single,$80K - $120K,Gold,28,5,5,1,4533.72,1007.19,2792.24,0.569
10140,24,F,1,Doctorate,Married,$40K - $60K,Blue,52,3,0,2,6240.85,3320.83,1251.05,0.177
10141,28,F,5,Post-Graduate,Single,$40K - $60K,Blue,51,2,1,5,3419.19,2305.6,817.79,0.214
10142,49,M,0,Post-Graduate,Married,Less than $40K,Blue,44,1,2,2,4859.48,2393.91,3119.51,0.663
10143,37,M,3,Uneducated,Married,$40K - $60K,Gold,56,4,4,3,6081.58,1782.76,1019.3,0.15
10144,62,M,2,Graduate,Single,$40K - $60K,Blue,21,2,3,1,10786.6,4188.07,2417.13,0.213
10145,50,M,1,High School,Married,$120K +,Blue,39,6,2,1,10093.67,5819.9,348.88,0.01
10146,32,F,2,Graduate,Single,$40K - $60K,Blue,45,2,1,1,10378.66,1009.33,6410.3,0.555
10147,38,M,3,Graduate,Single,$40K - $60K,Blue,22,2,6,6,8868.51,1791.57,4725.67,0.637
10148,38,M,0,Post-Graduate,Married,$60K - $80K,Blue,29,4,6,0,15186.69,5676.91,9056.43,0.612
10149,49,M,0,Post-Graduate,Married,Less than $40K,Blue,48,5,6,6,4688.77,2217.64,927.87,0.257
10150,65,F,3,Post-Graduate,Married,$40K - $60K,Blue,29,3,0,1,5042.87,1449.4,2977.93,0.546
10151,36,M,3,High School,Married,$80K - $120K,Silver,30,6,6,4,4929.95,1276.23,2538.89,0.576
10152,55,F,5,Post-Graduate,Single,$80K - $120K,Silver,35,5,3,0,5318.15,419.97,1722.45,0.308
10153,62,M,3,Graduate,Single,$60K - $80K,Blue,46,1,4,5,2496.34,181.79,957.09,0.405
10154,72,M,5,Post-Graduate,Married,$60K - $80K,Blue,20,6,5,6,6362.15,1559.28,3126.2,0.531
10155,55,F,3,Graduate,Married,Less than $40K,Blue,25,3,5,0,7225.22,3044.38,3102.74,0.49
10156,27,F,1,Graduate,Single,$120K +,Silver,35,1,2,0,4773.95,2097.96,2638.64,0.551
10157,53,M,0,High School,Single,Less than $40K,Blue,32,4,4,6,2092.19,828.13,356.12,0.13
10158,60,F,3,High School,Married,$80K - $120K,Blue,34,5,1,6,5565.21,1875.01,2608.91,0.468
10159,46,F,2,Doctorate,Married,$40K - $60K,Blue,35,6,4,0,2698.4,611.47,1062.45,0.417
10160,62,M,0,Uneducated,Single,$120K +,Blue,53,2,0,2,6957.15,2299.24,2801.28,0.381
10161,68,F,1,Post-Graduate,Married,$80K - $120K,Blue,47,3,2,4,5873.02,864.11,2405.51,0.393
10162,38,F,5,High School,Married,$80K - $120K,Blue,15,6,2,3,6198.47,810.03,4658.9,0.69
10163,66,F,2,Graduate,Single,Less than $40K,Blue,46,2,0,1,3068.47,797.68,2146.27,0.66
10164,52,F,2,Post-Graduate,Single,$40K - $60K,Blue,45,6,4,6,11007.97,8220.14,5972.3,0.56
10165,59,F,2,Doctorate,Single,$60K - $80K,Blue,29,1,6,0,6039.75,1682.36,3712.54,0.65
10166,36,F,1,High School,Single,$80K - $120K,Blue,31,2,0,3,3326.49,2346.9,184.71,0.1
10167,55,F,1,High School,Single,Less than $40K,Blue,42,2,6,6,7565.14,2455.52,4822.88,0.729
10168,30,F,1,Post-Graduate,Married,$120K +,Blue,35,6,3,2,5803.74,2073.72,2457.98,0.483
10169,45,F,0,Graduate,Married,$120K +,Blue,27,4,0,3,15105.4,9183.24,4285.86,0.278
10170,51,F,3,Graduate,Married,$40K - $60K,Blue,26,4,6,0,4057.91,468.88,551.94,0.099
10171,25,F,1,High School,Married,$80K - $120K,Blue,14,5,4,5,2769.33,491.89,228.26,0.072
10172,65,M,3,Graduate,Single,$60K - $80K,Blue,51,1,6,4,6448.77,4718.49,369.23,0.035
10173,68,F,4,Uneducated,Divorced,$40K - $60K,Blue,30,4,0,3,9597.21,3878.64,1480.76,0.161
10174,29,F,1,Uneducated,Unknown,$40K - $60K,Blue,18,6,1,6,19734.75,1598.85,888.45,0.081
10175,51,M,3,Graduate,,$60K - $80K,Gold,44,4,5,0,35000.0,2910.83,21983.26,0.647
10176,51,F,2,Graduate,Married,$80K - $120K,Blue,33,5,0,6,2342.27,1604.62,530.17,0.289
10177,67,M,4,High School,Married,$40K - $60K,Blue,52,3,5,0,5105.75,3376.72,1664.75,0.342
10178,67,M,1,Graduate,Single,$60K - $80K,Blue,40,5,0,1,2774.39,1028.96,1949.99,0.652
10179,43,F,3,Graduate,Single,$60K - $80K,Blue,39,2,4,5,4800.34,788.48,552.83,0.092
10180,53,M,2,Post-Graduate,Single,$80K - $120K,Blue,14,2,3,1,21482.36,13559.65,15328.59,0.73
10181,34,F,1,Graduate,Single,Less than $40K,Blue,45,4,3,5,3504.01,971.38,1930.07,0.56
10182,51,F,0,Graduate,Single,$80K - $120K,Blue,28,4,5,4,5434.0,1865.71,1651.31,0.356
10183,48,M,3,High School,Single,$40K - $60K,Blue,51,5,4,1,3995.92,2108.78,470.64,0.118
10184,62,M,3,Graduate,Married,$40K - $60K,Blue,34,5,6,4,3167.48,941.94,303.88,0.089
10185,56,M,1,High School,Single,$40K - $60K,Silver,55,6,4,6,14743.21,7225.19,4400.51,0.236
10186,24,F,2,High School,,$40K - $60K,Gold,25,1,4,2,2358.81,1579.69,321.94,0.104
10187,50,F,1,Uneducated,Married,$80K - $120K,Blue,14,6,1,2,5255.98,3196.48,1273.0,0.255
10188,36,F,3,Graduate,Single,$40K - $60K,Blue,26,2,2,5,5772.63,1830.66,369.18,0.072
10189,64,M,0,Graduate,,$80K - $120K,Blue,50,6,0,5,5400.93,1358.63,2775.31,0.538
10190,26,F,4,Uneducated,Unknown,Less than $40K,Blue,53,5,4,1,4623.3,1155.17,649.94,0.159
10191,62,F,1,Uneducated,Married,$40K - $60K,Blue,40,6,4,2,13364.96,3929.48,8661.67,0.644
10192,29,F,1,Graduate,Single,$120K +,Blue,19,3,4,3,1721.53,680.8,346.17,0.161
10193,31,M,0,Doctorate,Married,$80K - $120K,Blue,30,1,3,3,6992.21,2388.67,4770.93,0.682
10194,50,F,0,Graduate,Single,Less than $40K,Blue,53,5,4,6,7165.64,1025.42,1272.63,0.176
10195,32,F,2,Graduate,Married,$60K - $80K,Blue,48,4,0,3,6440.41,1058.93,3984.9,0.674
10196,60,F,1,Graduate,Married,$40K - $60K,Blue,53,6,6,6,3482.62,1010.14,1032.43,0.35
10197,56,M,4,Post-Graduate,Single,$40K - $60K,Silver,48,5,6,2,10670.84,4731.93,5377.99,0.485
10198,65,F,0,Post-Graduate,Divorced,$80K - $120K,Blue,56,4,4,3,10381.1,4825.81,540.74,0.027
10199,67,F,1,Graduate,Married,$80K - $120K,Blue,16,4,0,4,3415.76,1333.32,1472.37,0.377
10200,47,M,1,High School,Married,$40K - $60K,Blue,42,2,1,0,2845.99,1614.08,408.15,0.137
10201,38,F,0,Post-Graduate,Single,$120K +,Blue,36,2,6,5,2559.06,1448.62,1084.13,0.405
10202,55,F,0,High School,Single,$60K - $80K,Blue,32,5,2,1,6225.92,2174.96,854.99,0.242
10203,55,M,1,Graduate,Divorced,$40K - $60K,Blue,43,5,3,6,5643.35,773.75,2160.18,0.338
10204,47,M,2,Post-Graduate,Married,$60K - $80K,Blue,36,3,0,4,4509.29,1898.96,504.21,0.114
10205,64,F,1,Post-Graduate,Single,$60K - $80K,Blue,19,1,6,3,17278.67,5477.83,3499.96,0.177
10206,72,M,2,Post-Graduate,Married,$60K - $80K,Blue,38,1,6,0,4268.03,625.46,2193.41,0.515
10207,72,F,2,Uneducated,Married,$40K - $60K,Blue,25,5,5,1,6097.46,4495.49,5064.72,0.817
10208,35,M,0,Graduate,Single,$60K - $80K,Blue,20,2,1,4,4942.54,1526.4,1941.55,0.425
10209,62,F,2,Post-Graduate,Single,Less than $40K,Blue,17,6,2,1,16191.12,7902.21,9558.5,0.608
10210,25,M,5,,Single,$80K - $120K,Blue,56,3,2,6,1841.22,723.77,861.18,0.499
10211,26,F,2,High School,Married,$60K - $80K,Blue,25,1,2,6,4638.07,695.62,2011.24,0.404
10212,72,F,3,High School,Married,Less than $40K,Platinum,41,5,0,5,7710.54,685.32,568.3,0.117
10213,60,F,1,Graduate,Married,$80K - $120K,Blue,32,2,1,2,4866.79,2375.18,680.22,0.12
10214,72,F,3,Graduate,Unknown,$120K +,Blue,26,2,4,6,2684.15,598.34,2021.0,0.697
10215,40,M,3,Post-Graduate,Married,$120K +,Blue,44,2,5,3,6061.01,1336.8,2184.61,0.353
10216,72,F,2,Doctorate,Married,$40K - $60K,Gold,39,6,1,4,2254.71,1623.13,1194.76,0.534
10217,25,M,5,High School,Married,Less than $40K,Silver,37,4,1,4,7951.63,2967.88,3645.29,0.408
10218,25,M,0,High School,Single,$60K - $80K,Blue,16,6,6,0,4381.77,309.35,1465.58,0.369
10219,51,M,0,Uneducated,Married,Less than $40K,Blue,33,2,1,0,3994.58,1150.0,1365.7,0.309
10220,46,M,3,High School,Divorced,$120K +,Blue,30,5,0,0,9777.99,4489.51,4703.56,0.447
10221,60,F,3,Graduate,Married,Less than $40K,Blue,51,3,5,1,3167.6,886.92,434.43,0.137
10222,55,F,0,Graduate,Divorced,$40K - $60K,Silver,27,6,0,3,2354.65,161.99,803.94,0.376
10223,56,M,1,Graduate,Married,$40K - $60K,Blue,50,5,5,1,3333.37,1203.41,1303.31,0.342
10224,24,M,0,High School,Single,,Blue,36,2,5,3,16955.6,2104.77,14202.94,0.875
10225,42,F,1,High School,Divorced,$80K - $120K,Silver,20,3,6,4,3166.79,1530.86,987.11,0.225
10226,25,M,3,High School,Married,$40K - $60K,Silver,40,1,0,6,6724.69,3252.81,3732.21,0.568
10227,67,M,2,Graduate,Unknown,Less than $40K,Blue,33,1,5,6,8745.96,668.47,1172.44,0.089
10228,49,M,1,Graduate,Married,$40K - $60K,Blue,28,5,1,1,3280.14,831.41,243.88,0.042
10229,55,F,1,Graduate,Divorced,$60K - $80K,Blue,28,3,0,1,3282.48,1114.67,2440.13,0.813
10230,29,F,0,Post-Graduate,Single,Less than $40K,Gold,47,5,5,1,6072.89,2642.83,3804.73,0.587
10231,55,M,1,Doctorate,Married,$60K - $80K,Gold,29,3,2,2,6225.63,1601.51,1765.12,0.281
10232,27,M,2,High School,Married,$60K - $80K,Blue,21,3,0,5,11541.36,2901.76,5064.35,0.396
10233,34,F,5,Graduate,Married,$80K - $120K,Blue,47,5,6,3,3602.65,2659.15,477.96,0.163
10234,40,F,4,Post-Graduate,Married,$120K +,Gold,41,3,3,6,4469.42,354.44,2712.68,0.623
10235,61,M,0,Graduate,Married,$120K +,Blue,51,6,0,3,26202.8,19451.17,2053.63,0.1
10236,47,F,4,Graduate,Married,$120K +,Blue,30,2,0,1,2051.98,171.19,1330.38,0.694
10237,28,M,3,Post-Graduate,Married,$40K - $60K,Silver,24,3,0,2,1833.12,461.65,868.67,0.46
10238,57,M,3,Uneducated,Single,Less than $40K,Blue,31,6,5,1,2570.44,1016.82,646.33,0.294
10239,29,F,2,Doctorate,Married,$40K - $60K,Blue,34,3,0,3,10080.78,1515.23,7418.82,0.796
10240,45,M,1,Graduate,Married,$120K +,Gold,27,6,3,5,4321.88,624.05,3623.64,0.85
10241,34,F,1,Post-Graduate,Single,$120K +,Silver,13,5,4,6,4321.02,991.32,998.63,0.187
10242,71,M,0,Graduate,Married,$80K - $120K,Blue,14,1,0,5,3234.5,2365.89,2229.17,0.641
10243,39,M,1,Post-Graduate,Married,Less than $40K,Blue,20,4,2,4,9114.61,2880.96,5857.4,0.66
10244,56,F,1,Graduate,Married,$120K +,Blue,34,3,3,2,2592.42,1156.73,1659.58,0.596
10245,32,M,2,High School,Divorced,$40K - $60K,Blue,37,4,4,5,3994.51,2169.03,3253.55,0.761
10246,29,F,3,Post-Graduate,Single,Less than $40K,Blue,14,3,5,2,3305.69,1882.77,1401.26,0.459
10247,39,M,2,Graduate,Married,$40K - $60K,Silver,21,5,0,1,1264.91,672.46,733.09,0.561
10248,52,M,0,Graduate,Single,Less than $40K,Blue,21,5,4,4,4227.95,1208.56,2975.71,0.801
10249,26,M,5,Uneducated,Single,$60K - $80K,Blue,25,6,2,3,5323.87,682.57,2225.46,0.392
10250,43,F,5,High School,Single,$40K - $60K,Blue,18,3,3,5,3590.21,887.51,1506.41,0.4
10251,59,M,3,Graduate,Single,$40K - $60K,Platinum,42,5,3,5,4745.5,935.84,1350.02,0.299
10252,42,F,5,High School,Single,$60K - $80K,Blue,27,5,5,0,4812.92,699.77,3215.44,0.676
10253,49,M,2,Post-Graduate,Married,$80K - $120K,Blue,27,3,5,6,5111.97,343.26,3013.72,0.586
10254,26,F,5,Post-Graduate,Married,$60K - $80K,Blue,19,6,5,3,3080.28,2171.62,1215.0,0.39
10255,42,M,0,Graduate,Married,$40K - $60K,Blue,23,6,4,5,2984.49,2073.4,1098.44,0.498
10256,43,F,1,Post-Graduate,Divorced,$80K - $120K,Blue,52,6,0,5,5643.86,481.38,452.92,0.147
10257,55,F,1,Graduate,Single,$120K +,Blue,50,6,1,3,2442.2,418.01,62.02,0.059
10258,30,F,0,Post-Graduate,Single,Less than $40K,Blue,52,1,3,4,4888.96,721.86,2243.94,0.41
10259,64,F,0,Graduate,Unknown,$60K - $80K,Blue,14,3,1,2,13521.32,3337.82,4955.82,0.364
10260,56,F,2,Graduate,Married,$40K - $60K,Blue,51,1,6,3,5383.8,1038.26,3664.81,0.707
10261,63,F,3,Uneducated,Single,Less than $40K,Blue,22,5,3,2,2014.03,1434.19,947.41,0.5
10262,62,M,2,Graduate,Single,$60K - $80K,Blue,56,1,5,4,6071.76,661.33,4842.02,0.849
10263,41,M,0,High School,Unknown,,Blue,29,6,0,4,8627.18,1709.64,1577.02,0.157
10264,63,F,3,Graduate,Unknown,Less than $40K,Blue,19,5,0,1,3551.34,378.24,2989.61,0.84
10265,24,F,2,Uneducated,Single,$80K - $120K,Blue,52,1,3,0,4666.1,3435.51,1247.12,0.237
10266,34,F,1,Graduate,Married,$80K - $120K,Blue,51,1,4,4,3394.03,2351.69,1877.62,0.607
10267,51,M,3,High School,,$120K +,Blue,16,3,6,4,4265.45,2353.0,1862.03,0.464
10268,48,M,1,Graduate,Married,$40K - $60K,Blue,47,1,5,2,3814.07,1327.99,1214.58,0.298
10269,73,M,1,Graduate,Single,$120K +,Blue,48,5,0,4,6989.2,1279.9,947.92,0.145
10270,46,F,4,High School,Divorced,$40K - $60K,Platinum,43,6,6,3,13691.74,2807.39,1806.11,0.134
10271,54,M,1,Post-Graduate,Married,$60K - $80K,Gold,37,3,6,1,5675.83,2044.03,3465.38,0.575
10272,53,M,2,Uneducated,Single,Less than $40K,Blue,53,1,0,1,2355.59,1384.51,785.45,0.371
10273,65,M,4,Graduate,Married,Less than $40K,Blue,25,3,2,3,22107.93,5202.23,18081.57,0.821
10274,58,M,3,Graduate,Married,$80K - $120K,Blue,30,4,6,5,7578.7,2027.71,2200.01,0.269
10275,30,F,0,Graduate,Married,$40K - $60K,Blue,33,3,0,4,8476.58,3983.66,7089.17,0.8
10276,39,M,0,High School,Single,$40K - $60K,Blue,13,6,2,6,5310.57,1149.26,1011.67,0.225
10277,49,F,0,Uneducated,Divorced,Less than $40K,Blue,48,4,0,0,6251.05,2868.94,658.46,0.116
10278,71,M,2,Graduate,Divorced,$60K - $80K,Blue,20,4,0,4,4557.36,1462.87,1273.48,0.252
10279,72,M,2,Graduate,Married,Less than $40K,Gold,33,3,6,1,9041.1,669.56,6826.35,0.735
10280,25,M,0,Post-Graduate,Divorced,$80K - $120K,Blue,55,5,4,0,4229.89,1403.86,1916.72,0.453
10281,24,M,5,Graduate,Single,,Silver,33,6,4,6,7198.73,4993.53,954.48,0.135
10282,71,M,2,Post-Graduate,Married,Less than $40K,Silver,39,5,5,5,9373.81,2391.99,1762.97,0.196
10283,35,M,1,High School,Married,$40K - $60K,Blue,31,6,0,2,10913.63,3011.97,3037.77,0.208
10284,28,F,2,Doctorate,Married,$40K - $60K,Blue,35,6,5,2,9701.85,932.92,4946.38,0.515
10285,60,M,3,Uneducated,Divorced,$40K - $60K,Blue,55,5,5,6,3132.3,1505.17,926.77,0.247
10286,55,F,0,Post-Graduate,Single,$40K - $60K,Blue,47,2,5,4,13062.67,8418.49,8360.83,0.697
10287,32,F,1,Uneducated,Single,$120K +,Blue,52,4,5,4,7925.54,2354.25,4212.61,0.573
10288,64,F,3,High School,Married,$60K - $80K,Blue,54,3,3,0,6506.65,1419.57,4849.24,0.792
10289,58,M,2,Graduate,Single,Less than $40K,Blue,17,5,6,0,6932.57,4988.87,3021.2,0.337
10290,42,M,2,Post-Graduate,Married,$40K - $60K,Gold,53,5,6,5,5041.15,2881.27,1486.52,0.283
10291,71,M,2,Graduate,Married,$80K - $120K,Blue,20,3,3,4,4255.05,1902.07,3603.62,0.844
10292,39,M,0,Graduate,Single,$40K - $60K,Platinum,23,4,0,1,4490.98,1185.04,1415.45,0.338
10293,26,F,0,Graduate,Married,Less than $40K,Blue,28,3,3,2,11169.85,2284.89,4196.96,0.412
10294,43,M,2,High School,Single,$80K - $120K,Silver,51,6,0,5,5750.73,3168.77,3977.06,0.743
10295,47,M,1,Graduate,Married,$60K - $80K,Blue,36,2,4,0,6421.76,2666.65,600.87,0.001
10296,56,F,0,High School,Single,$60K - $80K,Blue,33,6,6,1,5684.97,2355.96,1937.36,0.309
10297,47,F,4,Post-Graduate,Married,Less than $40K,Gold,35,2,1,4,3809.09,386.99,347.16,0.093
10298,34,F,5,Graduate,Single,Less than $40K,Blue,50,3,2,3,1688.76,689.92,229.04,0.169
10299,72,M,3,High School,Married,$60K - $80K,Blue,20,6,6,0,8394.23,5254.12,200.22,0.056
10300,31,M,4,Graduate,Married,Less than $40K,Blue,19,4,3,5,7919.09,5644.41,221.11,0.047
10301,59,M,1,Post-Graduate,Divorced,$60K - $80K,Blue,14,6,3,3,5465.45,681.42,1834.42,0.31
10302,61,M,5,Uneducated,Married,$60K - $80K,Blue,42,5,4,1,3019.58,1485.08,2088.36,0.671
10303,63,M,0,Graduate,Single,$40K - $60K,Silver,25,2,3,6,14972.25,6705.22,7594.13,0.482
10304,43,M,5,Graduate,Unknown,$120K +,Blue,35,2,0,2,4559.05,3069.24,2493.7,0.508
10305,58,M,5,Doctorate,Married,$80K - $120K,Blue,41,4,0,6,6304.64,3630.66,2843.25,0.411
10306,71,M,3,Graduate,Married,$80K - $120K,Gold,50,2,1,6,3736.0,2711.15,2616.8,0.657
10307,48,M,5,High School,Single,Less than $40K,Blue,49,2,1,6,2617.98,1890.24,1965.36,0.764
10308,58,F,2,Graduate,Unknown,Less than $40K,Blue,32,4,6,1,7606.83,1582.07,5517.12,0.73
10309,48,F,1,Uneducated,Divorced,$60K - $80K,Blue,45,6,1,2,2409.22,1343.73,1672.17,0.657
10310,52,F,2,Graduate,Single,Less than $40K,Blue,41,3,0,1,6238.37,2628.64,1070.83,0.103
10311,41,M,2,Graduate,Single,$120K +,Blue,27,6,5,6,6248.35,1251.05,3204.89,0.498
10312,69,M,0,High School,Married,Less than $40K,Blue,35,5,5,0,2970.94,553.81,1494.96,0.562
10313,41,M,2,High School,Unknown,$40K - $60K,Blue,54,5,1,6,2695.86,287.81,1235.23,0.458
10314,25,F,5,Graduate,Unknown,$40K - $60K,Blue,15,2,1,0,3600.27,2184.94,1508.78,0.451
10315,58,F,0,Post-Graduate,Married,$60K - $80K,Blue,49,5,0,5,3894.6,1079.4,366.14,0.101
10316,39,M,3,High School,Married,Less than $40K,Silver,41,3,4,6,2371.2,1540.99,248.49,0.102
10317,64,F,4,Uneducated,Married,$40K - $60K,Blue,20,2,6,3,2962.17,1409.46,2277.59,0.71
10318,59,M,5,Post-Graduate,Married,$40K - $60K,Blue,34,5,3,1,5734.47,2990.77,3114.13,0.527
10319,56,F,5,Graduate,Single,$80K - $120K,Platinum,41,1,6,6,16428.88,4175.76,3905.53,0.216
10320,27,F,2,Doctorate,Married,Less than $40K,Blue,14,1,2,1,9573.08,3543.05,2410.69,0.311
10321,56,F,5,High School,Married,$120K +,Gold,53,1,5,6,6007.65,2034.32,3162.8,0.534
10322,37,F,3,Graduate,Married,$80K - $120K,Blue,13,1,5,3,10230.12,2199.29,3659.89,0.409
10323,44,F,0,Post-Graduate,Unknown,$40K - $60K,Silver,56,6,0,6,10383.86,6570.48,4011.28,0.431
10324,71,M,2,Doctorate,Single,$80K - $120K,Blue,32,1,6,4,4650.66,2257.71,327.13,0.037
10325,43,F,3,Doctorate,Married,Less than $40K,Blue,33,2,0,5,6338.17,482.98,856.63,0.135
10326,31,M,1,Graduate,Married,$120K +,Blue,49,4,2,1,9417.71,5876.1,3263.06,0.414
10327,30,F,2,Uneducated,Unknown,$60K - $80K,Blue,20,6,6,5,10152.38,1261.19,6098.94,0.623
10328,26,F,3,High School,Single,$40K - $60K,Gold,39,4,2,1,10206.12,3394.43,610.95,0.08
10329,40,F,0,Uneducated,Married,$40K - $60K,Blue,47,2,1,1,3126.43,1406.52,930.68,0.334
10330,56,M,2,Uneducated,Married,Less than $40K,Blue,18,2,6,4,10496.34,581.03,6265.37,0.616
10331,71,F,3,High School,Married,$120K +,Blue,56,3,2,6,15282.23,7748.64,10352.22,0.699
10332,35,F,2,Post-Graduate,Married,Less than $40K,Blue,31,6,3,0,12505.06,6399.99,2224.44,0.19
10333,45,F,0,High School,Single,$60K - $80K,Blue,30,4,3,5,3027.42,1534.2,1898.6,0.614
10334,45,M,0,Graduate,Divorced,$40K - $60K,Blue,13,1,5,3,2636.39,433.5,2143.36,0.771
10335,69,M,1,Graduate,Single,$120K +,Blue,37,2,3,5,7103.75,1626.85,5488.74,0.698
10336,53,M,4,Graduate,Single,$40K - $60K,Blue,39,1,6,6,12377.83,2762.27,8357.29,0.662
10337,61,M,1,Uneducated,Married,$60K - $80K,Platinum,19,4,3,4,6228.53,4497.29,3807.07,0.629
10338,61,F,2,Post-Graduate,Single,$40K - $60K,Blue,56,6,3,2,4833.21,470.13,1039.94,0.225
10339,68,M,1,Graduate,Single,$60K - $80K,Blue,54,5,1,2,5233.83,1832.54,2858.4,0.572
10340,31,F,1,Doctorate,Married,Less than $40K,Gold,41,5,5,4,9640.94,6361.84,5340.28,0.549
10341,50,M,4,Uneducated,Married,Less than $40K,Blue,43,2,0,6,4608.32,2712.58,1648.22,0.467
10342,50,M,3,High School,Single,,Blue,56,3,5,4,7165.47,4483.5,3075.44,0.51
10343,57,F,0,Uneducated,Married,$80K - $120K,Blue,55,1,5,0,5119.46,3740.31,3051.42,0.535
10344,44,F,1,High School,Married,Less than $40K,Blue,48,2,5,5,3374.21,1083.4,2733.93,0.837
10345,53,M,0,Doctorate,Single,$60K - $80K,Blue,31,3,2,6,3231.89,862.13,856.79,0.304
10346,56,F,2,Graduate,Unknown,Less than $40K,Blue,18,1,0,5,7342.42,524.7,1648.24,0.14
10347,51,F,3,High School,Single,$80K - $120K,Blue,37,4,2,2,1242.07,192.54,645.26,0.526
10348,70,M,0,Graduate,Single,$120K +,Silver,43,5,1,6,7158.8,3174.29,920.36,0.149
10349,56,F,1,Post-Graduate,Married,$60K - $80K,Blue,21,3,1,3,5007.35,802.99,2521.21,0.503
10350,28,F,1,Graduate,Single,$40K - $60K,Gold,32,1,4,5,9254.35,5232.53,867.57,0.109
10351,71,F,4,High School,Single,$40K - $60K,Blue,22,2,4,1,7656.49,582.37,3270.73,0.43
10352,42,M,5,Post-Graduate,Divorced,Less than $40K,Blue,49,1,1,1,5636.65,1305.68,3015.29,0.563
10353,27,F,0,Uneducated,Married,$40K - $60K,Blue,39,2,1,0,3057.81,1641.48,239.09,0.14
10354,58,M,3,Graduate,Single,$60K - $80K,Gold,25,5,2,6,3150.21,720.93,604.12,0.223
10355,72,M,1,Graduate,Single,$60K - $80K,Blue,53,5,1,0,3857.49,2160.7,1150.92,0.345
10356,40,M,1,Graduate,Married,$120K +,Blue,14,1,6,6,8868.23,6625.5,2890.48,0.284
10357,67,M,3,High School,Married,$40K - $60K,Gold,33,1,0,2,14549.2,8845.31,8455.51,0.662
10358,51,F,4,Doctorate,Married,$60K - $80K,Blue,45,2,2,3,6594.19,1907.6,3027.31,0.472
10359,53,F,5,Doctorate,Married,$40K - $60K,Gold,36,2,1,3,3977.6,2706.42,1341.05,0.322
10360,52,F,2,Graduate,Divorced,$60K - $80K,Blue,56,3,2,4,4212.2,361.52,1659.86,0.411
10361,69,M,1,Graduate,Married,$40K - $60K,Silver,54,3,2,0,4320.16,2408.51,132.93,0.009
10362,29,M,3,Doctorate,Married,$40K - $60K,Gold,46,3,3,6,9745.55,646.38,6427.54,0.665
10363,58,M,1,Graduate,Single,$40K - $60K,Blue,21,1,4,5,4273.9,735.92,230.94,0.066
10364,64,F,2,Doctorate,Married,$60K - $80K,Blue,14,6,2,1,5369.42,3980.4,3803.34,0.681
10365,60,M,1,Post-Graduate,Single,$120K +,Blue,42,6,5,5,11523.49,3487.23,5404.83,0.475
10366,47,F,3,Doctorate,Married,$40K - $60K,Gold,34,6,6,1,4025.44,2513.28,1844.01,0.43
10367,52,F,1,Post-Graduate,Unknown,Less than $40K,Blue,23,6,6,2,7471.77,2340.61,4518.93,0.577
10368,72,M,0,Graduate,Divorced,$60K - $80K,Blue,55,3,2,1,9025.0,5758.13,6619.25,0.693
10369,69,F,4,Uneducated,Divorced,$60K - $80K,Blue,29,1,5,5,5695.3,4133.69,4569.89,0.787
10370,54,M,0,Graduate,Married,Less than $40K,Blue,48,6,6,5,16111.17,5717.46,7588.31,0.449
10371,58,F,2,Post-Graduate,Single,$80K - $120K,Blue,25,5,3,3,13745.99,6069.47,1993.81,0.164
10372,56,F,1,Graduate,Married,$120K +,Blue,19,4,1,6,6356.33,3114.9,4762.57,0.793
10373,44,M,0,Post-Graduate,Married,$120K +,Blue,28,5,2,3,3534.77,2489.84,190.02,0.08
10374,55,M,0,Graduate,Married,Less than $40K,Blue,45,1,3,0,3627.85,833.39,2503.54,0.729
10375,46,F,0,High School,Single,$80K - $120K,Blue,13,1,0,5,6182.36,2954.39,3615.13,0.62
10376,56,F,4,High School,Married,$60K - $80K,Blue,23,4,3,6,3019.92,837.44,2328.13,0.734
10377,26,M,1,Post-Graduate,Single,$40K - $60K,Silver,18,2,4,2,6376.8,1287.18,4877.58,0.752
10378,41,F,5,Post-Graduate,Married,$60K - $80K,Gold,32,2,4,1,13918.25,1523.27,892.41,0.135
10379,48,F,2,Graduate,Married,$80K - $120K,Blue,47,2,1,0,5692.31,2757.91,2993.25,0.504
10380,65,F,2,Graduate,Single,$40K - $60K,Blue,56,3,5,4,5442.98,3632.97,672.08,0.198
10381,54,M,2,Post-Graduate,Married,$40K - $60K,Blue,49,2,1,4,8793.42,2602.63,748.57,0.068
10382,26,F,2,High School,Single,$60K - $80K,Blue,53,3,6,6,7340.51,3206.83,2877.99,0.31
10383,63,F,3,,Married,$60K - $80K,Blue,38,3,5,1,2924.66,1460.85,295.41,0.091
10384,69,M,1,High School,Single,Less than $40K,Blue,24,2,5,1,4281.78,1456.9,2672.51,0.658
10385,47,M,1,High School,Single,$120K +,Blue,42,2,5,6,15586.78,10635.54,12846.95,0.891
10386,73,F,4,Graduate,Married,$60K - $80K,Gold,40,4,5,1,6578.08,1999.27,3241.37,0.434
10387,55,M,5,Graduate,Married,$60K - $80K,Blue,39,6,4,3,3162.02,434.8,680.44,0.248
10388,70,F,4,High School,Single,Less than $40K,Blue,54,4,6,1,4949.23,746.41,3562.76,0.756
10389,45,M,1,Graduate,Single,$60K - $80K,Blue,31,3,4,4,2063.34,1389.87,1502.27,0.78
10390,46,M,3,Graduate,Married,Less than $40K,Gold,17,4,2,1,1980.03,1468.4,1243.88,0.521
10391,25,F,2,Graduate,Married,Less than $40K,Blue,17,3,6,5,9440.39,2381.4,5008.69,0.597
10392,50,M,2,Graduate,Divorced,$60K - $80K,Blue,53,1,4,6,5486.49,825.84,4061.47,0.758
10393,65,M,1,Doctorate,Single,$40K - $60K,Blue,39,3,1,2,7316.49,2835.5,1137.95,0.174
10394,25,M,2,High School,Married,$60K - $80K,Blue,40,3,4,4,10397.7,5684.11,8247.75,0.835
10395,49,F,0,Graduate,Single,Less than $40K,Blue,38,4,6,2,6629.03,3173.2,5344.18,0.726
10396,40,M,1,High School,Married,$40K - $60K,Blue,39,6,6,4,8231.38,5891.82,6122.12,0.784
10397,63,M,4,High School,Single,Less than $40K,Blue,54,1,1,0,6336.13,3943.89,1444.95,0.323
10398,56,F,1,Graduate,Married,$120K +,Blue,33,5,0,5,11159.23,7345.9,8171.77,0.678
10399,32,M,0,Graduate,Unknown,$60K - $80K,Blue,13,5,6,4,14587.2,6260.35,6316.84,0.43
10400,66,F,0,Uneducated,Single,$60K - $80K,Silver,40,6,4,5,6138.08,1713.09,3153.7,0.515
10401,71,M,5,Graduate,Single,$40K - $60K,Blue,27,5,1,4,5998.13,3246.28,4304.85,0.732
10402,62,F,2,Uneducated,Single,Less than $40K,Silver,29,1,5,2,6558.99,2343.77,292.23,0.062
10403,52,M,1,High School,Divorced,$120K +,Blue,38,2,6,2,5189.87,1304.88,1667.21,0.294
10404,65,F,3,High School,Single,$40K - $60K,Blue,32,1,3,6,4413.17,691.06,3076.09,0.699
10405,49,M,4,High School,Married,$40K - $60K,Blue,37,4,5,4,9789.72,4106.9,6809.56,0.765
10406,58,M,1,High School,Single,$60K - $80K,Blue,25,3,2,4,4416.45,2057.97,3199.32,0.741
10407,73,M,3,Graduate,Single,Less than $40K,Silver,45,3,6,3,4278.56,1917.44,686.49,0.175
10408,48,M,3,Post-Graduate,Single,,Platinum,37,4,1,5,9014.66,1186.18,5461.86,0.577
10409,47,M,3,High School,Married,$60K - $80K,Blue,20,4,5,5,9403.28,4221.99,1331.48,0.195
10410,36,M,0,Uneducated,Single,$40K - $60K,Blue,17,3,4,5,19849.08,3332.46,13331.26,0.663
10411,30,F,4,Doctorate,Married,Less than $40K,Blue,18,6,4,5,10757.07,5535.59,2403.72,0.141
10412,59,M,2,Graduate,Divorced,Less than $40K,Blue,35,2,6,0,8667.78,3038.65,5481.41,0.649
10413,68,M,1,High School,Married,$120K +,Blue,42,2,0,0,9383.82,6044.61,3731.49,0.426
10414,43,F,1,High School,Unknown,$60K - $80K,Blue,26,2,3,1,5070.36,3015.78,4252.0,0.827
10415,24,F,0,High School,Single,$40K - $60K,Gold,35,4,6,4,7492.98,4174.1,3756.32,0.412
10416,31,M,0,High School,Single,Less than $40K,Blue,23,3,1,4,7691.0,4157.11,4191.91,0.5
10417,69,M,3,Graduate,Single,$60K - $80K,Gold,43,6,5,4,4082.09,1805.68,1329.03,0.321
10418,39,M,0,Graduate,Married,$60K - $80K,Silver,18,3,3,4,5353.92,496.73,3371.1,0.614
10419,37,F,1,Graduate,Married,$40K - $60K,Silver,23,3,0,5,9286.52,4725.38,4000.22,0.448
10420,35,F,2,Uneducated,Married,$40K - $60K,Blue,25,6,6,5,5444.29,2051.66,190.52,0.059
10421,46,M,0,Post-Graduate,Single,Less than $40K,Blue,24,1,2,0,7699.17,2915.59,4043.01,0.508
10422,38,F,5,Uneducated,Married,$60K - $80K,Blue,14,6,3,2,9006.86,2840.0,6388.4,0.653
10423,51,F,1,High School,Single,$120K +,Blue,47,1,0,3,8778.69,6148.15,1900.99,0.275
10424,57,F,1,Graduate,Married,Less than $40K,Blue,48,5,6,5,14247.85,3200.29,2899.19,0.226
10425,25,F,1,Graduate,Married,$60K - $80K,Platinum,29,1,6,5,3995.0,1085.11,2098.88,0.552
10426,55,M,1,High School,Married,$40K - $60K,Silver,40,2,1,6,13573.69,9829.1,9486.96,0.714
10427,46,M,0,High School,Divorced,$40K - $60K,Silver,40,2,6,5,7139.2,4405.65,1621.92,0.271
10428,45,M,3,Post-Graduate,Single,$40K - $60K,Gold,34,6,2,2,8701.32,520.87,6906.92,0.779
10429,48,M,5,Post-Graduate,Married,$80K - $120K,Blue,50,2,6,2,8069.34,5521.65,6372.61,0.823
10430,45,F,1,Graduate,Single,$40K - $60K,Blue,19,2,4,0,7847.87,1637.48,1463.2,0.213
10431,45,F,3,Graduate,Married,$60K - $80K,Blue,27,5,0,5,3873.64,2107.85,925.57,0.264
10432,72,M,3,Graduate,Unknown,$40K - $60K,Blue,44,2,4,6,8527.15,3727.65,5129.06,0.554
10433,65,M,4,High School,Single,Less than $40K,Silver,23,4,6,3,2492.76,1061.34,2018.98,0.816
10434,29,M,1,Graduate,Married,Less than $40K,Blue,36,4,2,4,17411.74,9620.77,10607.28,0.625
10435,38,F,1,High School,Single,$80K - $120K,Blue,15,4,0,5,6785.23,1323.3,2641.27,0.46
10436,66,M,1,High School,Married,Less than $40K,Blue,42,1,0,0,10409.64,1679.26,1668.36,0.164
10437,60,M,3,Uneducated,Unknown,$60K - $80K,Blue,18,6,6,0,8002.45,4051.95,3222.09,0.446
10438,56,M,3,Post-Graduate,Married,$40K - $60K,Blue,14,6,2,3,5611.79,1422.06,2938.43,0.464
10439,31,M,0,Post-Graduate,Single,$40K - $60K,Silver,26,3,1,6,4085.06,2989.3,1203.83,0.266
10440,67,F,1,Graduate,Married,$40K - $60K,Blue,53,5,0,1,3680.55,1347.3,1632.38,0.461
10441,67,F,4,Graduate,Single,$40K - $60K,Blue,30,4,2,0,8443.52,1081.77,1081.43,0.145
10442,28,M,3,Graduate,Single,Less than $40K,Blue,56,4,3,2,8203.77,4348.58,3243.08,0.367
10443,62,F,5,High School,Single,$40K - $60K,Blue,43,2,4,2,7477.47,1976.38,712.93,0.134
10444,27,F,3,High School,Single,$60K - $80K,Blue,25,4,0,4,5155.05,793.94,313.14,0.054
10445,29,F,1,Doctorate,Divorced,$60K - $80K,Platinum,38,2,3,0,6903.5,2388.45,5049.97,0.724
10446,68,M,2,Post-Graduate,Married,$40K - $60K,Blue,56,2,0,6,4358.72,3159.88,829.11,0.187
10447,55,M,3,Graduate,Married,$40K - $60K,Blue,24,3,1,4,3782.16,1278.38,1881.17,0.551
10448,53,M,0,Graduate,Married,Less than $40K,Blue,30,1,6,0,4721.94,1384.16,678.33,0.187
10449,70,F,2,Uneducated,Unknown,Less than $40K,Blue,21,2,2,3,4837.59,1747.13,1150.85,0.313
10450,58,M,3,High School,Married,Less than $40K,Blue,33,2,0,5,12305.66,719.65,3936.72,0.342
10451,63,M,0,Graduate,Single,,Blue,52,6,2,6,2596.03,371.68,361.5,0.216
10452,39,M,3,Graduate,Single,Less than $40K,Blue,55,3,5,0,5400.98,3482.4,314.06,0.068
10453,36,F,2,Doctorate,Married,$40K - $60K,Gold,36,2,0,6,7787.65,5721.0,5825.49,0.743
10454,73,M,5,Uneducated,Married,$40K - $60K,Blue,46,5,1,1,16391.98,2631.88,488.83,0.012
10455,65,F,0,Graduate,Married,Less than $40K,Blue,20,1,1,6,3937.95,1673.09,279.19,0.064
10456,53,F,1,Uneducated,Married,$60K - $80K,Blue,56,5,6,6,2977.23,2162.76,2048.96,0.683
10457,42,M,2,Doctorate,Married,Less than $40K,Blue,45,4,6,2,8185.77,1306.51,2079.73,0.227
10458,40,F,1,Graduate,Married,Less than $40K,Gold,35,1,3,3,6022.0,1086.47,3733.28,0.596
10459,42,M,3,Graduate,Divorced,$60K - $80K,Gold,25,4,1,5,4871.05,3403.75,688.61,0.166
10460,51,F,3,Graduate,Unknown,$40K - $60K,Blue,26,6,2,5,6996.73,3806.09,1517.9,0.197
10461,49,M,0,Uneducated,Married,$60K - $80K,Gold,26,2,5,2,8835.36,1381.64,4377.08,0.427
10462,60,F,2,High School,Married,$60K - $80K,Silver,28,3,1,6,8249.23,2684.67,6934.04,0.771
10463,49,F,2,Doctorate,Married,$40K - $60K,Gold,50,5,0,5,6492.83,580.39,525.65,0.0
10464,46,F,1,Graduate,Single,$60K - $80K,Blue,51,4,1,4,11347.43,4004.17,3999.52,0.296
10465,32,F,4,Post-Graduate,Single,Less than $40K,Blue,38,2,5,3,6130.74,3644.92,341.83,0.008
10466,35,M,3,Graduate,Married,$60K - $80K,Blue,38,5,2,1,5632.0,2465.58,1043.94,0.146
10467,24,F,3,Graduate,Married,$40K - $60K,Silver,13,5,0,2,8144.87,4098.58,6297.62,0.785
10468,24,F,3,Doctorate,Single,$40K - $60K,Blue,44,6,3,0,2749.6,766.52,275.13,0.049
10469,70,F,2,Doctorate,Single,$60K - $80K,Blue,27,6,3,0,7716.91,1257.68,5642.53,0.694
10470,57,M,4,Uneducated,Married,$80K - $120K,Blue,33,4,3,0,4655.17,275.5,780.1,0.094
10471,55,F,3,High School,Single,$120K +,Blue,30,2,6,3,2646.55,1653.88,1945.96,0.709
10472,71,F,3,Post-Graduate,Married,$60K - $80K,Blue,42,3,0,1,6949.01,3444.33,3242.12,0.496
10473,48,F,4,High School,Married,$40K - $60K,Gold,25,4,3,5,4274.63,899.92,3201.32,0.748
10474,63,M,1,Graduate,Single,$40K - $60K,Blue,36,5,6,1,2263.2,776.06,330.23,0.149
10475,68,F,3,Graduate,Single,$40K - $60K,Gold,42,5,1,1,3406.28,2081.27,2222.56,0.652
10476,24,M,0,Graduate,Married,$40K - $60K,Blue,14,1,0,2,13930.16,5949.43,8148.86,0.534
10477,39,F,1,Graduate,Divorced,$40K - $60K,Blue,31,2,0,3,4049.39,1053.29,1905.78,0.454
10478,62,M,1,Uneducated,Married,$120K +,Blue,56,1,0,0,6569.13,1557.08,4551.01,0.702
10479,28,F,5,High School,Single,$40K - $60K,Blue,37,6,4,2,3029.74,613.01,1690.8,0.597
10480,45,F,4,Post-Graduate,Single,$40K - $60K,Blue,26,3,6,5,17466.05,10944.42,13063.71,0.762
10481,52,M,3,Graduate,Divorced,$40K - $60K,Blue,18,4,2,1,5713.79,2612.93,1921.44,0.372
10482,26,F,3,High School,Divorced,$80K - $120K,Blue,24,5,4,6,3775.45,2062.94,1924.11,0.466
10483,35,M,2,High School,Married,$60K - $80K,Silver,32,2,4,0,8949.07,5835.55,6645.57,0.682
10484,49,F,5,Uneducated,Divorced,$60K - $80K,Blue,35,5,4,3,16985.46,12582.88,3368.14,0.128
10485,39,F,2,Uneducated,Single,$40K - $60K,Blue,42,6,2,4,4393.85,987.03,1859.32,0.456
10486,60,F,1,Uneducated,Single,$80K - $120K,Blue,42,1,4,1,3734.16,659.57,3052.36,0.76
10487,45,F,0,Uneducated,Married,Less than $40K,Blue,50,1,3,1,19435.21,7257.08,8028.48,0.456
10488,52,F,3,Graduate,Single,$80K - $120K,Blue,42,4,0,1,5141.14,383.27,1181.68,0.212
10489,37,M,3,Graduate,Divorced,$60K - $80K,Blue,53,2,0,1,4828.89,2917.63,1503.68,0.378
10490,51,M,1,Post-Graduate,Married,$40K - $60K,Blue,42,6,6,0,1691.03,1130.68,1276.08,0.737
10491,28,F,0,Graduate,Unknown,$60K - $80K,Blue,48,2,1,3,5399.1,2862.75,4387.05,0.797
10492,70,F,4,Graduate,Married,$60K - $80K,Blue,46,4,5,2,2609.03,619.9,2109.63,0.811
10493,72,F,0,Graduate,Married,Less than $40K,Silver,28,6,3,0,4041.83,550.53,2425.59,0.584
10494,53,F,3,Post-Graduate,Single,$80K - $120K,Blue,36,6,2,3,1816.45,576.72,804.63,0.46
10495,69,M,5,Graduate,Single,$40K - $60K,Blue,26,1,5,2,10849.07,6871.1,1862.05,0.13
10496,28,F,2,High School,Single,$40K - $60K,Silver,38,1,0,1,2454.96,720.48,300.18,0.13
10497,35,M,1,Graduate,Married,Less than $40K,Blue,20,1,4,3,1891.43,139.92,131.66,0.04
10498,39,F,3,Graduate,Unknown,$40K - $60K,Blue,26,5,6,1,3337.52,807.67,115.82,0.026
10499,49,M,3,Graduate,Married,$60K - $80K,Blue,43,3,6,6,10922.04,8114.66,8178.83,0.694
10500,49,M,2,Graduate,Married,$40K - $60K,Blue,14,1,1,3,4305.97,2254.9,2977.76,0.726
10501,71,M,5,Post-Graduate,Married,$60K - $80K,Blue,16,3,1,5,4634.63,3154.32,2276.96,0.477
10502,44,M,0,High School,Single,$40K - $60K,Blue,13,3,0,4,7155.6,4239.02,6074.68,0.886
10503,62,F,2,Graduate,Divorced,$120K +,Gold,32,2,3,1,5059.85,2164.57,4103.71,0.782
10504,59,M,3,Doctorate,Single,$60K - $80K,Silver,26,4,6,1,10865.86,1674.24,6125.52,0.563
10505,56,M,4,Graduate,Single,$80K - $120K,Blue,52,5,5,1,4820.86,1417.58,1955.33,0.443
10506,53,M,0,Graduate,Married,Less than $40K,Blue,37,3,1,5,4864.49,2230.94,711.68,0.099
10507,60,M,3,Post-Graduate,Single,$40K - $60K,Blue,37,5,0,0,19106.99,12599.96,8558.84,0.413
10508,46,M,2,Graduate,Married,$40K - $60K,Blue,15,2,3,2,5669.43,1349.74,855.67,0.183
10509,33,M,1,Doctorate,Single,$60K - $80K,Blue,17,1,0,1,6243.63,842.01,2189.73,0.405
10510,28,F,0,Post-Graduate,Married,$80K - $120K,Blue,50,6,0,1,4898.92,2161.32,3930.88,0.803
10511,59,F,4,Post-Graduate,Single,Less than $40K,Blue,38,3,3,0,1446.6,251.06,439.54,0.265
10512,57,F,0,Graduate,Single,Less than $40K,Blue,52,4,3,0,8889.11,4242.36,1305.04,0.134
10513,54,M,1,High School,Single,$80K - $120K,Platinum,50,6,3,4,13708.84,3214.24,6900.88,0.582
10514,33,M,1,Graduate,Single,Less than $40K,Blue,50,2,0,3,10972.49,2322.59,5705.28,0.467
10515,42,F,4,Graduate,Married,$60K - $80K,Gold,16,5,1,1,4046.3,1332.96,731.8,0.202
10516,55,M,3,Post-Graduate,Single,$60K - $80K,Gold,19,1,2,3,5000.23,2326.28,915.88,0.188
10517,24,M,3,Graduate,Married,$80K - $120K,Blue,42,5,2,6,6664.54,2877.23,5607.05,0.795
10518,28,M,1,Graduate,Divorced,Less than $40K,Silver,42,4,0,0,6536.57,1446.64,1450.62,0.209
10519,68,M,2,High School,Single,Less than $40K,Blue,31,3,0,0,7998.72,5389.39,5724.68,0.644
10520,27,M,2,Graduate,Married,$60K - $80K,Blue,51,4,1,4,6149.88,780.53,2523.72,0.422
10521,39,M,4,Graduate,Unknown,$120K +,Blue,47,5,3,2,4508.74,350.0,1718.02,0.398
10522,47,F,4,Post-Graduate,Single,$40K - $60K,Blue,52,5,0,5,5930.26,2798.46,1570.44,0.21
10523,39,F,0,High School,Married,$40K - $60K,Blue,45,6,6,5,9526.52,1299.27,6309.18,0.685
10524,25,F,3,Graduate,Single,$60K - $80K,Blue,45,4,4,5,27349.58,11033.47,20538.13,0.724
10525,72,F,0,Uneducated,Married,$120K +,Blue,26,4,3,0,4180.08,2993.95,989.57,0.207
10526,51,F,2,High School,Single,$80K - $120K,Blue,50,4,6,1,6228.66,3357.29,616.2,0.06
10527,55,F,1,Graduate,Single,$120K +,Blue,22,1,0,4,4503.9,2171.87,601.92,0.16
10528,50,F,1,High School,Unknown,Less than $40K,Blue,40,5,4,2,6513.66,2946.54,4416.44,0.611
10529,43,M,1,Post-Graduate,Single,Less than $40K,Blue,26,2,6,6,9406.09,1652.44,3590.65,0.318
10530,47,M,2,Graduate,Married,$60K - $80K,Blue,48,1,5,5,4905.12,1730.79,635.16,0.106
10531,35,M,1,Graduate,Single,$80K - $120K,Blue,50,1,1,4,1785.02,517.24,539.86,0.28
10532,73,F,3,Graduate,Married,$40K - $60K,Blue,28,1,4,0,9683.89,6944.82,4326.91,0.472
10533,58,F,1,Uneducated,Single,$40K - $60K,Silver,33,6,0,5,5909.01,1297.76,4297.05,0.724
10534,56,M,0,High School,Single,$80K - $120K,Blue,40,2,2,2,4556.84,1731.88,2518.32,0.549
10535,56,F,3,High School,Married,Less than $40K,Blue,45,4,6,6,4030.3,2848.03,669.46,0.101
10536,66,M,1,Uneducated,Married,$40K - $60K,Blue,18,6,0,3,6526.76,3931.89,990.26,0.143
10537,60,F,2,Graduate,Divorced,$60K - $80K,Gold,53,5,2,6,3750.98,2720.06,1358.75,0.266
10538,35,M,3,Uneducated,Divorced,$60K - $80K,Blue,27,3,1,2,4000.0,1903.32,329.64,0.092
10539,26,M,1,Post-Graduate,Married,$80K - $120K,Blue,56,6,1,6,2767.68,785.05,1791.05,0.674
10540,24,M,0,Doctorate,Married,$40K - $60K,Blue,15,3,3,1,3778.96,2375.66,1334.75,0.322
10541,56,M,1,Graduate,Married,$60K - $80K,Blue,55,5,6,5,7781.3,1976.6,2371.04,0.32
10542,63,M,5,,Divorced,$60K - $80K,Blue,47,2,3,5,2573.08,425.44,1138.74,0.425
10543,33,M,2,Uneducated,Married,$60K - $80K,Blue,26,3,2,3,10364.49,5642.45,6306.11,0.658
10544,66,F,3,Graduate,Single,$60K - $80K,Platinum,14,1,2,6,2875.78,1430.04,1416.49,0.502
10545,67,F,2,High School,Married,$40K - $60K,Blue,41,6,1,3,5972.78,3973.48,4097.29,0.644
10546,52,M,0,Graduate,Single,Less than $40K,Blue,16,3,4,6,7181.22,5194.52,3894.88,0.589
10547,36,F,1,High School,Married,Less than $40K,Blue,38,5,2,5,8656.42,5627.0,5834.56,0.707
10548,35,F,3,Graduate,Single,$40K - $60K,Blue,24,1,2,1,8657.61,796.63,5180.1,0.582
10549,54,M,0,Graduate,Married,$60K - $80K,Silver,14,3,6,6,5251.6,2705.41,946.82,0.2
10550,69,M,1,Graduate,Single,$80K - $120K,Blue,29,5,4,3,5004.79,2999.43,317.57,0.083
10551,25,M,1,Graduate,Married,$60K - $80K,Blue,47,2,3,0,7635.76,5630.23,5878.16,0.753
10552,73,M,2,Graduate,Single,$80K - $120K,Blue,22,5,3,5,6408.74,2001.21,5158.36,0.808
10553,58,F,5,Post-Graduate,Divorced,$40K - $60K,Gold,34,2,2,2,4547.36,768.13,2834.61,0.633
10554,46,M,0,High School,Married,$40K - $60K,Silver,53,1,6,2,6744.88,4364.3,4189.18,0.594
10555,40,F,2,High School,Divorced,$40K - $60K,Blue,55,5,3,1,5016.98,1365.76,1225.26,0.298
10556,49,F,0,High School,Single,Less than $40K,Blue,33,4,3,0,3952.92,1852.9,1858.77,0.391
10557,31,M,5,Graduate,Married,,Blue,27,6,5,3,4466.75,1442.43,3767.97,0.871
10558,52,F,0,Graduate,Married,$60K - $80K,Platinum,47,4,6,6,7187.03,2383.42,5250.84,0.682
10559,49,M,1,Graduate,Married,$120K +,Blue,33,4,3,5,3301.25,1857.7,900.08,0.263
10560,33,F,3,Graduate,Single,Less than $40K,Blue,33,4,1,2,10107.05,3062.77,2727.57,0.206
10561,49,M,3,Doctorate,Single,Less than $40K,Blue,33,6,0,2,4048.1,2166.35,1705.74,0.369
10562,57,F,1,High School,Married,$80K - $120K,Blue,56,4,2,2,1586.94,95.26,564.66,0.352
10563,64,F,1,Post-Graduate,Single,$40K - $60K,Blue,44,2,2,2,7453.22,2066.43,2445.08,0.331
10564,30,M,1,Post-Graduate,Single,$80K - $120K,Platinum,17,5,1,4,1244.76,340.23,672.65,0.583
10565,27,F,1,Doctorate,Divorced,$60K - $80K,Blue,51,1,0,1,3152.49,1810.11,93.12,0.014
10566,73,F,1,Uneducated,Single,$120K +,Silver,21,4,0,3,20844.69,5632.03,13623.5,0.678
10567,68,F,2,High School,Unknown,$40K - $60K,Blue,30,4,1,5,9852.69,4860.62,6249.01,0.634
10568,34,F,1,High School,Single,$60K - $80K,Blue,33,1,4,5,9415.01,5008.48,6676.85,0.732
10569,52,F,1,Uneducated,Married,$40K - $60K,Blue,20,1,4,5,2972.48,1518.63,2135.44,0.675
10570,59,M,3,Graduate,Single,$60K - $80K,Blue,56,4,0,3,4963.45,2344.27,2432.65,0.494
10571,48,M,5,Graduate,Single,$40K - $60K,Platinum,46,2,4,1,10886.62,3696.35,7266.4,0.682
10572,44,F,2,Post-Graduate,Single,Less than $40K,Gold,22,1,4,0,7818.94,2434.14,3351.89,0.409
10573,59,M,0,Post-Graduate,Single,$60K - $80K,Blue,53,5,4,6,10272.49,4573.4,8318.35,0.825
10574,33,F,0,Uneducated,Single,$60K - $80K,Blue,36,5,0,6,14652.23,1385.99,2612.2,0.197
10575,60,F,5,Uneducated,Single,$80K - $120K,Blue,52,2,4,1,7907.48,5243.24,6167.54,0.759
10576,32,M,1,Post-Graduate,Married,$80K - $120K,Gold,36,6,2,2,2795.11,1754.55,655.68,0.266
10577,47,M,0,Graduate,Married,$60K - $80K,Gold,44,3,5,6,7643.52,2235.49,804.56,0.013
10578,58,F,2,Uneducated,Single,Less than $40K,Silver,45,2,0,2,4831.74,2158.69,1857.59,0.308
10579,72,M,2,High School,Single,$80K - $120K,Blue,50,4,1,1,2704.12,1899.8,1434.21,0.489
10580,58,F,2,Graduate,Married,$60K - $80K,Blue,56,3,4,1,8995.77,2160.3,1904.6,0.223
10581,71,M,1,Uneducated,Single,$120K +,Blue,46,4,3,3,10653.5,6069.5,5127.65,0.451
10582,59,F,0,Graduate,Single,$120K +,Blue,23,5,0,3,5223.16,563.64,3606.86,0.637
10583,41,M,5,Graduate,Married,Less than $40K,Blue,43,1,6,4,6560.13,2731.38,1531.01,0.23
10584,72,F,1,High School,Married,$80K - $120K,Blue,30,4,1,5,1759.06,1176.42,882.46,0.506
10585,62,M,3,Uneducated,Married,Less than $40K,Blue,35,5,5,4,10204.44,4451.14,3077.96,0.276
10586,55,F,3,Graduate,Divorced,$40K - $60K,Gold,34,2,2,5,8508.3,4095.7,3911.33,0.412
10587,47,M,2,Post-Graduate,Married,$60K - $80K,Silver,55,4,6,2,6311.49,4325.56,3619.91,0.574
10588,46,F,1,Graduate,Married,Less than $40K,Blue,30,5,1,4,2761.85,1521.1,858.52,0.343
10589,55,F,1,Post-Graduate,Single,$80K - $120K,Blue,52,1,4,4,2226.3,1195.77,1882.16,0.797
10590,60,M,2,Post-Graduate,Married,Less than $40K,Blue,53,4,3,0,16766.19,7720.31,8180.78,0.551
10591,35,M,4,Graduate,Married,Less than $40K,Silver,51,6,4,1,3173.97,1565.06,2235.44,0.682
10592,72,M,5,Graduate,Married,$60K - $80K,Silver,32,5,1,3,5921.26,3627.33,3682.21,0.596
10593,36,F,0,Graduate,,$80K - $120K,Silver,25,4,0,4,3228.34,2374.33,2349.68,0.733
10594,46,F,0,Uneducated,Single,$120K +,Silver,13,1,6,3,1561.81,947.59,256.53,0.168
10595,48,F,5,Post-Graduate,Married,$60K - $80K,Blue,16,4,3,5,7036.79,3836.99,1440.57,0.115
10596,58,M,3,Uneducated,Married,$60K - $80K,Blue,36,4,6,4,7666.59,1110.75,3254.86,0.42
10597,64,M,4,Graduate,Unknown,$40K - $60K,Blue,48,6,6,5,2196.6,1366.19,1597.88,0.751
10598,53,F,1,Doctorate,Married,Less than $40K,Blue,48,5,3,4,10117.89,5718.59,1861.83,0.225
10599,40,M,2,Post-Graduate,Married,Less than $40K,Silver,14,3,1,6,4116.97,2426.14,3400.55,0.821
10600,72,F,3,Post-Graduate,Married,$60K - $80K,Blue,40,4,5,2,3032.31,642.14,381.8,0.112
10601,43,M,3,Uneducated,Married,$60K - $80K,Blue,38,3,5,0,2924.87,1995.96,483.52,0.194
10602,71,F,1,Graduate,Single,$40K - $60K,Blue,35,2,4,5,8881.07,1048.83,1410.35,0.23
10603,48,M,0,High School,Married,$80K - $120K,Platinum,27,4,1,1,1909.21,434.4,966.8,0.51
10604,45,M,2,Post-Graduate,Single,$60K - $80K,Blue,48,3,3,1,2777.51,1427.96,2170.79,0.774
10605,36,F,1,Post-Graduate,Married,Less than $40K,Blue,39,2,1,2,6973.57,3637.41,1616.07,0.282
10606,42,F,2,Graduate,Married,Less than $40K,Blue,18,6,3,2,6481.95,1745.77,3104.99,0.434
10607,72,F,5,Graduate,Single,$80K - $120K,Blue,47,5,6,6,3135.09,1696.28,520.08,0.168
10608,59,M,1,Graduate,Married,$80K - $120K,Blue,51,4,4,1,11158.88,3588.15,6068.69,0.64
10609,35,M,4,Graduate,Single,$120K +,Blue,50,5,0,5,2981.9,149.46,364.67,0.14
10610,64,F,0,Graduate,Married,Less than $40K,Blue,47,2,6,1,4903.98,803.39,2097.86,0.458
10611,42,F,3,Post-Graduate,Single,$120K +,Gold,48,5,0,0,4559.61,3045.06,2570.71,0.551
10612,35,M,5,Post-Graduate,Married,Less than $40K,Blue,22,5,1,4,4569.31,940.76,2287.74,0.524
10613,32,M,0,Graduate,Divorced,Less than $40K,Blue,42,1,3,0,4939.76,637.41,672.8,0.185
10614,30,M,0,Graduate,Married,$120K +,Gold,53,2,0,6,4859.27,2563.46,748.04,0.093
10615,51,F,2,Graduate,Divorced,$40K - $60K,Blue,50,5,6,6,4826.47,1730.26,2786.1,0.573
10616,37,M,0,High School,Married,$60K - $80K,Blue,41,3,3,1,4976.31,3023.67,3440.59,0.705
10617,54,M,3,Doctorate,Single,Less than $40K,Silver,55,2,4,4,9991.1,6524.3,7730.13,0.771
10618,42,M,4,Uneducated,Married,$60K - $80K,Blue,51,1,6,1,4840.03,3108.23,3365.26,0.676
10619,70,M,2,Graduate,Divorced,$120K +,Blue,16,4,1,0,8047.15,2165.54,6665.91,0.884
10620,39,M,1,Post-Graduate,Married,$40K - $60K,Blue,17,6,3,0,5968.8,2410.69,2141.9,0.367
10621,28,M,2,Uneducated,Married,$60K - $80K,Blue,16,5,1,5,6727.31,3397.96,1983.67,0.267
10622,58,M,3,Doctorate,Single,Less than $40K,Blue,48,3,3,5,8436.77,2323.39,366.09,0.083
10623,35,F,0,High School,Married,$60K - $80K,Silver,28,1,6,0,2937.62,231.39,1155.7,0.449
10624,48,M,2,Uneducated,Married,$40K - $60K,Blue,37,2,5,4,7766.49,3083.03,4354.19,0.606
10625,44,F,2,Graduate,Divorced,Less than $40K,Blue,26,6,5,6,4894.26,288.63,3410.27,0.68
10626,59,F,2,Graduate,Unknown,$40K - $60K,Gold,23,6,3,5,3242.01,2319.5,784.53,0.227
10627,46,F,1,High School,Married,Less than $40K,Blue,41,5,4,5,8426.88,5120.83,3760.75,0.405
10628,39,F,3,Graduate,Divorced,$120K +,Blue,46,1,1,3,4352.63,802.65,2478.68,0.58
10629,62,M,0,High School,Single,$40K - $60K,Blue,34,1,2,3,6769.11,1701.08,3234.49,0.522
10630,68,M,0,Graduate,Married,$40K - $60K,Blue,26,3,3,5,1237.26,913.08,306.14,0.27
10631,65,F,4,Graduate,Single,$40K - $60K,Blue,36,4,3,1,8199.67,2554.07,5583.27,0.751
10632,62,F,3,Doctorate,Single,$40K - $60K,Blue,51,4,5,4,22857.95,13682.9,3746.18,0.086
10633,37,F,0,Uneducated,Unknown,$80K - $120K,Platinum,38,4,0,2,5476.86,1986.85,4223.39,0.777
10634,54,F,1,Graduate,Married,$120K +,Gold,55,6,6,5,4757.84,3115.75,3856.97,0.844
10635,28,F,1,Uneducated,Single,$40K - $60K,Gold,48,6,5,3,4267.54,2315.68,1380.23,0.299
10636,58,M,1,Uneducated,Married,$80K - $120K,Gold,51,2,1,4,7465.75,493.02,2480.35,0.287
10637,46,M,1,Post-Graduate,Married,$60K - $80K,Blue,28,6,5,4,4652.9,1191.48,2963.53,0.589
10638,52,F,0,High School,,Less than $40K,Blue,50,6,2,3,7853.08,3460.02,3131.18,0.403
10639,66,F,2,Post-Graduate,Unknown,$60K - $80K,Gold,44,1,4,4,14183.72,9904.8,620.49,0.0
10640,34,M,3,Uneducated,Single,$60K - $80K,Blue,18,2,6,4,8734.84,1060.59,6843.73,0.842
10641,41,F,2,Post-Graduate,Single,$60K - $80K,Platinum,46,1,2,3,4996.22,2352.29,1886.19,0.398
10642,70,M,3,Graduate,Single,$80K - $120K,Blue,20,3,4,0,2977.95,778.8,562.54,0.181
10643,35,F,0,Graduate,Married,$40K - $60K,Blue,42,3,2,5,4393.95,2955.06,2114.37,0.478
10644,32,M,5,Post-Graduate,Married,$120K +,Blue,39,2,6,1,5034.78,2948.46,1015.48,0.245
10645,33,M,4,Graduate,Married,$80K - $120K,Platinum,19,2,5,2,2663.17,822.37,508.66,0.245
10646,67,F,3,High School,Married,$40K - $60K,Blue,39,6,2,1,9999.77,1669.68,4729.46,0.436
10647,40,M,3,Graduate,Single,$60K - $80K,Silver,37,3,5,0,7521.35,436.6,2591.59,0.315
10648,61,F,4,Doctorate,Single,$40K - $60K,Blue,53,5,6,6,3089.54,1497.79,1531.13,0.481
10649,30,F,2,Uneducated,Married,$120K +,Blue,27,4,5,0,2067.17,691.03,1751.65,0.822
10650,69,F,1,High School,Married,$60K - $80K,Silver,37,6,1,4,8162.63,2206.6,5983.09,0.661
10651,36,M,2,Uneducated,Married,Less than $40K,Blue,34,4,5,1,2227.57,1648.07,58.73,0.0
10652,63,M,3,Graduate,Married,$40K - $60K,Blue,30,3,0,0,5759.85,2167.43,356.89,0.034
10653,65,M,3,Post-Graduate,Divorced,$60K - $80K,Blue,24,4,2,1,4390.8,2524.22,2311.17,0.478
10654,32,F,2,Post-Graduate,Single,Less than $40K,Blue,35,5,6,0,8539.78,1487.53,4609.71,0.557
10655,73,F,0,Doctorate,Single,Less than $40K,Blue,51,5,3,2,8594.38,510.67,6436.32,0.744
10656,50,F,1,Uneducated,Single,$40K - $60K,Blue,37,1,3,0,3500.99,1198.37,1897.95,0.567
10657,25,F,4,Graduate,Married,$40K - $60K,Blue,22,2,3,1,8963.22,4624.71,1873.34,0.17
10658,28,F,2,Uneducated,Married,$40K - $60K,Platinum,42,4,6,4,4690.51,1897.87,1917.8,0.434
10659,52,F,2,High School,Divorced,$40K - $60K,Blue,22,5,0,1,5557.67,3742.13,3842.89,0.697
10660,60,M,1,Post-Graduate,Single,Less than $40K,Silver,46,2,5,3,5620.67,1988.51,4417.54,0.764
10661,61,F,1,Post-Graduate,Married,$60K - $80K,Blue,25,2,2,1,18939.32,5070.09,4103.01,0.281
10662,42,M,4,Post-Graduate,Single,$60K - $80K,Blue,41,1,4,2,5150.43,3560.15,2409.74,0.472
10663,31,F,3,Graduate,Single,Less than $40K,Blue,50,2,4,5,2192.85,734.08,333.12,0.131
10664,71,F,3,Uneducated,Single,$40K - $60K,Blue,53,2,6,2,3712.31,886.33,1605.61,0.444
10665,68,F,2,High School,Divorced,$60K - $80K,Blue,21,6,1,2,8253.79,976.94,782.42,0.057
10666,24,M,2,High School,Single,Less than $40K,Blue,25,3,0,0,4704.46,2847.69,3771.26,0.795
10667,45,M,1,Post-Graduate,Single,Less than $40K,Blue,49,1,2,2,5545.43,3480.11,3047.7,0.631
10668,40,M,3,Graduate,Married,Less than $40K,Blue,26,1,5,1,4336.96,317.94,3161.64,0.658
10669,30,M,1,Doctorate,Married,$80K - $120K,Blue,49,4,3,5,1168.37,351.74,991.46,0.827
10670,48,M,2,Graduate,Married,$80K - $120K,Blue,21,2,0,6,3585.31,2061.24,615.29,0.166
10671,68,F,2,High School,Married,$80K - $120K,Blue,20,4,0,4,5271.09,3755.48,3142.3,0.581
10672,27,F,4,Doctorate,Single,$80K - $120K,Gold,51,6,2,6,2078.27,653.56,1571.58,0.736
10673,59,M,0,Graduate,Single,$60K - $80K,Blue,52,5,6,2,2875.95,1899.38,1432.31,0.566
10674,29,M,3,High School,Married,$40K - $60K,Blue,15,2,5,1,4561.93,1485.38,2513.39,0.529
10675,54,M,1,Post-Graduate,Single,$60K - $80K,Blue,52,5,6,0,4583.78,805.12,1642.68,0.374
10676,42,F,2,Graduate,Married,Less than $40K,Gold,45,3,6,0,6832.43,358.1,3963.16,0.556
10677,67,M,0,Post-Graduate,Married,$60K - $80K,Blue,44,6,1,4,4723.15,1327.8,1645.21,0.364
10678,62,F,1,Graduate,Married,$80K - $120K,Silver,19,2,6,4,6695.57,2108.65,2782.64,0.453
10679,50,M,2,Doctorate,Married,$60K - $80K,Blue,31,4,5,1,3742.39,2663.02,394.51,0.102
10680,33,F,0,Doctorate,Married,$40K - $60K,Platinum,46,4,1,4,6178.72,1200.21,163.62,0.004
10681,49,F,2,Post-Graduate,Single,$40K - $60K,Silver,26,2,1,4,12352.54,3922.69,812.49,0.061
10682,42,M,4,High School,Married,$60K - $80K,Gold,31,4,3,0,6447.42,435.9,1159.2,0.201
10683,62,F,0,Doctorate,Unknown,$60K - $80K,Blue,38,2,3,1,4833.11,2824.85,1928.32,0.434
10684,26,M,3,Post-Graduate,Married,$80K - $120K,Blue,29,1,2,5,3274.76,2261.55,122.56,0.048
10685,68,F,1,Post-Graduate,Married,$40K - $60K,Blue,40,4,5,4,5769.5,1248.95,862.12,0.146
10686,36,M,3,Graduate,Married,$80K - $120K,Blue,31,2,6,1,4878.56,1708.94,3261.8,0.72
10687,73,F,1,Uneducated,Single,$60K - $80K,Gold,39,2,1,2,7492.09,1015.02,4889.32,0.628
10688,51,F,0,Post-Graduate,Married,$80K - $120K,Blue,31,4,2,0,2019.19,746.67,1363.91,0.659
10689,43,F,0,High School,Single,$60K - $80K,Blue,45,1,1,5,4959.42,710.88,3892.54,0.857
10690,51,F,0,Graduate,Single,$60K - $80K,Blue,19,4,0,0,6926.49,2883.8,823.07,0.115
10691,31,M,0,Uneducated,Single,$60K - $80K,Blue,41,2,4,0,5905.64,3332.17,917.77,0.182
10692,64,M,3,High School,Single,$80K - $120K,Blue,55,1,4,3,4580.75,2003.34,1359.79,0.261
10693,62,M,4,Uneducated,Married,$120K +,Silver,17,5,1,1,4546.03,1007.64,3543.94,0.82
10694,24,M,3,Post-Graduate,Married,Less than $40K,Blue,42,3,2,2,3005.31,894.55,1994.46,0.618
10695,26,F,3,Post-Graduate,Married,Less than $40K,Blue,55,4,3,4,6774.24,3366.8,1957.9,0.24
10696,36,M,0,Graduate,Single,$120K +,Blue,20,6,5,2,6947.87,3215.67,644.33,0.128
10697,51,F,1,Graduate,Married,$60K - $80K,Blue,54,2,1,1,2528.28,368.48,1344.02,0.517
10698,72,F,1,Uneducated,Married,$60K - $80K,Blue,24,1,1,0,8375.4,5372.52,1952.81,0.223
10699,48,F,1,Graduate,Unknown,$40K - $60K,Blue,54,1,5,3,3837.09,1468.19,1768.35,0.478
10700,56,M,2,Doctorate,Married,Less than $40K,Blue,25,5,6,1,4472.52,731.97,3585.6,0.79
10701,61,F,2,Graduate,Single,$80K - $120K,Silver,38,4,3,5,15247.13,2073.28,7551.48,0.453
10702,29,F,1,High School,Single,$80K - $120K,Silver,30,6,1,5,13273.96,9635.38,10443.72,0.764
10703,67,M,1,High School,Married,$40K - $60K,Blue,54,1,0,1,2482.14,613.27,859.37,0.307
10704,68,F,3,Graduate,Married,$40K - $60K,Platinum,32,5,3,4,2721.82,1867.21,1485.25,0.592
10705,55,F,3,Uneducated,Married,$80K - $120K,Silver,28,2,0,2,3085.47,1041.07,2350.91,0.81
10706,68,M,1,Graduate,Single,Less than $40K,Gold,49,5,4,2,13159.86,4213.06,6685.6,0.474
10707,70,M,4,Graduate,Single,$80K - $120K,Blue,15,4,5,4,3938.43,2129.31,2088.81,0.548
10708,44,M,5,,Single,$40K - $60K,Gold,39,5,3,3,2444.79,139.15,1502.41,0.604
10709,39,M,1,Graduate,Divorced,$60K - $80K,Silver,27,1,6,0,10832.96,3105.41,8148.0,0.811
10710,44,M,1,Graduate,Single,$120K +,Silver,46,1,3,6,7624.87,1996.59,710.56,0.188
10711,34,M,2,Uneducated,Married,$60K - $80K,Blue,34,3,2,6,18968.21,12474.8,5682.75,0.329
10712,60,M,5,Graduate,Married,$40K - $60K,Silver,52,5,2,0,7616.45,3201.85,2666.35,0.33
10713,59,M,4,Graduate,Single,$60K - $80K,Platinum,35,2,5,5,5404.39,1649.42,4188.72,0.729
10714,58,F,0,High School,Married,$40K - $60K,Blue,16,6,6,3,6320.09,1493.16,5141.31,0.823
10715,42,F,1,Uneducated,Married,$40K - $60K,Blue,53,6,3,4,4287.06,1986.44,514.09,0.114
10716,43,F,2,Graduate,Single,$120K +,Gold,35,4,4,6,11277.06,1761.15,1340.38,0.061
10717,41,M,2,High School,Married,$80K - $120K,Blue,21,3,6,1,11609.22,2581.23,9240.19,0.799
10718,70,M,0,Post-Graduate,Divorced,$60K - $80K,Blue,36,5,1,2,2302.84,588.44,611.38,0.35
10719,64,M,4,Post-Graduate,Single,$40K - $60K,Blue,33,2,5,1,9236.27,4392.18,2038.5,0.253
10720,72,M,3,Graduate,Married,Less than $40K,Gold,53,3,6,2,3051.58,949.89,151.26,0.003
10721,37,M,4,Graduate,Divorced,Less than $40K,Blue,28,1,5,1,20744.95,8381.96,5160.19,0.248
10722,38,F,4,Doctorate,Married,$60K - $80K,Blue,37,4,6,4,12668.54,6401.5,7545.72,0.611
10723,54,M,3,High School,Married,$80K - $120K,Blue,38,5,2,4,2941.25,2115.91,1098.88,0.393
10724,24,F,2,Doctorate,Married,$60K - $80K,Silver,21,6,4,3,6272.64,3671.92,2816.43,0.384
10725,26,F,2,Post-Graduate,Married,$80K - $120K,Blue,27,2,5,1,9496.71,3168.86,7420.31,0.777
10726,39,M,0,Graduate,Single,,Gold,51,1,4,1,3902.89,2239.45,449.58,0.126
10727,46,M,3,Graduate,Married,$40K - $60K,Gold,45,3,5,3,2594.15,1854.26,205.27,0.072
10728,34,F,0,Graduate,Married,$40K - $60K,Blue,13,4,2,3,5816.69,2324.15,4229.33,0.65
10729,35,M,3,Post-Graduate,Married,$40K - $60K,Blue,17,3,1,4,5038.45,1699.71,3341.15,0.657
10730,33,M,1,Graduate,Single,Less than $40K,Blue,21,6,2,4,3326.41,347.99,794.68,0.27
10731,55,F,0,Graduate,Single,$120K +,Blue,56,3,5,5,10854.71,7323.23,3138.25,0.266
10732,39,M,0,Post-Graduate,Married,$40K - $60K,Blue,18,2,4,1,2706.95,602.31,751.26,0.259
10733,31,F,0,Uneducated,Married,,Gold,40,1,0,4,5183.2,491.21,2890.57,0.614
10734,61,F,3,Graduate,Married,$40K - $60K,Gold,38,5,2,6,6078.47,2589.69,430.39,0.063
10735,35,M,3,Uneducated,Married,$120K +,Blue,40,2,4,4,6518.75,4185.88,2778.31,0.431
10736,47,M,2,Graduate,Single,$60K - $80K,Blue,52,6,6,1,10243.24,3427.84,1343.04,0.057
10737,51,M,0,High School,Single,$120K +,Blue,27,4,6,3,4819.78,2882.94,3375.69,0.658
10738,31,M,0,Graduate,Married,Less than $40K,Blue,18,6,2,1,1313.72,834.84,441.34,0.424
10739,51,M,0,Graduate,Married,$80K - $120K,Blue,39,6,5,6,4446.07,1636.52,2035.79,0.524
10740,59,F,0,Graduate,Married,$120K +,Gold,50,3,6,0,8197.78,3801.05,363.44,0.063
10741,49,M,4,High School,Single,Less than $40K,Gold,16,4,4,1,5080.78,2152.92,347.32,0.0
10742,31,M,1,Uneducated,Married,Less than $40K,Blue,23,2,1,0,5101.51,3609.0,2960.38,0.527
10743,73,F,1,Doctorate,Unknown,$40K - $60K,Gold,33,6,4,1,7346.07,4098.03,4822.1,0.602
10744,51,F,0,Post-Graduate,Single,$120K +,Blue,42,2,6,6,7898.49,5511.09,4812.78,0.554
10745,51,F,1,High School,Married,$60K - $80K,Silver,30,5,6,0,2059.03,420.06,1300.74,0.616
10746,60,M,2,High School,Single,$60K - $80K,Blue,47,3,3,0,5443.77,1454.39,581.58,0.138
10747,64,F,2,High School,Divorced,Less than $40K,Blue,15,2,0,6,4940.07,492.23,2942.13,0.57
10748,59,F,1,Post-Graduate,Single,Less than $40K,Gold,24,4,5,1,5732.0,2292.43,979.32,0.158
10749,50,M,0,Uneducated,Married,$80K - $120K,Blue,39,6,4,5,1861.5,1231.84,188.67,0.089
10750,40,M,1,Graduate,Married,Less than $40K,Silver,42,5,6,4,11386.69,3174.53,7383.62,0.685
10751,32,F,1,High School,Single,$60K - $80K,Blue,33,4,5,2,5520.38,771.74,4185.59,0.794
10752,56,M,1,Graduate,Single,$120K +,Blue,50,3,2,4,6948.28,680.32,4272.28,0.621
10753,43,M,5,Graduate,Single,Less than $40K,Blue,33,5,2,0,14527.44,5277.1,10003.97,0.74
10754,36,M,2,Graduate,Divorced,$60K - $80K,Blue,50,5,4,1,6985.29,1151.28,5885.83,0.827
10755,51,M,2,Post-Graduate,Divorced,Less than $40K,Blue,52,5,3,1,2357.97,689.17,310.89,0.202
10756,71,F,1,Post-Graduate,Divorced,$60K - $80K,Blue,27,6,6,1,5244.63,3272.57,4306.24,0.797
10757,52,F,1,High School,Married,Less than $40K,Blue,30,1,4,1,7972.01,2541.74,4137.43,0.44
10758,36,F,2,High School,Single,$80K - $120K,Blue,41,5,1,5,5674.0,2705.99,3943.43,0.644
10759,69,M,3,Uneducated,Single,$40K - $60K,Blue,50,4,3,2,14062.33,5646.19,7869.85,0.506
10760,58,M,3,Graduate,Single,$40K - $60K,Blue,33,4,6,3,3434.84,1899.37,1693.83,0.464
10761,29,M,0,High School,Single,$60K - $80K,Gold,29,3,6,0,10908.75,1737.93,6588.93,0.649
10762,41,M,2,High School,Married,Less than $40K,Blue,53,2,5,2,8725.37,6058.1,2493.84,0.268
10763,28,M,1,High School,Single,,Blue,30,2,4,4,5775.18,2890.73,4545.91,0.733
10764,70,F,4,Graduate,Single,$40K - $60K,Blue,49,1,6,3,6599.4,1581.66,763.5,0.057
10765,48,M,2,Doctorate,Married,$60K - $80K,Blue,50,6,5,3,3212.4,437.78,912.21,0.282
10766,25,F,2,Graduate,Single,Less than $40K,Blue,24,6,6,1,4644.84,719.06,213.03,0.107
10767,33,M,0,Graduate,Married,$60K - $80K,Blue,23,5,0,2,7554.65,4516.65,1852.39,0.254
10768,53,M,2,Post-Graduate,,Less than $40K,Blue,32,1,3,4,5066.92,2339.28,1019.04,0.239
10769,73,M,0,Graduate,Married,$40K - $60K,Blue,21,3,4,1,5685.27,1799.56,347.9,0.077
10770,68,F,1,Uneducated,Married,$40K - $60K,Silver,13,3,0,1,9493.35,2686.91,4064.79,0.367
10771,28,F,0,Uneducated,Single,$80K - $120K,Blue,15,2,4,6,1926.61,1250.43,787.92,0.433
10772,56,F,3,High School,Single,$40K - $60K,Blue,33,3,1,6,6738.99,4463.46,569.64,0.039
10773,24,M,1,Doctorate,Single,$80K - $120K,Blue,35,5,2,6,14612.02,6675.99,3467.96,0.221
10774,41,M,1,Graduate,Single,$120K +,Silver,21,4,5,5,4470.37,1864.95,3626.62,0.782
10775,55,F,4,Uneducated,Married,Less than $40K,Blue,31,3,4,0,2774.29,1724.26,310.47,0.108
10776,70,M,1,Graduate,Married,$60K - $80K,Blue,31,1,3,3,4440.41,2551.17,1212.97,0.263
10777,72,F,2,Uneducated,Divorced,Less than $40K,Blue,35,5,4,4,2387.75,788.5,118.83,0.035
10778,34,M,1,Post-Graduate,Married,$40K - $60K,Blue,39,3,4,3,6226.88,671.99,894.03,0.133
10779,44,M,0,Graduate,Unknown,$80K - $120K,Blue,39,6,4,2,5281.53,3105.28,3171.56,0.611
10780,49,M,3,Graduate,Single,$60K - $80K,Silver,51,3,6,0,6553.84,1101.64,2125.9,0.313
10781,48,M,0,Uneducated,Single,$60K - $80K,Blue,48,6,4,1,5117.0,314.51,2022.36,0.388
10782,45,F,2,Uneducated,Unknown,$40K - $60K,Blue,24,5,6,0,6125.68,3922.35,920.64,0.23
10783,50,M,2,High School,Married,,Blue,39,3,3,1,7046.38,3204.54,4130.42,0.628
10784,72,M,2,Post-Graduate,Married,Less than $40K,Blue,46,6,3,6,2846.36,1918.92,1832.38,0.624
10785,36,M,3,Graduate,Single,$80K - $120K,Blue,45,4,4,0,6653.18,2589.5,1133.19,0.175
10786,56,M,1,High School,Married,$60K - $80K,Blue,40,2,6,1,12197.88,8520.67,699.48,0.058
10787,57,F,0,Graduate,Divorced,$60K - $80K,Blue,43,5,2,3,3240.74,965.03,282.53,0.09
10788,64,F,3,Graduate,Married,$40K - $60K,Blue,44,6,4,6,6516.44,3630.73,3684.06,0.565
10789,58,F,2,Doctorate,Single,$40K - $60K,Blue,32,1,5,6,11210.29,2922.42,1485.07,0.136
10790,24,F,4,Graduate,Single,$40K - $60K,Blue,52,3,5,6,2913.84,148.07,1252.81,0.42
10791,44,M,3,Doctorate,Single,Less than $40K,Blue,47,6,3,3,8529.82,2693.9,1251.26,0.122
10792,71,F,4,High School,Married,$40K - $60K,Blue,43,6,5,3,4867.76,2757.27,784.79,0.146
10793,29,M,2,Graduate,Married,$80K - $120K,Blue,43,6,5,3,9592.52,1487.0,226.57,0.0
10794,51,M,1,Graduate,Single,$120K +,Blue,50,2,1,6,3494.87,1409.7,1000.53,0.314
10795,40,F,3,Graduate,Married,$60K - $80K,Blue,34,1,4,0,5472.68,1087.01,517.34,0.114
10796,28,M,2,High School,Single,$40K - $60K,Blue,53,1,4,1,2385.91,243.93,827.88,0.427
10797,54,F,0,High School,Single,Less than $40K,Gold,21,4,4,3,6995.43,3373.31,3610.77,0.468
10798,28,M,4,Graduate,Single,$80K - $120K,Silver,21,2,4,0,7039.61,5043.02,2288.24,0.309
10799,61,F,4,Graduate,Single,Less than $40K,Blue,27,6,0,1,7405.25,1980.85,4481.79,0.652
10800,26,F,2,Graduate,Married,$120K +,Gold,25,5,4,6,7207.54,3289.9,4579.71,0.65
10801,46,F,0,Graduate,Single,$40K - $60K,Silver,34,2,6,0,5231.28,3753.56,3129.26,0.663
10802,60,F,1,Uneducated,Divorced,$40K - $60K,Blue,28,2,3,6,2440.13,1233.09,1945.94,0.857
10803,60,F,3,Uneducated,Married,$120K +,Silver,44,1,6,5,9491.45,4946.75,2059.21,0.12
10804,33,M,4,Graduate,Unknown,,Blue,14,4,3,3,5384.96,943.71,954.48,0.188
10805,33,M,1,Graduate,Married,$60K - $80K,Blue,38,4,0,2,6828.9,2696.23,3592.41,0.537
10806,42,M,0,High School,Married,$60K - $80K,Blue,26,2,4,0,4967.32,1524.76,2551.95,0.513
10807,40,F,4,Uneducated,Married,Less than $40K,Blue,50,2,2,3,16152.36,6132.56,7161.66,0.426
10808,44,M,1,High School,Unknown,$40K - $60K,Blue,46,3,6,4,4025.07,2457.62,95.04,0.086
10809,37,F,2,Graduate,Married,$60K - $80K,Blue,20,6,4,1,3940.81,1467.91,1894.93,0.48
10810,32,M,5,Graduate,Divorced,$80K - $120K,Gold,48,1,3,5,2329.94,219.0,1850.49,0.669
10811,69,M,0,Graduate,Divorced,Less than $40K,Gold,33,6,6,3,5852.39,4002.33,1742.25,0.28
10812,24,F,2,High School,Married,$120K +,Gold,55,5,1,4,15285.0,6593.51,12581.2,0.906
10813,68,M,0,Doctorate,Married,Less than $40K,Silver,40,5,5,0,5891.55,4107.27,1862.37,0.271
10814,36,M,1,High School,Single,$40K - $60K,Gold,56,4,1,0,6231.78,2808.34,848.02,0.185
10815,27,M,3,Post-Graduate,Married,$40K - $60K,Blue,18,1,2,4,9393.48,927.56,3294.06,0.392
10816,24,F,2,High School,Single,Less than $40K,Blue,32,6,4,5,6012.86,2627.67,2588.7,0.42
10817,72,F,5,High School,Married,Less than $40K,Blue,43,4,0,4,10637.2,4818.84,5770.21,0.55
10818,63,M,2,Uneducated,Single,$120K +,Gold,45,5,4,1,11542.16,2308.87,5067.57,0.436
10819,55,M,1,High School,Single,$40K - $60K,Blue,56,2,2,0,3969.35,1507.24,1847.64,0.444
10820,57,M,1,Doctorate,Married,Less than $40K,Silver,19,1,2,4,2504.31,930.62,100.11,0.013
10821,51,F,1,Graduate,Married,Less than $40K,Blue,20,1,5,2,8036.73,3905.96,1852.5,0.287
10822,54,F,1,High School,Married,$80K - $120K,Blue,21,6,2,2,6567.91,1521.98,1825.08,0.271
10823,31,M,0,Uneducated,Married,$80K - $120K,Silver,14,3,1,4,3094.19,1414.74,2596.9,0.808
10824,62,M,1,Graduate,Single,$40K - $60K,Blue,29,6,5,1,3787.96,828.3,1005.03,0.287
10825,49,M,2,Uneducated,Single,Less than $40K,Blue,49,2,4,0,3781.49,1370.83,2889.67,0.781
10826,57,F,3,High School,Married,$40K - $60K,Blue,54,2,6,2,5964.65,810.56,1627.94,0.213
10827,26,F,3,Uneducated,Single,Less than $40K,Blue,56,4,4,4,9519.19,724.51,949.74,0.074
10828,73,M,3,High School,Single,Less than $40K,Blue,29,1,0,6,9816.88,2693.86,2213.93,0.158
10829,35,M,0,Graduate,Married,$40K - $60K,Blue,50,4,2,4,8496.9,2057.95,2094.04,0.348
10830,24,M,1,Post-Graduate,Married,$40K - $60K,Blue,47,2,2,3,4683.75,1568.38,3896.63,0.817
10831,67,F,3,Uneducated,Divorced,$60K - $80K,Blue,51,3,3,4,18649.33,13490.7,10810.31,0.553
10832,28,M,2,Uneducated,Single,$40K - $60K,Silver,42,1,5,1,5601.42,2327.73,4443.58,0.773
10833,53,F,0,Doctorate,Single,$120K +,Blue,18,2,3,2,4441.1,1941.75,3166.71,0.683
10834,53,F,3,Uneducated,Single,$120K +,Blue,16,3,5,3,2594.55,1839.85,1297.89,0.493
10835,40,M,3,High School,Married,$60K - $80K,Silver,49,6,1,2,4543.06,3156.53,2637.57,0.63
10836,71,M,2,Graduate,Single,$40K - $60K,Blue,47,5,5,2,7001.14,4682.91,3770.92,0.543
10837,70,M,0,Graduate,Single,$40K - $60K,Gold,21,2,4,1,2298.64,272.61,1317.12,0.517
10838,46,F,3,Graduate,Single,$40K - $60K,Blue,18,5,0,4,3254.33,1607.67,780.27,0.194
10839,38,F,2,Graduate,Married,$80K - $120K,Blue,25,4,6,1,4253.36,2618.66,1525.87,0.366
10840,60,F,3,Graduate,Married,$40K - $60K,Blue,34,5,5,4,3590.47,2279.6,1837.86,0.479
10841,44,F,3,High School,Married,$80K - $120K,Gold,40,2,5,3,3431.23,1559.61,170.95,0.042
10842,37,M,3,Post-Graduate,Unknown,$120K +,Silver,42,5,5,1,10209.17,635.49,4295.54,0.527
10843,25,F,2,High School,Married,$40K - $60K,Blue,48,1,0,1,2218.6,1623.13,1627.51,0.693
10844,34,F,0,Graduate,Single,$60K - $80K,Blue,14,2,2,6,6056.92,2304.89,2596.39,0.371
10845,62,M,3,Graduate,Married,Less than $40K,Silver,48,3,0,5,7317.3,2381.91,3500.8,0.449
10846,61,F,2,Doctorate,Married,Less than $40K,Blue,20,5,2,0,4214.37,1375.84,790.54,0.116
10847,57,F,3,Post-Graduate,Single,$40K - $60K,Silver,54,1,6,1,4854.6,1684.09,3297.75,0.731
10848,61,F,0,Post-Graduate,Single,Less than $40K,Blue,21,4,4,5,5378.7,1180.77,1709.72,0.271
10849,73,F,0,High School,Single,$80K - $120K,Blue,13,4,0,0,7796.04,2176.14,6345.72,0.775
10850,57,F,4,Graduate,Married,Less than $40K,Blue,25,5,2,6,12763.99,9442.17,10782.81,0.791
10851,41,F,3,High School,Single,$40K - $60K,Blue,27,4,4,4,2713.6,835.02,2117.37,0.713
10852,53,M,4,Graduate,Married,$60K - $80K,Blue,44,3,4,4,3322.79,1391.28,300.54,0.088
10853,38,M,3,Graduate,Married,$60K - $80K,Platinum,46,2,2,4,3416.1,2199.31,1013.02,0.266
10854,50,F,2,High School,Single,$40K - $60K,Blue,55,1,2,5,5462.12,2289.72,4394.08,0.732
10855,57,M,3,Graduate,Married,$80K - $120K,Blue,43,6,1,5,4414.39,1223.3,3036.05,0.673
10856,61,M,4,Uneducated,Married,$60K - $80K,Blue,26,5,4,0,7934.99,3305.92,6159.79,0.791
10857,56,M,2,Uneducated,Single,$40K - $60K,Blue,26,4,2,4,3833.11,497.77,1898.23,0.478
10858,47,M,2,Graduate,Single,Less than $40K,Gold,41,2,4,2,3374.38,475.8,1412.95,0.443
10859,38,F,0,High School,Single,$40K - $60K,Silver,31,6,0,1,3614.75,1937.06,391.81,0.176
10860,53,F,2,,Married,$80K - $120K,Blue,39,3,6,5,5861.33,4057.34,4201.17,0.749
10861,65,M,3,Graduate,Married,$60K - $80K,Platinum,21,4,3,5,9345.6,5214.61,5966.86,0.647
10862,40,M,1,Uneducated,Married,$80K - $120K,Silver,49,4,3,5,5367.21,548.69,369.63,0.101
10863,28,M,1,High School,Unknown,$60K - $80K,Gold,49,1,5,0,4046.12,1343.42,784.2,0.283
10864,52,F,1,Post-Graduate,Single,Less than $40K,Blue,55,3,2,4,3119.52,161.55,1505.29,0.425
10865,27,F,1,High School,Single,Less than $40K,Gold,40,3,2,2,12288.29,5011.71,7226.18,0.613
10866,33,M,1,Uneducated,Married,$40K - $60K,Blue,36,5,4,1,2088.02,386.79,280.35,0.094
10867,40,F,1,Graduate,Single,$60K - $80K,Blue,40,6,5,1,4964.97,3265.47,1108.2,0.233
10868,33,F,4,Doctorate,Married,$80K - $120K,Gold,48,1,2,4,8261.42,1016.44,1489.38,0.127
10869,40,F,2,Graduate,Single,$40K - $60K,Blue,30,5,4,2,4927.47,251.32,998.29,0.233
10870,43,F,0,Post-Graduate,Divorced,$60K - $80K,Blue,37,1,2,0,4028.0,1473.45,3158.72,0.795
10871,47,M,0,High School,Unknown,$40K - $60K,Silver,47,3,4,5,7384.33,1172.66,4534.94,0.674
10872,28,F,3,High School,Single,$40K - $60K,Silver,16,1,2,5,3013.7,1707.53,1904.05,0.621
10873,57,M,1,Uneducated,Married,$40K - $60K,Blue,26,1,1,6,2111.32,1465.16,1433.62,0.667
10874,29,F,3,Uneducated,Divorced,Less than $40K,Gold,51,1,6,4,6679.13,530.03,2110.31,0.304
10875,25,F,3,Uneducated,Single,Less than $40K,Blue,38,2,4,1,3181.64,1040.1,2089.58,0.755
10876,36,F,3,Post-Graduate,Married,Less than $40K,Blue,20,2,6,5,5913.24,4421.75,4920.31,0.857
10877,66,F,1,Doctorate,Single,Less than $40K,Silver,36,6,1,6,5139.48,2892.86,3081.98,0.653
10878,66,M,3,High School,Married,Less than $40K,Blue,28,6,1,1,6349.16,4553.82,2323.19,0.395
10879,71,F,1,Graduate,Single,$60K - $80K,Blue,32,3,1,1,4854.25,800.26,2983.32,0.65
10880,34,F,4,Graduate,,$40K - $60K,Blue,27,1,1,4,7449.03,1526.74,5718.32,0.709
10881,70,F,2,,Single,$120K +,Blue,19,3,0,3,3735.18,591.53,473.89,0.104
10882,46,M,1,Graduate,Married,Less than $40K,Blue,29,2,6,6,8452.22,2211.59,2030.18,0.215
10883,39,M,1,High School,Married,$40K - $60K,Silver,34,1,5,3,2815.26,1568.29,2204.39,0.785
10884,54,M,0,Post-Graduate,Single,$40K - $60K,Silver,34,5,6,3,10482.33,1734.43,8442.19,0.801
10885,34,F,3,Doctorate,Single,Less than $40K,Blue,24,2,3,6,16998.98,7087.96,7170.77,0.358
10886,39,F,1,Graduate,Single,$80K - $120K,Silver,30,2,0,2,5836.96,1391.81,1931.32,0.333
10887,31,M,2,High School,Married,Less than $40K,Blue,27,2,2,4,13037.03,8219.03,3320.65,0.174
10888,27,M,1,High School,Divorced,$120K +,Blue,49,1,2,6,15034.88,821.13,6524.59,0.465
10889,63,F,3,Graduate,Divorced,$120K +,Gold,28,6,5,1,4610.03,950.5,3668.02,0.8
10890,27,F,3,Graduate,Married,$60K - $80K,Blue,17,4,3,6,5646.71,2674.67,815.06,0.194
10891,48,F,3,Post-Graduate,Married,$60K - $80K,Blue,14,5,3,5,3514.8,413.68,1295.06,0.377
10892,26,F,3,Post-Graduate,Single,$60K - $80K,Blue,40,5,3,6,3641.75,1370.82,2828.31,0.758
10893,55,M,0,Post-Graduate,Single,$40K - $60K,Blue,53,3,1,2,6251.53,2221.45,1936.53,0.247
10894,26,M,0,Graduate,Unknown,$60K - $80K,Gold,39,1,0,3,2236.79,1446.68,1470.71,0.642
10895,50,F,3,Doctorate,Divorced,Less than $40K,Blue,43,6,2,0,8704.84,4246.03,2986.51,0.312
10896,52,F,1,Graduate,Single,Less than $40K,Blue,53,2,0,2,6030.05,3001.71,4149.21,0.703
10897,55,F,2,Graduate,Single,$40K - $60K,Blue,48,4,0,2,8000.31,5730.34,6674.11,0.817
10898,73,F,0,Doctorate,Married,$60K - $80K,Blue,55,1,0,4,4976.02,3670.57,1701.26,0.366
10899,42,F,1,High School,Married,$80K - $120K,Blue,13,1,3,5,7961.66,4039.56,5743.8,0.776
10900,44,M,0,High School,Married,Less than $40K,Blue,41,6,5,2,6302.54,2618.08,5296.57,0.784
10901,28,M,4,Uneducated,Single,$80K - $120K,Gold,13,4,5,6,7269.75,3457.09,6081.72,0.836
10902,41,M,1,Graduate,Single,Less than $40K,Gold,20,2,3,5,9031.24,2869.32,3432.14,0.378
10903,51,M,2,Post-Graduate,Single,$40K - $60K,Blue,28,1,2,4,2742.93,2033.11,1160.76,0.436
10904,65,F,0,High School,Married,$40K - $60K,Blue,40,5,2,6,3736.16,2030.66,1015.58,0.299
10905,45,F,3,Post-Graduate,Single,$40K - $60K,Blue,34,5,2,0,19646.51,4984.41,5513.51,0.344
10906,44,M,1,Graduate,Married,Less than $40K,Gold,30,4,5,1,6164.14,557.46,2642.88,0.384
10907,29,M,4,High School,Married,$60K - $80K,Platinum,34,2,5,1,2139.37,173.94,398.84,0.124
10908,24,F,4,Post-Graduate,Single,$80K - $120K,Blue,53,4,0,3,2145.91,415.1,1309.5,0.618
10909,28,M,1,Graduate,Single,$40K - $60K,Silver,24,1,3,3,5277.77,1124.37,2454.88,0.483
10910,64,F,4,Graduate,Unknown,$60K - $80K,Blue,31,5,1,0,4125.05,1404.71,3157.3,0.794
10911,35,F,5,High School,Married,$80K - $120K,Blue,37,3,0,1,3529.81,707.35,2445.39,0.662
10912,49,F,3,High School,Single,$60K - $80K,Blue,17,4,4,3,14746.09,7249.73,4241.73,0.225
10913,69,M,4,Graduate,Married,$60K - $80K,Blue,46,3,5,5,4489.48,888.37,1974.55,0.489
10914,57,M,1,High School,Married,$40K - $60K,Blue,51,3,0,2,8638.97,1568.09,5554.23,0.663
10915,72,F,2,Uneducated,Divorced,$80K - $120K,Blue,22,6,3,4,6311.14,2397.39,1138.25,0.165
10916,37,F,0,,Single,$60K - $80K,Blue,19,5,4,6,4676.54,3142.95,216.18,0.0
10917,49,M,0,Graduate,Divorced,$40K - $60K,Blue,49,4,6,3,2935.27,1108.99,2135.15,0.701
10918,68,F,5,High School,Married,$40K - $60K,Blue,27,3,0,0,8396.59,2852.27,1126.54,0.162
10919,50,M,1,Graduate,Divorced,$80K - $120K,Blue,54,1,3,6,1514.9,688.77,1148.61,0.776
10920,32,F,3,Uneducated,Married,Less than $40K,Blue,36,6,3,1,8878.39,2042.47,6910.0,0.723
10921,49,M,3,High School,Divorced,$120K +,Blue,38,2,5,0,5977.22,1777.66,2405.12,0.427
10922,70,F,4,Uneducated,Married,Less than $40K,Blue,38,6,1,4,7728.89,1543.34,5330.07,0.686
10923,45,M,5,Graduate,Married,$80K - $120K,Blue,38,2,0,4,5523.53,2487.06,1775.53,0.372
10924,70,M,1,Post-Graduate,Single,$40K - $60K,Blue,22,5,3,0,2789.49,1501.22,2042.91,0.704
10925,53,M,0,Graduate,Divorced,$60K - $80K,Blue,29,4,2,3,6859.25,3577.71,4832.25,0.68
10926,66,M,1,Uneducated,Married,$80K - $120K,Blue,26,4,3,3,8772.69,2003.44,747.17,0.09
10927,71,F,0,Graduate,Married,$40K - $60K,Blue,14,2,1,1,4225.83,2517.55,2127.96,0.487
10928,40,F,0,Graduate,Divorced,$60K - $80K,Silver,25,1,3,5,7895.66,1809.43,4352.08,0.516
10929,49,M,1,High School,Married,Less than $40K,Blue,39,2,5,1,6474.37,1004.94,134.09,0.094
10930,59,M,3,High School,Married,Less than $40K,Blue,21,2,6,2,7046.65,2077.82,5872.2,0.89
10931,24,F,2,Uneducated,Married,$40K - $60K,Blue,19,4,0,5,3428.09,1605.79,1225.37,0.319
10932,31,F,1,Graduate,Married,$60K - $80K,Blue,22,3,5,6,11133.27,1663.32,5003.23,0.458
10933,72,F,3,,Divorced,Less than $40K,Blue,21,1,0,2,6472.52,3259.96,1175.98,0.12
10934,58,M,1,Post-Graduate,Single,Less than $40K,Blue,34,4,4,1,8690.13,5684.63,4580.24,0.595
10935,38,M,0,Graduate,Single,$40K - $60K,Blue,35,6,0,5,4442.71,1133.77,3077.97,0.723
10936,70,F,3,Uneducated,Unknown,$60K - $80K,Gold,19,2,4,5,9440.49,3447.14,4779.63,0.546
10937,45,M,2,Post-Graduate,Single,$80K - $120K,Blue,21,3,5,2,4360.91,914.99,2939.55,0.664
10938,37,F,3,Post-Graduate,Married,Less than $40K,Blue,39,1,2,0,3367.88,1020.07,2111.05,0.674
10939,49,M,0,Uneducated,Married,Less than $40K,Blue,36,5,1,3,14574.33,952.86,3166.36,0.264
10940,51,F,4,High School,Married,$120K +,Gold,41,1,2,5,1491.5,1070.36,569.34,0.375
10941,46,M,2,Graduate,Married,$40K - $60K,Silver,29,1,4,6,28479.58,9715.04,4082.84,0.097
10942,37,F,2,Graduate,Divorced,$80K - $120K,Blue,32,2,3,6,8090.62,4872.24,443.42,0.072
10943,47,M,2,Graduate,Single,$80K - $120K,Gold,19,2,3,5,4625.59,693.15,334.65,0.067
10944,25,F,4,Post-Graduate,Married,$80K - $120K,Blue,55,5,2,2,6580.36,4070.93,5279.26,0.876
10945,68,M,2,Uneducated,Single,Less than $40K,Silver,52,5,3,5,8093.25,5277.63,6775.39,0.839
10946,49,F,2,Graduate,Single,$80K - $120K,Silver,19,5,4,2,4580.92,2523.33,452.74,0.103
10947,37,F,5,Graduate,Divorced,$80K - $120K,Blue,40,4,5,0,16846.31,11493.32,5023.75,0.33
10948,30,F,3,Uneducated,Divorced,$60K - $80K,Blue,31,4,1,6,12382.8,2068.4,1423.64,0.115
10949,26,F,2,Graduate,Single,$40K - $60K,Blue,32,2,6,5,24643.25,9451.61,17556.1,0.74
10950,70,F,3,Graduate,Single,$40K - $60K,Blue,56,2,0,4,2809.36,1359.95,1213.44,0.41
10951,46,F,1,Graduate,Single,Less than $40K,Blue,51,5,4,1,6191.43,2893.47,3316.42,0.491
10952,69,M,1,Uneducated,Single,$60K - $80K,Silver,52,4,6,6,2564.83,1674.14,1200.66,0.432
10953,66,F,2,Graduate,Married,$60K - $80K,Blue,19,3,4,0,3017.53,606.48,1839.22,0.596
10954,70,M,4,Post-Graduate,Married,$40K - $60K,Blue,18,4,0,4,4596.53,794.97,1309.46,0.29
10955,68,M,4,Doctorate,Single,$40K - $60K,Blue,37,2,0,6,4642.49,1055.54,622.65,0.154
10956,41,M,1,Graduate,Married,$40K - $60K,Blue,53,4,1,0,6740.91,4543.95,233.4,0.053
10957,61,M,2,Graduate,Married,$60K - $80K,Blue,25,2,1,3,5175.24,3667.79,2017.96,0.39
10958,58,F,1,Doctorate,Single,$120K +,Blue,51,5,1,0,8539.77,3832.15,6605.53,0.731
10959,38,F,5,Graduate,Married,Less than $40K,Blue,52,5,3,0,6554.46,2628.08,1791.8,0.301
10960,48,F,5,Doctorate,Single,$40K - $60K,Blue,34,5,4,3,13611.18,6448.57,2486.0,0.123
10961,60,M,2,Uneducated,Single,Less than $40K,Blue,29,3,5,5,8676.26,4176.88,6842.23,0.742
10962,51,M,3,Post-Graduate,Unknown,$60K - $80K,Platinum,34,3,0,1,2875.77,486.62,309.21,0.109
10963,33,M,3,Post-Graduate,Single,$80K - $120K,Blue,46,2,4,4,5077.05,2693.31,319.83,0.095
10964,62,M,2,Doctorate,Married,$120K +,Blue,20,1,6,6,5269.01,1931.86,3951.3,0.775
10965,40,M,0,Doctorate,Single,$40K - $60K,Blue,30,6,4,2,7005.5,2887.44,4215.59,0.598
10966,62,M,2,Graduate,Single,$120K +,Blue,36,3,1,1,9935.87,707.65,3679.42,0.388
10967,45,M,3,High School,,Less than $40K,Blue,54,2,1,6,6424.9,3759.78,4140.5,0.602
10968,49,F,3,Graduate,Married,$60K - $80K,Blue,14,4,4,0,7558.99,4798.44,4802.95,0.613
10969,67,F,1,Post-Graduate,Married,Less than $40K,Blue,14,5,1,2,2947.4,1425.35,156.95,0.031
10970,48,F,5,Graduate,Divorced,$120K +,Gold,39,5,3,3,4272.45,2452.84,2483.51,0.542
10971,40,F,0,Post-Graduate,Married,$60K - $80K,Blue,26,5,0,1,1921.45,799.12,1060.49,0.538
10972,36,F,2,Graduate,Single,$60K - $80K,Blue,51,2,6,5,7013.38,3386.39,5750.53,0.812
10973,43,M,3,Post-Graduate,Married,$80K - $120K,Gold,24,5,4,4,8737.04,2850.02,7184.44,0.804
10974,48,F,3,High School,Married,Less than $40K,Blue,44,3,0,1,2662.61,1609.05,888.18,0.323
10975,27,F,2,Post-Graduate,Married,Less than $40K,Blue,40,4,3,1,6000.81,2267.04,3057.83,0.395
10976,33,M,1,Graduate,Married,$80K - $120K,Blue,40,5,6,5,5199.15,2735.53,713.98,0.153
10977,26,M,0,Graduate,Single,$40K - $60K,Blue,37,2,1,2,13920.88,6751.63,1046.28,0.059
10978,64,F,2,Graduate,Divorced,Less than $40K,Silver,16,4,2,3,3363.04,1821.49,1275.29,0.363
10979,68,M,2,Post-Graduate,Married,$40K - $60K,Blue,38,5,3,5,9113.3,5464.8,5400.56,0.537
10980,41,F,0,Graduate,Single,$60K - $80K,Silver,48,1,2,6,10313.34,4217.12,5066.34,0.553
10981,70,F,3,Graduate,Married,Less than $40K,Platinum,15,5,0,3,4940.79,3059.07,1860.78,0.441
10982,59,M,2,Uneducated,Single,$40K - $60K,Gold,13,6,4,5,6459.95,2571.58,4515.72,0.632
10983,70,M,3,Post-Graduate,Married,Less than $40K,Gold,29,3,6,1,9947.78,7158.86,6758.27,0.67
10984,45,M,4,Uneducated,Divorced,$40K - $60K,Blue,19,4,1,3,3004.23,1733.05,1885.19,0.665
10985,57,M,0,Graduate,Single,$120K +,Blue,17,3,6,2,4348.43,738.36,364.99,0.07
10986,70,M,0,Graduate,Single,$120K +,Blue,31,1,3,2,6093.24,3843.06,4149.92,0.657
10987,31,F,3,,Single,$60K - $80K,Blue,51,1,1,4,17115.11,7464.09,13403.18,0.756
10988,63,M,2,Graduate,Single,Less than $40K,Gold,46,6,2,3,4414.41,3262.79,306.08,0.082
10989,72,M,3,Post-Graduate,Unknown,$120K +,Blue,47,3,2,4,4744.51,2624.54,1676.65,0.458
10990,67,M,4,Graduate,Single,$60K - $80K,Gold,28,4,5,6,12879.63,1404.83,10823.2,0.873
10991,42,F,3,Graduate,Divorced,Less than $40K,Silver,52,1,6,5,7919.96,2585.65,4097.54,0.473
10992,65,M,5,High School,Single,$120K +,Platinum,51,1,4,0,18267.94,7528.09,8152.42,0.421
10993,64,M,2,Graduate,Married,$80K - $120K,Gold,39,5,2,6,10034.54,6395.11,1678.58,0.157
10994,60,F,2,High School,Single,$80K - $120K,Blue,53,6,4,2,5075.6,2845.09,2483.76,0.455
10995,29,F,1,High School,Married,$60K - $80K,Blue,50,2,5,1,4693.63,1448.23,1804.26,0.343
10996,49,M,0,Uneducated,Single,Less than $40K,Blue,37,1,3,2,3494.61,1773.18,439.54,0.156
10997,57,F,2,Graduate,Single,Less than $40K,Blue,38,4,5,0,2683.13,1217.71,1087.73,0.385
10998,68,M,1,Post-Graduate,Single,$60K - $80K,Blue,26,4,4,1,6633.93,917.05,1037.89,0.171
10999,29,M,4,Doctorate,Married,Less than $40K,Silver,26,5,2,3,7764.54,1664.73,4864.1,0.698
11000,60,M,2,Graduate,Married,$40K - $60K,Gold,26,4,0,3,8296.38,2395.88,6870.47,0.807
11001,56,M,2,High School,Single,$80K - $120K,Blue,37,5,4,6,5138.88,960.14,2105.65,0.421
11002,45,F,1,Post-Graduate,Unknown,$80K - $120K,Blue,48,1,1,2,15899.87,2465.97,8663.29,0.504
11003,44,M,0,Post-Graduate,Married,$40K - $60K,Blue,16,1,0,1,2605.44,236.41,984.1,0.394
11004,29,M,0,Post-Graduate,Married,$80K - $120K,Blue,27,1,6,5,2448.14,1618.64,330.29,0.187
11005,29,F,1,Post-Graduate,Single,$80K - $120K,Blue,44,1,4,1,3504.18,883.97,2892.91,0.875
11006,71,F,0,Uneducated,Single,$60K - $80K,Blue,30,2,1,4,5518.04,1397.3,703.83,0.129
11007,27,M,2,Graduate,Married,$40K - $60K,Blue,26,6,6,0,3008.18,584.67,338.87,0.092
11008,53,F,4,Graduate,Married,$40K - $60K,Blue,13,6,5,6,11537.06,4416.13,4627.67,0.411
11009,34,M,4,Post-Graduate,Married,$40K - $60K,Blue,54,2,0,3,3663.13,1501.77,2076.54,0.569
11010,53,F,3,High School,Unknown,Less than $40K,Blue,32,1,4,2,3320.45,650.13,1044.57,0.333
11011,54,F,1,Uneducated,Married,$40K - $60K,Blue,22,4,3,1,9826.09,4677.21,1766.62,0.154
11012,47,F,4,High School,Married,Less than $40K,Blue,22,5,5,3,6164.69,3428.18,4313.68,0.684
11013,32,M,4,Graduate,Married,$40K - $60K,Blue,36,6,1,2,8468.33,2639.48,2721.52,0.313
11014,26,M,0,Doctorate,Married,$120K +,Platinum,46,3,3,3,5357.9,2463.65,971.31,0.208
11015,54,M,3,Post-Graduate,Single,Less than $40K,Blue,40,5,2,2,6386.67,2564.96,2063.03,0.355
11016,63,M,1,Graduate,Married,$80K - $120K,Blue,39,3,5,3,2500.01,467.21,495.2,0.181
11017,60,M,3,Graduate,Married,$60K - $80K,Silver,52,3,5,5,5070.48,2844.58,2287.5,0.405
11018,59,F,5,Uneducated,Single,Less than $40K,Blue,13,1,4,4,3090.45,1888.32,1776.02,0.589
11019,47,M,0,Graduate,Married,$120K +,Gold,45,3,4,0,16113.6,8123.75,11015.78,0.713
11020,54,M,4,Uneducated,Married,$60K - $80K,Blue,16,1,1,3,11198.72,3098.99,2339.15,0.204
11021,29,F,2,High School,Single,$40K - $60K,Blue,19,2,5,0,3838.53,2682.19,608.68,0.13
11022,25,M,5,Doctorate,Single,$80K - $120K,Blue,21,4,4,3,4906.66,1809.34,177.97,0.017
11023,43,F,2,Doctorate,Divorced,$40K - $60K,Blue,28,3,2,6,5035.52,1188.96,1054.0,0.275
11024,51,M,4,High School,Divorced,$60K - $80K,Blue,17,4,6,1,17982.95,6038.03,716.47,0.049
11025,34,M,0,Graduate,Single,Less than $40K,Blue,46,1,6,4,6839.86,3655.58,2098.08,0.347
11026,27,M,1,High School,Married,$80K - $120K,Blue,35,3,6,6,4346.72,2791.26,612.56,0.109
11027,38,M,0,Post-Graduate,Single,$40K - $60K,Blue,55,5,4,5,5962.11,1786.27,2988.89,0.55
11028,29,F,5,Graduate,Single,$60K - $80K,Blue,37,2,5,4,2361.75,502.67,799.44,0.374
11029,72,M,3,Post-Graduate,Single,$40K - $60K,Blue,25,6,6,0,5281.59,2580.3,515.88,0.094
11030,53,F,4,High School,Single,$60K - $80K,Blue,36,2,0,1,3035.14,2108.97,1068.03,0.376
11031,61,M,4,Graduate,Married,$80K - $120K,Blue,23,3,3,2,1990.79,354.97,385.73,0.246
11032,25,M,0,High School,Single,$40K - $60K,Blue,29,2,5,6,16401.35,10039.49,9587.36,0.54
11033,38,F,1,Graduate,Single,$60K - $80K,Silver,49,6,2,4,5418.95,2078.84,1747.51,0.301
11034,34,M,0,Graduate,Unknown,$40K - $60K,Blue,25,5,5,5,3597.99,2193.55,511.04,0.163
11035,31,F,1,Uneducated,Married,$120K +,Blue,39,4,2,6,2162.57,873.42,670.76,0.311
11036,49,F,1,Post-Graduate,Married,$60K - $80K,Blue,32,5,5,1,4870.2,1529.87,1004.4,0.223
11037,68,F,2,Graduate,Married,$80K - $120K,Blue,45,2,6,1,5066.76,2724.49,3447.91,0.708
11038,67,F,1,Uneducated,Single,$80K - $120K,Gold,54,6,3,0,8377.31,5700.25,7005.07,0.856
11039,28,M,0,Post-Graduate,Married,$40K - $60K,Blue,44,4,3,5,3254.83,892.4,133.96,0.031
11040,29,M,0,Uneducated,Married,$40K - $60K,Blue,20,6,2,1,4100.8,1527.65,2430.61,0.585
11041,49,M,0,Graduate,Unknown,$40K - $60K,Blue,41,5,5,1,3307.6,696.52,790.8,0.301
11042,27,F,5,Graduate,Married,$80K - $120K,Gold,52,1,3,2,4878.42,870.24,366.46,0.079
11043,42,F,3,High School,Single,$40K - $60K,Blue,31,1,1,0,1837.86,1092.65,58.65,0.086
11044,43,M,5,Post-Graduate,Married,$60K - $80K,Platinum,18,4,5,0,3534.03,673.11,2654.9,0.808
11045,56,F,2,High School,Single,$80K - $120K,Gold,56,4,3,5,7776.39,4707.23,2437.85,0.282
11046,43,M,1,Graduate,Single,$40K - $60K,Blue,51,4,0,1,2803.18,982.38,2370.01,0.875
11047,72,F,3,Graduate,Divorced,$60K - $80K,Gold,53,1,0,2,9530.3,7114.69,3689.88,0.344
11048,35,M,1,Graduate,Divorced,$40K - $60K,Blue,33,5,1,3,8891.51,1672.84,1562.29,0.24
11049,70,F,1,Post-Graduate,Married,Less than $40K,Gold,34,4,3,4,9310.2,1071.46,6191.55,0.673
11050,24,F,1,High School,Married,$80K - $120K,Blue,54,1,0,6,5486.33,564.01,4328.65,0.795
11051,49,M,0,Graduate,Married,Less than $40K,Blue,22,4,6,0,5221.73,3314.72,3639.37,0.662
11052,37,M,1,Post-Graduate,Single,$40K - $60K,Blue,22,4,5,2,6557.0,2337.2,4186.75,0.614
11053,61,M,1,Uneducated,Divorced,$80K - $120K,Silver,41,6,4,5,11369.05,593.32,3385.71,0.307
11054,60,M,3,Post-Graduate,Married,$40K - $60K,Blue,28,4,3,2,10814.1,7162.61,795.13,0.077
11055,34,M,0,Uneducated,Single,$120K +,Blue,13,1,1,1,2204.54,1463.47,412.42,0.172
11056,59,F,1,Post-Graduate,Married,$120K +,Blue,29,5,3,4,3400.36,2089.49,1329.04,0.426
11057,36,F,3,Post-Graduate,Single,$40K - $60K,Blue,42,1,2,0,3080.47,689.48,2506.41,0.814
11058,66,F,0,High School,Unknown,Less than $40K,Blue,38,1,2,3,8202.78,2550.46,5085.47,0.58
11059,26,M,1,Post-Graduate,Married,$60K - $80K,Blue,31,4,0,1,3785.36,2163.14,2678.05,0.736
11060,56,F,4,Post-Graduate,Single,$40K - $60K,Blue,33,6,2,0,4917.91,1930.51,1230.23,0.204
11061,29,F,0,Post-Graduate,Married,Less than $40K,Blue,29,3,1,6,14071.05,2218.7,8267.77,0.511
11062,73,M,0,Graduate,Single,$60K - $80K,Blue,52,3,0,5,10188.22,2240.99,7496.73,0.74
11063,33,F,2,Graduate,Single,Less than $40K,Blue,33,3,1,0,11724.23,8568.22,4899.69,0.377
11064,28,F,1,Graduate,Married,$80K - $120K,Blue,53,1,5,2,3707.74,577.33,1397.11,0.384
11065,46,M,2,Graduate,Married,Less than $40K,Platinum,52,4,1,6,1197.78,668.67,739.16,0.65
11066,33,M,3,High School,Married,Less than $40K,Blue,31,3,2,4,4424.73,1701.81,2144.78,0.524
11067,67,M,0,Doctorate,Single,Less than $40K,Gold,19,2,5,3,2491.23,1430.02,2103.43,0.864
11068,25,M,2,High School,Single,$120K +,Silver,29,2,2,4,1888.01,968.13,703.92,0.32
11069,36,F,2,High School,Married,$60K - $80K,Blue,13,2,1,2,10231.98,3657.08,1698.85,0.137
11070,63,F,0,Graduate,Single,$80K - $120K,Blue,49,5,2,3,3367.7,1002.69,1386.5,0.412
11071,25,F,2,Post-Graduate,Single,$40K - $60K,Silver,18,4,2,3,3529.44,2040.2,759.61,0.216
11072,43,M,1,Graduate,Married,$40K - $60K,Blue,38,1,2,1,4497.75,1242.27,2185.19,0.448
11073,24,M,2,Graduate,Married,$40K - $60K,Blue,14,1,3,3,13603.4,8181.63,1692.42,0.106
11074,60,F,0,Graduate,Single,$40K - $60K,Blue,44,4,5,0,5032.22,2646.39,4068.45,0.841
11075,32,F,2,Graduate,Unknown,$60K - $80K,Blue,17,6,5,4,9282.42,4217.64,6810.08,0.754
11076,40,M,1,Uneducated,Married,$60K - $80K,Silver,49,6,6,5,4624.22,1425.0,689.56,0.137
11077,32,M,3,Uneducated,Married,$40K - $60K,Blue,43,5,5,5,2305.95,446.33,376.07,0.204
11078,34,F,0,Graduate,Married,$120K +,Blue,24,4,6,4,2858.62,1564.51,1273.01,0.392
11079,38,M,1,Graduate,Single,Less than $40K,Blue,47,6,1,1,5488.56,625.39,3630.64,0.694
11080,47,M,2,Post-Graduate,Married,$120K +,Blue,42,5,6,3,5835.43,4256.24,1177.8,0.229
11081,61,F,3,High School,Married,Less than $40K,Blue,18,3,6,2,7413.02,5449.49,523.41,0.1
11082,58,M,2,Graduate,Single,$40K - $60K,Blue,27,3,4,6,7414.72,1046.63,3505.63,0.485
11083,53,M,3,Graduate,Single,$40K - $60K,Gold,27,5,1,6,9023.55,1107.68,5360.22,0.568
11084,54,M,3,Uneducated,Married,$40K - $60K,Blue,28,4,5,0,3602.81,1221.0,802.79,0.247
11085,72,M,4,High School,Married,$60K - $80K,Silver,32,3,0,1,15025.04,10886.82,9525.98,0.617
11086,28,F,1,Graduate,Single,$40K - $60K,Blue,25,4,2,6,15800.87,5217.73,12783.45,0.817
11087,67,M,2,Post-Graduate,Married,$40K - $60K,Blue,56,6,2,3,4130.73,1258.47,552.58,0.105
11088,73,M,4,Graduate,Married,$80K - $120K,Blue,54,3,4,5,3554.07,1928.12,1578.55,0.43
11089,37,F,5,High School,Divorced,$60K - $80K,Blue,43,6,0,2,2060.82,360.87,138.44,0.061
11090,34,F,4,Uneducated,Married,$80K - $120K,Blue,46,4,3,3,6042.01,1838.74,1157.22,0.208
11091,32,F,1,Graduate,Single,$40K - $60K,Blue,41,4,6,1,7053.96,1791.11,666.95,0.117
11092,57,M,0,Post-Graduate,Divorced,$60K - $80K,Blue,15,2,1,2,3999.3,1883.97,1421.05,0.423
11093,35,M,2,Graduate,Married,$60K - $80K,Silver,21,5,3,6,6425.46,1053.31,4506.11,0.707
11094,58,F,3,Graduate,Married,$40K - $60K,Blue,23,1,0,2,2563.7,1112.88,1279.33,0.461
11095,58,F,2,Graduate,Single,$40K - $60K,Blue,23,5,4,2,9364.9,6089.83,1917.42,0.237
11096,24,M,2,High School,Divorced,$40K - $60K,Blue,37,4,0,2,4107.07,1683.57,218.87,0.067
11097,63,M,4,High School,Divorced,Less than $40K,Blue,34,4,4,6,6446.68,3406.73,3090.03,0.472
11098,45,M,1,Doctorate,Single,Less than $40K,Blue,54,5,3,3,6173.92,633.9,803.98,0.114
11099,52,F,4,Graduate,Married,Less than $40K,Blue,21,4,3,2,1871.06,681.63,569.68,0.28
11100,31,F,1,High School,Single,$60K - $80K,Gold,32,6,0,3,8701.24,1013.04,3858.65,0.417
11101,34,M,1,Graduate,Married,,Silver,33,3,0,2,3572.64,1677.79,2751.28,0.721
11102,64,M,2,Post-Graduate,Single,$120K +,Blue,22,4,6,2,6147.99,1516.94,540.49,0.127
11103,60,F,3,High School,Married,$80K - $120K,Blue,34,5,2,1,2532.77,635.94,1456.2,0.592
11104,37,F,0,Graduate,Married,Less than $40K,Blue,41,5,4,3,4225.3,438.32,133.89,0.035
11105,53,M,0,High School,Single,$80K - $120K,Silver,21,5,2,5,6716.28,1794.37,3645.76,0.518
11106,58,F,5,High School,Married,$80K - $120K,Blue,17,2,1,3,3037.79,1229.31,1451.37,0.521
11107,44,F,0,High School,Married,$40K - $60K,Blue,52,6,1,4,3130.71,1437.82,2172.24,0.637
11108,60,M,2,Doctorate,Married,$60K - $80K,Silver,23,6,0,6,5891.65,569.52,2717.7,0.456
11109,28,F,2,High School,Divorced,$120K +,Blue,13,2,3,5,5015.91,2538.16,1568.33,0.352
11110,42,M,2,High School,Single,$60K - $80K,Blue,54,6,1,1,6664.97,2614.09,1476.18,0.142
11111,37,F,2,Graduate,Married,$120K +,Blue,13,2,1,3,4492.7,1913.15,407.75,0.098
11112,49,F,1,Doctorate,Married,Less than $40K,Blue,51,6,2,1,7826.95,4954.13,3629.58,0.437
11113,27,F,2,Graduate,Married,Less than $40K,Blue,17,2,2,5,4026.6,1165.94,3049.37,0.762
11114,48,F,1,Graduate,Divorced,$40K - $60K,Blue,34,2,6,1,7637.98,1312.48,3415.99,0.432
11115,68,M,3,High School,Single,$60K - $80K,Blue,38,6,6,1,3340.16,1457.2,2115.84,0.657
11116,65,F,0,Graduate,Single,$80K - $120K,Blue,18,2,1,0,3930.25,2796.43,1052.13,0.317
11117,48,F,2,Graduate,Single,$120K +,Silver,44,6,0,3,8220.39,3390.98,3221.97,0.492
11118,41,M,0,Graduate,Married,$40K - $60K,Blue,23,2,2,1,4144.73,2620.87,1199.57,0.285
11119,63,F,1,Graduate,Single,Less than $40K,Blue,22,5,1,0,2888.02,1674.83,319.68,0.14
11120,31,F,1,Graduate,Single,$80K - $120K,Blue,51,1,3,0,14243.66,5880.23,5214.61,0.38
11121,62,M,0,High School,Married,$60K - $80K,Silver,46,6,2,2,5394.74,2715.11,3530.09,0.671
11122,63,F,3,Graduate,Married,Less than $40K,Silver,43,2,1,2,7128.11,2385.61,2479.37,0.407
11123,37,F,1,High School,Single,$60K - $80K,Blue,24,5,6,6,1585.03,668.0,887.06,0.532
11124,55,M,4,Post-Graduate,Divorced,$80K - $120K,Blue,56,1,4,5,11441.45,4634.93,7432.95,0.635
11125,61,F,5,Uneducated,Married,$80K - $120K,Silver,28,2,2,3,23574.72,12880.69,6786.48,0.281
11126,56,M,2,Uneducated,Divorced,$60K - $80K,Blue,50,1,4,2,10891.13,3670.17,7427.07,0.643
11127,46,M,0,Uneducated,Single,$40K - $60K,Blue,15,6,2,5,11779.19,1411.58,3549.17,0.301
11128,38,M,1,Post-Graduate,Married,$120K +,Gold,14,1,2,3,4392.61,2644.78,1021.58,0.259
11129,56,F,3,Post-Graduate,Married,$60K - $80K,Blue,17,3,6,5,6317.04,3344.22,1292.66,0.238
11130,48,F,1,Graduate,Married,$40K - $60K,Platinum,23,4,5,6,7193.59,5144.04,1337.44,0.179
11131,40,M,0,Post-Graduate,Single,$40K - $60K,Gold,37,3,5,6,3747.4,1311.97,2367.66,0.677
11132,56,M,2,Graduate,Married,$80K - $120K,Blue,47,6,4,0,5137.24,538.09,3887.0,0.674
11133,70,F,4,Graduate,Married,$40K - $60K,Gold,47,6,0,0,3171.49,428.57,670.57,0.304
11134,25,M,3,Post-Graduate,Single,Less than $40K,Silver,34,1,1,3,4424.78,2616.48,401.55,0.113
11135,37,F,0,Graduate,Single,$60K - $80K,Blue,49,5,0,5,8734.13,850.97,2449.28,0.263
11136,63,F,3,Graduate,Married,$40K - $60K,Blue,34,2,0,5,2082.52,1427.52,1178.73,0.584
11137,63,M,1,Uneducated,Married,$60K - $80K,Blue,23,4,5,2,9290.15,2296.11,3027.4,0.32
11138,62,F,1,High School,Single,Less than $40K,Blue,44,2,1,2,2309.89,1568.91,1099.08,0.392
11139,29,M,4,Graduate,Single,$60K - $80K,Silver,47,5,5,3,5660.99,3348.22,3610.43,0.64
11140,29,F,1,Uneducated,Single,$40K - $60K,Blue,43,6,5,4,5951.47,3927.02,2136.8,0.395
11141,26,F,1,Post-Graduate,Married,Less than $40K,Blue,20,4,6,2,7536.79,1506.06,6404.36,0.888
11142,30,F,0,Graduate,Single,Less than $40K,Blue,32,3,5,1,4980.1,2325.63,1331.17,0.277
11143,31,M,4,Graduate,Single,$120K +,Gold,54,6,3,2,3096.17,357.65,2575.85,0.87
11144,65,F,3,Graduate,Single,$80K - $120K,Blue,46,6,0,4,6087.44,1166.33,1147.57,0.206
11145,38,M,2,Uneducated,Single,$40K - $60K,Blue,16,1,6,5,18167.35,4849.44,2036.08,0.121
11146,70,M,3,Graduate,Married,$80K - $120K,Blue,30,5,6,0,5456.58,3102.44,3509.61,0.616
11147,52,M,0,Graduate,Married,$60K - $80K,Blue,16,1,0,0,3387.16,227.96,2042.18,0.589
11148,56,F,2,High School,Single,$120K +,Blue,32,1,6,5,4253.83,2901.89,2949.06,0.683
11149,53,F,1,High School,Single,$40K - $60K,Blue,21,2,0,0,5973.77,594.76,1823.08,0.317
11150,62,F,0,Uneducated,Single,$60K - $80K,Blue,28,6,3,2,4744.6,1487.64,3760.43,0.825
11151,50,F,2,Graduate,Married,Less than $40K,Blue,38,5,2,6,4395.49,469.27,523.81,0.095
11152,59,M,4,Post-Graduate,Divorced,$40K - $60K,Gold,50,1,6,0,11413.94,6714.56,515.11,0.0
11153,52,F,0,High School,Single,$120K +,Blue,37,3,4,6,7310.07,1088.62,1969.83,0.327
11154,61,M,1,Post-Graduate,Married,$60K - $80K,Blue,16,4,4,4,5152.91,3449.0,3513.15,0.643
11155,56,F,1,Uneducated,Married,$40K - $60K,Blue,53,5,3,6,5174.67,2179.34,2993.94,0.598
11156,60,F,1,Graduate,Single,Less than $40K,Blue,53,2,0,4,6049.63,4319.02,2311.28,0.392
11157,50,F,4,High School,Single,$60K - $80K,Blue,50,5,4,2,7485.15,1895.63,1741.72,0.219
11158,56,F,2,Graduate,Single,$60K - $80K,Blue,31,6,3,5,11134.2,4097.62,770.45,0.093
11159,27,M,2,Post-Graduate,Divorced,$40K - $60K,Blue,26,2,5,1,4385.03,2350.26,1316.08,0.252
11160,45,M,3,Graduate,Married,$120K +,Blue,33,4,1,2,3182.98,2012.72,1278.97,0.467
11161,25,F,0,Uneducated,Married,Less than $40K,Blue,27,3,4,0,4050.7,1397.29,2390.84,0.696
11162,33,M,2,Post-Graduate,Divorced,$40K - $60K,Silver,15,1,1,2,3397.95,2292.61,1889.79,0.605
11163,28,M,1,Uneducated,Divorced,$120K +,Blue,49,5,0,4,2376.06,315.04,1915.81,0.774
11164,33,M,2,Post-Graduate,Single,$40K - $60K,Blue,28,2,4,2,11948.17,6524.65,1234.59,0.01
11165,56,F,5,High School,Divorced,$40K - $60K,Blue,26,4,3,2,8800.16,2584.95,2632.68,0.318
11166,61,M,3,Graduate,Married,$60K - $80K,Blue,21,1,2,1,1566.45,189.44,657.45,0.368
11167,36,M,1,Graduate,Divorced,$80K - $120K,Blue,19,4,4,4,6200.43,1988.26,3575.65,0.56
11168,54,F,3,Uneducated,Married,Less than $40K,Blue,26,3,4,3,4470.7,2978.16,1927.88,0.492
11169,70,F,0,Post-Graduate,Married,$120K +,Blue,18,1,4,3,4187.06,3083.24,3255.81,0.843
11170,59,M,0,Post-Graduate,Married,$80K - $120K,Blue,33,1,4,4,1400.96,455.26,735.78,0.594
11171,68,M,1,Graduate,Married,Less than $40K,Blue,27,1,3,3,5424.17,3636.86,287.06,0.057
11172,47,M,1,High School,Married,$80K - $120K,Gold,20,2,3,0,5737.71,2333.86,656.02,0.15
11173,38,M,2,Post-Graduate,Married,$40K - $60K,Blue,46,1,2,3,2879.04,1588.97,1858.14,0.566
11174,52,M,2,Graduate,Married,$40K - $60K,Blue,52,4,3,0,13426.88,1097.78,8245.5,0.554
11175,31,F,4,Graduate,Married,$80K - $120K,Silver,13,2,3,4,8499.35,3740.72,1252.83,0.136
11176,28,F,2,Post-Graduate,Single,$120K +,Blue,44,1,0,3,3059.54,303.24,210.78,0.103
11177,52,F,2,High School,Married,Less than $40K,Blue,17,4,6,3,9654.52,2298.09,4830.5,0.483
11178,70,M,0,Graduate,Married,$40K - $60K,Blue,42,4,0,5,4257.55,1902.15,2331.7,0.58
11179,27,F,0,Graduate,Single,$40K - $60K,Blue,34,5,6,6,9826.25,6043.29,1300.0,0.086
11180,35,M,2,High School,Divorced,$40K - $60K,Blue,32,4,1,0,2487.19,1100.89,1027.47,0.417
11181,68,F,2,Uneducated,Single,$40K - $60K,Silver,28,6,2,0,6039.26,4259.7,1653.79,0.296
11182,25,F,4,Graduate,Married,Less than $40K,Blue,19,3,6,2,2817.36,1738.97,2234.12,0.823
11183,50,M,0,High School,Single,$60K - $80K,Blue,19,1,0,1,3470.13,553.03,700.74,0.184
11184,54,F,0,Graduate,Married,$40K - $60K,Blue,14,1,2,3,1900.91,612.61,1194.92,0.63
11185,59,M,2,Post-Graduate,Married,Less than $40K,Silver,26,1,2,5,2789.32,1444.7,1255.34,0.388
11186,59,F,1,Graduate,Married,$80K - $120K,Blue,43,4,4,1,2780.37,1965.4,82.19,0.025
11187,49,M,0,Graduate,Single,$80K - $120K,Blue,53,4,5,6,2595.57,1924.36,1165.69,0.492
11188,66,M,3,High School,Married,$40K - $60K,Blue,26,1,5,6,6101.2,3564.51,625.75,0.092
11189,50,F,0,High School,,$40K - $60K,Blue,17,6,5,5,2082.03,940.32,1180.56,0.537
11190,28,M,2,Graduate,Married,$60K - $80K,Blue,23,2,2,1,6482.42,3757.38,3172.4,0.521
11191,43,F,1,Doctorate,Divorced,$40K - $60K,Blue,52,2,4,3,9563.83,2307.42,274.05,0.12
11192,34,M,0,Uneducated,Single,$40K - $60K,Gold,17,3,1,6,3372.88,838.24,640.49,0.277
11193,33,F,1,High School,Married,$80K - $120K,Blue,41,5,1,5,5248.94,2666.7,3486.7,0.675
11194,63,F,3,Graduate,Single,Less than $40K,Blue,23,3,5,0,4572.88,3019.4,1138.15,0.28
11195,61,M,1,Uneducated,Single,Less than $40K,Blue,17,1,1,2,4385.99,3196.8,1905.3,0.5
11196,29,M,3,Graduate,Single,Less than $40K,Blue,44,1,4,5,1348.82,389.72,376.27,0.289
11197,31,M,0,Doctorate,Married,Less than $40K,Blue,48,1,5,4,2959.45,1798.12,2322.78,0.803
11198,46,M,3,High School,Divorced,Less than $40K,Blue,27,5,6,6,12286.89,7938.21,5717.81,0.452
11199,70,M,1,Uneducated,Married,$120K +,Silver,31,4,6,6,6572.29,3195.59,3929.07,0.693
11200,49,F,3,Post-Graduate,Single,$40K - $60K,Blue,34,5,4,3,4816.23,1412.67,430.02,0.118
11201,69,F,2,Uneducated,Married,Less than $40K,Blue,46,3,1,3,1810.03,874.9,96.8,0.043
11202,66,F,4,Post-Graduate,Married,$40K - $60K,Blue,29,4,5,4,7621.63,3499.2,1792.3,0.212
11203,35,F,1,Graduate,Married,$120K +,Blue,24,4,6,6,3331.22,1580.89,921.35,0.202
11204,49,F,0,Uneducated,Single,$60K - $80K,Blue,37,3,4,1,2784.7,1346.35,1645.13,0.528
11205,36,F,0,Graduate,Married,$40K - $60K,Silver,29,4,3,2,2942.55,1891.89,1448.85,0.463
11206,63,M,3,Graduate,Single,$80K - $120K,Platinum,22,2,6,1,7283.45,1231.32,2410.1,0.368
11207,41,F,2,Post-Graduate,Married,$40K - $60K,Blue,40,3,3,4,5289.48,1624.43,2977.54,0.576
11208,48,F,3,Post-Graduate,Single,$40K - $60K,Blue,30,3,4,4,8848.75,4072.21,1378.28,0.106
11209,56,F,1,Uneducated,Single,Less than $40K,Gold,30,2,4,2,10215.38,2536.78,742.62,0.036
11210,70,M,1,Graduate,Single,$40K - $60K,Blue,44,5,0,4,3662.11,2690.58,2670.55,0.741
11211,63,M,0,Doctorate,Single,$40K - $60K,Blue,26,5,6,4,5372.35,1258.23,2622.11,0.555
11212,66,M,5,Post-Graduate,Single,$60K - $80K,Blue,28,5,0,6,4655.69,1763.3,2601.36,0.515
11213,35,F,3,High School,Married,$40K - $60K,Silver,30,4,2,5,2600.64,1727.23,715.2,0.293
11214,67,F,4,Graduate,Single,$60K - $80K,Blue,28,2,6,6,2814.8,298.49,925.29,0.311
11215,59,M,1,Graduate,Married,Less than $40K,Silver,29,3,5,2,5025.14,3138.11,444.05,0.072
11216,71,F,2,Graduate,Single,Less than $40K,Silver,19,3,2,3,5330.06,2396.96,3897.87,0.684
11217,27,M,3,Uneducated,Single,$40K - $60K,Blue,24,3,2,1,5336.46,385.62,2730.8,0.537
11218,28,M,1,Post-Graduate,Married,$120K +,Blue,46,4,1,3,5341.06,3642.81,477.55,0.07
11219,60,M,4,Post-Graduate,Married,$40K - $60K,Silver,22,4,3,3,3511.18,271.9,2414.85,0.674
11220,31,F,5,Uneducated,Married,$60K - $80K,Blue,17,6,1,5,17664.18,7253.84,6864.58,0.428
11221,65,F,4,Graduate,Single,$40K - $60K,Blue,33,5,5,1,6247.87,526.83,4092.57,0.696
11222,72,M,3,Doctorate,Divorced,Less than $40K,Blue,15,6,4,3,4007.66,400.13,122.13,0.001
11223,51,F,1,Graduate,Single,Less than $40K,Blue,31,6,0,2,6862.16,4604.8,300.93,0.056
11224,54,M,1,Uneducated,Single,$40K - $60K,Blue,56,4,5,1,3443.8,2018.34,557.03,0.198
11225,32,F,5,High School,Divorced,Less than $40K,Blue,47,5,4,0,5581.47,1048.53,1088.73,0.188
11226,52,F,0,Uneducated,Married,Less than $40K,Blue,18,5,5,5,6856.05,3320.57,4484.43,0.681
11227,37,F,3,Graduate,Married,$80K - $120K,Gold,26,3,4,3,7446.64,4514.72,4516.81,0.594
11228,63,M,3,Graduate,Single,Less than $40K,Blue,16,4,6,4,2754.47,1852.97,1463.6,0.518
11229,64,F,2,Post-Graduate,Single,$60K - $80K,Blue,30,5,0,1,29100.32,10994.53,21954.24,0.717
11230,45,F,5,Graduate,Divorced,$40K - $60K,Blue,41,6,4,0,10535.38,7145.62,2371.87,0.294
11231,34,M,1,Post-Graduate,Married,$60K - $80K,Blue,47,2,2,4,16820.96,6820.82,12963.17,0.751
11232,46,F,1,Graduate,Married,$60K - $80K,Blue,50,2,5,0,4777.34,2540.4,3701.77,0.743
11233,24,M,0,Post-Graduate,Married,$40K - $60K,Blue,28,4,0,3,6299.58,4632.21,2396.58,0.339
11234,69,F,2,Graduate,Married,$40K - $60K,Blue,32,3,4,4,5611.4,1207.38,551.83,0.102
11235,60,M,1,High School,Married,$80K - $120K,Blue,36,3,2,3,4070.91,683.77,2536.36,0.582
11236,44,F,1,Graduate,Single,$80K - $120K,Silver,47,5,2,4,8343.08,2414.6,2500.01,0.271
11237,49,F,4,Graduate,Married,Less than $40K,Blue,56,4,6,1,3382.92,558.45,2299.68,0.712
11238,69,M,4,High School,Single,Less than $40K,Blue,31,2,3,6,8075.11,2010.01,1258.61,0.174
11239,59,M,0,Graduate,Married,$120K +,Silver,16,6,2,2,4182.03,2384.13,1956.34,0.414
11240,46,M,1,Graduate,Single,$40K - $60K,Blue,45,5,1,6,6849.76,2632.14,3025.55,0.471
11241,24,M,4,High School,Married,$60K - $80K,Platinum,14,6,0,2,12288.28,3840.44,1268.9,0.105
11242,63,M,0,Graduate,Married,$40K - $60K,Silver,25,5,0,6,5112.0,1575.04,1643.85,0.367
11243,38,F,0,Uneducated,Married,Less than $40K,Blue,42,1,0,0,8447.51,1572.68,763.21,0.147
11244,44,M,0,High School,Unknown,$60K - $80K,Blue,46,6,4,5,4157.24,1509.86,1686.74,0.341
11245,70,M,2,Post-Graduate,Single,$60K - $80K,Blue,42,4,5,4,2872.02,1399.38,2066.74,0.75
11246,32,F,0,Post-Graduate,Married,Less than $40K,Blue,36,6,4,3,13717.87,2022.13,3350.86,0.31
11247,32,M,5,Graduate,Married,$40K - $60K,Silver,56,6,1,5,8297.78,6065.42,5433.68,0.663
11248,33,F,2,Post-Graduate,Divorced,$80K - $120K,Blue,45,5,5,1,5108.05,1840.41,879.83,0.2
11249,49,F,2,Graduate,Married,$60K - $80K,Silver,53,2,6,1,8066.93,5756.34,4672.37,0.588
11250,64,F,1,Graduate,Married,Less than $40K,Silver,22,1,2,1,3144.74,453.66,2452.57,0.819
11251,58,F,2,High School,Single,$60K - $80K,Blue,30,6,4,2,7014.5,4117.87,2026.21,0.304
11252,48,F,3,Post-Graduate,Divorced,$60K - $80K,Blue,31,2,5,3,6197.22,2989.21,4755.39,0.686
11253,49,M,3,Post-Graduate,Married,$80K - $120K,Blue,19,3,2,1,7865.98,4908.72,3457.09,0.435
11254,34,M,3,,Married,$60K - $80K,Blue,31,1,5,1,13567.81,6383.31,3838.99,0.276
11255,61,M,2,Graduate,Divorced,Less than $40K,Blue,36,1,2,6,12198.14,8831.28,9320.62,0.793
11256,25,F,4,Uneducated,Married,$80K - $120K,Blue,27,5,5,0,2562.25,1252.56,119.38,0.094
11257,30,M,3,Graduate,Married,$60K - $80K,Blue,53,6,4,4,1835.58,1099.92,79.4,0.034
11258,41,F,3,Graduate,Single,Less than $40K,Gold,54,3,4,4,6295.84,4182.37,3260.35,0.469
11259,50,F,0,Uneducated,Divorced,$40K - $60K,Blue,35,5,1,4,6036.86,3321.53,4112.93,0.694
11260,57,F,0,Post-Graduate,Single,$40K - $60K,Blue,16,4,6,5,2944.27,1227.66,1895.47,0.613
11261,50,F,1,Graduate,Unknown,$60K - $80K,Blue,50,2,6,6,3242.43,781.33,278.72,0.062
11262,40,M,3,Doctorate,Single,Less than $40K,Silver,16,2,3,6,3600.43,2333.6,2911.7,0.904
11263,66,F,1,Uneducated,Married,$60K - $80K,Blue,17,5,0,0,11461.73,4428.87,6917.64,0.576
11264,67,F,1,Graduate,Unknown,$120K +,Blue,53,2,4,2,4241.32,2054.9,3425.98,0.745
11265,47,M,4,Graduate,Married,$80K - $120K,Gold,56,6,4,5,2405.15,253.64,705.07,0.317
11266,48,M,4,Graduate,Married,$120K +,Blue,35,2,2,0,5308.51,2113.56,3163.71,0.624
11267,30,F,4,Uneducated,Single,$120K +,Blue,52,6,3,1,5491.75,2958.46,4029.57,0.769
11268,29,F,1,Post-Graduate,Married,,Blue,49,4,6,3,3117.67,1430.54,1046.87,0.369
11269,47,F,3,High School,Married,$60K - $80K,Silver,23,3,4,5,7609.99,2769.95,6246.54,0.827
11270,56,F,1,Uneducated,Married,$40K - $60K,Blue,23,1,5,5,10280.3,2121.84,2466.7,0.246
11271,72,F,0,Graduate,Married,$80K - $120K,Blue,25,5,6,1,4523.53,1206.74,1275.45,0.32
11272,52,M,0,High School,Single,$40K - $60K,Blue,26,5,3,1,2405.11,1299.81,1885.3,0.848
11273,66,M,1,Graduate,Single,$120K +,Platinum,20,6,0,3,4731.24,979.05,3902.41,0.774
11274,45,M,1,Graduate,Unknown,$60K - $80K,Blue,37,4,5,4,6492.63,3150.28,1666.74,0.232
11275,49,M,4,Uneducated,Married,$80K - $120K,Blue,30,4,2,5,1678.5,776.84,223.58,0.158
11276,51,F,0,Graduate,Married,Less than $40K,Gold,56,1,1,0,7167.68,5227.33,4659.11,0.66
11277,73,F,3,Doctorate,Married,Less than $40K,Blue,56,3,5,2,4474.97,414.15,3542.49,0.72
11278,44,F,2,Graduate,Married,$80K - $120K,Platinum,30,5,6,1,5633.85,708.1,2921.67,0.496
11279,72,M,1,High School,Married,Less than $40K,Gold,22,6,0,1,4690.11,1896.02,2563.85,0.559
11280,30,F,2,Uneducated,Single,$80K - $120K,Gold,19,4,5,2,3634.08,1522.6,2373.94,0.654
11281,40,F,1,Graduate,Divorced,Less than $40K,Blue,56,5,3,0,5174.29,403.33,760.93,0.133
11282,43,F,2,Graduate,Unknown,$60K - $80K,Blue,26,6,3,1,4157.2,2611.13,3442.08,0.922
11283,64,F,2,Graduate,Married,$40K - $60K,Silver,27,2,0,2,4518.04,1790.53,1456.59,0.321
11284,72,M,0,Uneducated,Divorced,$60K - $80K,Platinum,28,5,6,6,3388.94,991.78,1834.91,0.551
11285,43,M,0,Graduate,Married,$60K - $80K,Blue,14,3,3,1,7388.87,2018.62,3021.69,0.414
11286,45,M,2,High School,Married,$40K - $60K,Silver,42,6,5,4,10858.92,7090.71,4436.85,0.417
11287,51,M,4,High School,Divorced,Less than $40K,Blue,42,3,1,4,3402.28,638.65,2052.52,0.605
11288,63,M,1,Graduate,Single,Less than $40K,Blue,30,5,5,1,5157.75,837.06,4361.24,0.762
11289,72,F,3,Doctorate,Married,$60K - $80K,Blue,43,2,1,6,3011.36,599.94,1707.5,0.527
11290,30,F,3,Graduate,Married,$60K - $80K,Silver,56,3,3,1,6808.46,3319.23,4623.41,0.666
11291,24,F,4,Graduate,Married,$80K - $120K,Blue,25,4,5,4,6221.94,3842.99,267.05,0.075
11292,55,F,3,High School,Single,$60K - $80K,Blue,32,6,3,6,4000.1,1126.77,2770.69,0.681
11293,36,M,2,Graduate,Married,$40K - $60K,Platinum,47,5,6,1,5255.3,900.88,1413.57,0.236
11294,53,F,3,Uneducated,Unknown,$40K - $60K,Blue,35,2,1,6,8852.06,1738.86,1107.95,0.163
11295,46,M,4,Graduate,Married,Less than $40K,Blue,54,4,6,0,2272.08,1098.39,259.17,0.168
11296,42,M,1,Uneducated,Married,$40K - $60K,Blue,45,5,3,0,2702.68,600.6,1579.17,0.523
11297,55,M,1,Graduate,Single,$120K +,Blue,50,2,4,3,7574.27,5030.04,6423.15,0.852
11298,53,M,0,High School,Single,$80K - $120K,Blue,47,4,2,0,5667.29,695.51,3247.03,0.466
11299,52,M,3,Uneducated,Married,$40K - $60K,Gold,48,3,5,5,5291.79,384.49,1258.12,0.225
11300,72,M,3,Graduate,Single,$60K - $80K,Blue,32,5,4,6,9238.6,1033.47,1743.73,0.264
11301,68,M,0,Post-Graduate,Divorced,$80K - $120K,Silver,15,5,6,5,8102.61,5201.47,3699.2,0.46
11302,52,F,2,Uneducated,Divorced,$40K - $60K,Blue,20,3,3,5,14126.54,7146.06,1045.12,0.019
11303,53,M,2,High School,Single,Less than $40K,Blue,52,1,3,1,8997.65,6482.1,3162.18,0.297
11304,39,M,0,High School,Divorced,Less than $40K,Blue,44,4,2,1,7344.1,2096.06,4207.99,0.536
11305,63,M,5,Post-Graduate,Single,$60K - $80K,Blue,41,3,3,2,5339.17,1061.83,4394.99,0.796
11306,42,F,1,Graduate,Single,$120K +,Blue,19,5,2,6,5080.75,2252.72,1896.61,0.298
11307,41,M,0,High School,Married,$60K - $80K,Blue,14,4,5,5,5490.21,2341.46,1022.2,0.199
11308,24,M,2,High School,Married,Less than $40K,Blue,33,4,1,5,6217.62,2883.21,4342.45,0.72
11309,37,M,3,High School,Married,Less than $40K,Blue,18,1,2,0,2832.18,830.6,1806.04,0.624
11310,70,M,0,Doctorate,Single,$80K - $120K,Blue,40,5,2,4,6358.07,344.15,4663.99,0.815
11311,73,M,3,High School,Married,$80K - $120K,Blue,54,2,4,6,4811.07,358.53,953.63,0.181
11312,25,M,2,Graduate,Unknown,$60K - $80K,Gold,48,1,3,4,6693.43,3444.96,2382.93,0.404
11313,51,M,0,Post-Graduate,Married,$60K - $80K,Blue,44,1,5,6,4002.93,1666.34,3341.21,0.779
11314,72,M,0,Graduate,Married,Less than $40K,Blue,54,2,1,6,3826.94,2390.72,578.54,0.163
11315,73,M,2,High School,Single,$80K - $120K,Gold,21,2,0,3,6244.12,1625.26,3604.76,0.595
11316,53,F,1,Doctorate,Married,$80K - $120K,Silver,23,1,6,2,7150.96,4439.53,1550.78,0.188
11317,61,F,4,High School,Married,$40K - $60K,Blue,35,4,2,4,3945.53,1372.43,1716.83,0.442
11318,27,M,3,Post-Graduate,Married,$60K - $80K,Blue,23,3,0,3,11362.43,1337.23,7776.71,0.656
11319,24,M,5,Uneducated,Single,Less than $40K,Blue,14,3,3,0,11319.65,8314.71,4816.81,0.413
11320,31,F,1,Graduate,Married,Less than $40K,Blue,15,1,6,2,2303.59,940.68,1586.14,0.677
11321,52,M,5,Graduate,Single,Less than $40K,Silver,23,4,2,2,3587.24,1760.03,1341.12,0.318
11322,62,M,2,Graduate,Single,Less than $40K,Silver,47,2,0,5,5863.0,3046.17,4980.4,0.87
11323,26,F,1,Graduate,Married,$40K - $60K,Blue,27,6,4,6,6744.13,2048.12,2574.49,0.405
11324,55,M,0,Uneducated,Married,$40K - $60K,Platinum,55,1,0,6,17770.42,10187.25,2558.67,0.129
11325,33,M,0,Uneducated,Married,$60K - $80K,Blue,23,5,6,1,5943.15,3917.64,2101.21,0.363
11326,33,M,3,Graduate,Single,$40K - $60K,Blue,43,4,4,6,5158.9,1656.17,3282.88,0.6
11327,42,F,2,Post-Graduate,Married,$40K - $60K,Silver,40,5,6,6,2941.23,1499.74,2128.83,0.674
11328,69,M,1,Uneducated,Married,Less than $40K,Blue,40,5,1,6,2299.71,1333.8,924.22,0.386
11329,57,F,2,Uneducated,Single,$60K - $80K,Silver,44,1,3,5,5110.15,935.61,2623.63,0.541
11330,56,F,1,Graduate,Single,$40K - $60K,Platinum,37,4,5,0,17052.72,4822.8,12299.42,0.718
11331,46,M,2,Graduate,Married,$40K - $60K,Blue,32,5,0,6,4895.3,617.58,3403.42,0.678
11332,51,M,1,Graduate,Married,$80K - $120K,Blue,40,4,2,5,3595.73,1695.55,2034.86,0.579
11333,55,M,3,Uneducated,Divorced,$80K - $120K,Blue,37,3,6,2,7052.53,4306.67,4911.89,0.66
11334,73,M,3,High School,Divorced,$80K - $120K,Blue,23,6,6,5,1825.2,871.69,908.96,0.449
11335,30,M,2,Graduate,Single,$60K - $80K,Blue,31,5,3,6,5745.16,1010.28,137.07,0.01
11336,52,F,1,Graduate,Single,Less than $40K,Blue,40,5,0,3,8655.16,3742.99,469.55,0.02
11337,31,F,1,Graduate,Single,$60K - $80K,Silver,13,4,2,5,3266.08,2072.18,2721.43,0.786
11338,24,F,3,Graduate,Unknown,Less than $40K,Blue,17,6,2,4,11677.06,3058.31,1638.8,0.177
11339,26,M,1,Uneducated,Unknown,$40K - $60K,Blue,22,3,6,0,7905.62,5003.12,2812.41,0.444
11340,47,F,1,High School,Married,Less than $40K,Blue,54,5,5,0,11735.34,7032.24,9330.34,0.733
11341,46,F,0,Graduate,Single,$80K - $120K,Silver,46,1,6,2,2579.97,168.26,469.25,0.165
11342,31,F,2,High School,Married,Less than $40K,Blue,48,4,5,5,4979.67,1083.67,3587.09,0.727
11343,70,M,2,High School,Married,$120K +,Blue,14,4,6,2,9133.21,3927.83,6385.59,0.63
11344,60,F,4,Graduate,Single,$80K - $120K,Silver,30,5,6,2,2413.13,1332.85,2023.78,0.83
11345,26,M,1,Graduate,Married,$40K - $60K,Blue,25,3,2,3,9259.38,6170.19,2349.99,0.248
11346,56,M,1,Graduate,Divorced,$80K - $120K,Blue,17,5,5,1,4982.0,2484.67,1403.53,0.301
11347,51,M,3,Graduate,Married,$60K - $80K,Gold,32,2,2,2,9221.56,2916.23,7094.96,0.738
11348,70,F,3,High School,Single,$80K - $120K,Blue,14,5,0,1,6198.81,1111.07,1328.32,0.192
11349,31,F,1,Graduate,Divorced,$40K - $60K,Platinum,23,6,6,1,11949.66,6955.0,5673.19,0.514
11350,57,M,2,Uneducated,,$80K - $120K,Blue,42,6,1,0,2702.55,526.31,1640.71,0.624
11351,58,M,1,Uneducated,Married,$40K - $60K,Blue,44,2,5,4,6591.21,3538.17,1619.22,0.275
11352,55,M,4,Graduate,Married,$120K +,Gold,44,6,4,4,2395.01,423.55,1913.33,0.729
11353,47,M,0,Graduate,Single,$40K - $60K,Blue,50,6,4,5,6927.47,787.91,3966.18,0.546
11354,37,M,4,Uneducated,Married,$40K - $60K,Silver,40,1,4,3,6586.68,1487.08,389.44,0.12
11355,55,M,3,High School,Unknown,$80K - $120K,Silver,22,4,1,3,4701.84,1172.88,623.76,0.129
11356,69,F,2,Doctorate,Divorced,$80K - $120K,Gold,34,6,2,4,3573.91,1797.84,637.4,0.173
11357,66,M,0,Uneducated,Married,$60K - $80K,Platinum,29,4,2,5,4598.81,747.85,1026.98,0.22
11358,39,M,2,High School,Married,Less than $40K,Blue,34,3,3,6,5803.48,4069.49,3635.66,0.689
11359,27,M,1,High School,Married,$40K - $60K,Blue,55,5,4,4,6430.49,2816.9,603.28,0.064
11360,60,F,0,Uneducated,Divorced,$120K +,Blue,31,1,4,5,15919.14,6266.6,4950.75,0.338
11361,44,F,3,Graduate,Married,$80K - $120K,Blue,29,2,2,5,8891.78,3150.23,6904.01,0.787
11362,37,F,5,High School,Married,$80K - $120K,Gold,36,3,4,5,3982.68,1778.75,1919.79,0.427
11363,54,M,2,Graduate,Married,Less than $40K,Blue,48,1,2,5,7564.03,497.05,1818.11,0.228
11364,71,F,3,Graduate,Single,$40K - $60K,Blue,44,1,6,0,8930.51,6635.91,7272.62,0.781
11365,41,M,0,Post-Graduate,Married,$60K - $80K,Blue,48,2,6,0,3834.22,1688.08,854.2,0.172
11366,30,F,1,Post-Graduate,Married,$80K - $120K,Blue,40,2,2,4,8092.47,603.99,6241.18,0.819
11367,33,F,0,Uneducated,Divorced,Less than $40K,Platinum,26,4,5,5,2427.94,1124.1,1511.12,0.574
11368,30,F,2,Graduate,Divorced,$80K - $120K,Blue,48,5,2,2,3758.17,1337.74,2385.06,0.665
11369,56,F,4,Graduate,Single,$60K - $80K,Blue,18,3,0,5,2512.86,167.93,1645.67,0.62
11370,46,F,3,Graduate,Married,Less than $40K,Gold,21,5,0,2,4897.22,3413.85,2156.99,0.495
11371,44,M,0,Graduate,Married,$40K - $60K,Blue,33,3,0,0,4238.64,243.28,2950.52,0.679
11372,42,F,1,High School,Single,$40K - $60K,Blue,24,1,0,5,4421.25,2009.5,3156.95,0.727
11373,71,M,2,Uneducated,Married,$60K - $80K,Blue,42,6,1,1,8612.89,6229.3,2749.27,0.297
11374,42,F,1,Uneducated,Divorced,Less than $40K,Blue,43,6,3,4,5780.95,1250.55,2036.55,0.266
11375,59,M,4,Graduate,Single,Less than $40K,Blue,52,2,3,5,8541.41,1946.8,6471.55,0.691
11376,52,M,3,Post-Graduate,Married,$80K - $120K,Gold,16,2,2,3,13453.52,676.66,6128.42,0.38
11377,41,M,2,Graduate,Divorced,Less than $40K,Blue,43,1,6,2,17405.99,1678.73,12872.83,0.75
11378,25,M,1,Graduate,Unknown,$40K - $60K,Gold,39,1,4,6,5092.94,414.68,2751.3,0.539
11379,24,M,1,Post-Graduate,Married,$40K - $60K,Silver,37,3,0,6,7380.62,4619.23,3783.76,0.536
11380,70,F,0,Graduate,Single,$60K - $80K,Blue,17,1,3,5,5051.22,3211.14,230.91,0.019
11381,28,M,1,Uneducated,Married,$80K - $120K,Blue,18,3,3,1,9607.63,5367.69,2408.18,0.164
11382,43,M,1,Post-Graduate,Married,$40K - $60K,Blue,17,5,0,2,8632.88,2563.29,3770.05,0.489
11383,34,F,3,Graduate,Married,$80K - $120K,Blue,39,2,6,1,3824.59,2389.9,1940.88,0.547
11384,65,M,3,Doctorate,Single,$60K - $80K,Gold,20,2,1,6,4147.04,1774.28,2252.92,0.558
11385,25,F,0,High School,Unknown,Less than $40K,Blue,21,6,1,4,11787.9,3100.42,7243.25,0.659
11386,26,F,1,Graduate,Single,Less than $40K,Blue,27,6,3,6,4066.18,1447.94,2296.07,0.561
11387,46,F,0,Graduate,Married,$40K - $60K,Blue,48,2,1,4,5172.01,496.71,3746.18,0.735
11388,35,F,0,Graduate,Single,$40K - $60K,Blue,53,5,5,4,7972.68,5672.05,2114.68,0.237
11389,43,M,3,Doctorate,Married,$80K - $120K,Blue,19,5,0,0,5021.26,2427.18,2774.26,0.51
11390,28,F,0,Graduate,Divorced,$60K - $80K,Blue,44,4,6,6,12787.0,7184.55,798.71,0.0
11391,60,M,1,Doctorate,Married,$40K - $60K,Blue,20,3,3,6,9708.06,5083.22,4063.38,0.388
11392,61,M,0,Graduate,Married,Less than $40K,Blue,27,6,0,1,3381.96,1749.91,820.01,0.349
11393,53,F,4,Graduate,Married,$40K - $60K,Blue,49,3,1,5,3985.73,247.44,1339.75,0.275
11394,32,M,2,Doctorate,,$60K - $80K,Silver,31,6,0,3,7598.17,3174.21,2388.64,0.277
11395,57,F,1,Graduate,Married,$40K - $60K,Blue,51,4,1,3,5344.86,3341.59,374.98,0.075
11396,67,F,2,Graduate,Single,$60K - $80K,Blue,18,2,6,4,1891.63,153.53,770.49,0.503
11397,58,F,3,Graduate,Married,Less than $40K,Blue,31,3,1,3,3224.45,2319.4,2726.41,0.804
11398,45,F,5,Graduate,Married,$60K - $80K,Blue,40,6,0,2,6255.75,2170.19,1677.27,0.243
11399,67,M,1,High School,Single,$80K - $120K,Gold,29,3,6,1,8975.96,2270.26,5663.84,0.658
11400,47,M,4,Post-Graduate,Divorced,$40K - $60K,Blue,54,2,1,1,9046.83,3820.25,4294.21,0.499
11401,40,F,4,Graduate,Divorced,$60K - $80K,Blue,31,1,5,1,16188.62,9888.82,4693.68,0.262
11402,33,M,4,Graduate,Married,$120K +,Gold,43,6,2,2,3760.1,1437.59,354.86,0.061
11403,53,F,2,Uneducated,Married,$40K - $60K,Silver,23,1,0,5,3860.32,1936.24,768.83,0.217
11404,69,F,2,Graduate,Married,$60K - $80K,Blue,27,4,2,0,5423.91,2169.24,3628.26,0.657
11405,46,F,1,Uneducated,Single,Less than $40K,Blue,22,5,0,2,2187.94,1076.23,550.46,0.263
11406,55,M,3,High School,Single,$60K - $80K,Blue,55,3,1,1,5490.71,805.06,767.44,0.133
11407,40,M,2,Graduate,Divorced,Less than $40K,Blue,35,6,1,1,4939.28,380.64,1456.98,0.309
11408,73,M,3,Uneducated,Divorced,$120K +,Silver,15,3,6,6,8501.08,1239.72,4290.97,0.523
11409,40,M,1,Graduate,Married,$80K - $120K,Blue,15,4,3,1,9333.26,2334.12,5636.12,0.526
11410,37,F,3,Post-Graduate,Single,$80K - $120K,Silver,30,4,5,5,6694.25,1521.93,2286.17,0.323
11411,32,M,3,Graduate,Divorced,$60K - $80K,Blue,37,3,3,3,5508.7,2647.61,2387.81,0.447
11412,63,M,0,High School,Single,$60K - $80K,Blue,55,6,2,0,6719.12,2480.18,2671.39,0.43
11413,25,M,4,Graduate,Married,$40K - $60K,Blue,32,2,1,2,3556.2,274.43,97.7,0.014
11414,68,F,2,Graduate,Married,$80K - $120K,Silver,41,2,3,1,5255.5,391.04,1830.74,0.275
11415,48,F,4,Uneducated,Married,$120K +,Blue,34,5,1,6,5550.95,629.54,2816.97,0.557
11416,62,M,2,Graduate,Married,$60K - $80K,Blue,27,3,0,6,5277.49,1568.24,2602.09,0.527
11417,32,M,1,Uneducated,Married,$120K +,Blue,51,3,3,4,5006.23,271.98,3215.54,0.647
11418,45,M,4,Uneducated,Married,$60K - $80K,Blue,22,6,2,0,3908.09,1546.79,2252.67,0.558
11419,66,M,1,Graduate,Single,$60K - $80K,Blue,33,3,6,6,3128.85,946.38,781.43,0.274
11420,69,F,4,,Married,$40K - $60K,Gold,41,6,3,4,4913.31,2156.0,1140.79,0.214
11421,27,F,2,Uneducated,Married,Less than $40K,Blue,44,3,1,0,7626.59,4229.54,3090.58,0.44
11422,49,M,2,Uneducated,Married,Less than $40K,Gold,22,4,4,1,2115.25,477.37,1329.15,0.7
11423,52,M,1,Graduate,Single,$40K - $60K,Blue,25,1,4,0,4183.9,669.25,409.51,0.078
11424,68,F,2,,Divorced,$60K - $80K,Blue,35,3,6,0,17162.91,4198.69,13852.37,0.838
11425,57,M,1,Graduate,Single,$40K - $60K,Blue,35,1,6,1,4946.16,253.41,2328.74,0.445
11426,46,F,0,Post-Graduate,Married,$40K - $60K,Blue,43,2,5,5,5977.43,801.03,1639.72,0.315
11427,60,M,1,Graduate,Unknown,$120K +,Gold,16,5,6,6,15120.46,8703.05,9004.46,0.586
11428,34,M,0,Post-Graduate,Married,$40K - $60K,Blue,15,2,1,4,6556.37,1350.38,374.52,0.115
11429,29,M,5,High School,Married,$40K - $60K,Blue,33,3,0,5,6639.23,4952.93,2802.08,0.411
11430,41,M,5,High School,,Less than $40K,Blue,14,6,3,4,3333.98,558.38,1411.46,0.387
11431,44,F,1,Graduate,Married,Less than $40K,Gold,16,2,6,3,6532.57,3933.52,1008.89,0.141
11432,65,M,3,Graduate,Married,$80K - $120K,Blue,13,4,4,6,5455.42,2965.19,3900.8,0.706
11433,59,M,1,Graduate,Divorced,$60K - $80K,Blue,27,1,0,4,9147.22,2519.99,6232.5,0.691
11434,64,M,3,Graduate,Single,$80K - $120K,Blue,45,6,1,4,11103.67,3125.88,1629.66,0.134
11435,61,M,3,Graduate,Married,Less than $40K,Blue,18,6,0,0,5592.46,2485.77,1800.64,0.332
11436,57,M,5,High School,Divorced,$60K - $80K,Blue,19,3,1,3,6786.27,4388.42,701.41,0.114
11437,40,M,1,Graduate,Married,$40K - $60K,Gold,31,4,5,1,1945.11,623.08,1408.93,0.707
11438,60,F,3,Uneducated,Married,$40K - $60K,Blue,56,1,3,1,1608.24,149.29,463.75,0.301
11439,48,M,1,Graduate,Single,Less than $40K,Blue,13,4,0,2,10034.25,3131.62,3859.5,0.361
11440,61,M,5,Graduate,Single,Less than $40K,Blue,51,2,3,3,1394.53,272.1,402.76,0.369
11441,35,F,0,Graduate,Married,$40K - $60K,Blue,31,3,0,0,6584.93,4658.48,1826.14,0.289
11442,46,M,2,Uneducated,Married,Less than $40K,Blue,38,6,1,2,4999.0,2689.92,3200.66,0.665
11443,65,F,3,Graduate,Single,$120K +,Platinum,56,6,1,2,10826.45,926.56,6934.12,0.633
11444,45,M,3,Post-Graduate,Single,$40K - $60K,Silver,24,2,0,1,5394.62,1376.12,2426.31,0.421
11445,44,F,0,Post-Graduate,Single,Less than $40K,Gold,34,6,5,4,14820.15,1261.95,8385.57,0.599
11446,50,F,4,Post-Graduate,Married,Less than $40K,Silver,25,5,1,0,4916.53,3102.39,2186.28,0.458
11447,54,F,0,High School,Married,$60K - $80K,Blue,40,3,2,3,10331.94,7071.26,451.81,0.0
11448,29,F,2,Post-Graduate,Married,Less than $40K,Blue,26,2,2,2,2412.63,310.25,180.43,0.152
11449,50,M,1,High School,Married,$80K - $120K,Blue,34,3,3,0,1550.58,555.42,524.88,0.368
11450,63,F,1,Post-Graduate,Divorced,$120K +,Blue,42,1,6,1,5415.32,3803.28,3478.2,0.627
11451,57,M,2,Post-Graduate,Single,$40K - $60K,Blue,56,3,2,2,2545.74,386.06,1980.53,0.802
11452,35,M,1,Graduate,Married,$40K - $60K,Blue,32,3,2,2,5321.68,1353.48,237.66,0.062
11453,68,M,0,Doctorate,Single,Less than $40K,Blue,56,1,5,5,4381.94,1152.42,1426.17,0.345
11454,30,F,0,,Single,$60K - $80K,Gold,39,2,5,1,7672.0,545.03,1578.43,0.171
11455,33,M,1,Doctorate,Married,$40K - $60K,Silver,50,3,6,5,3062.84,230.91,2133.64,0.699
11456,68,F,3,Graduate,Single,$40K - $60K,Gold,54,4,4,1,6946.99,4980.68,5016.79,0.734
11457,40,F,4,Graduate,Divorced,Less than $40K,Blue,53,3,6,1,8845.6,3978.44,1692.33,0.241
11458,49,F,0,High School,Single,$60K - $80K,Blue,46,2,4,5,4911.65,1299.89,2996.04,0.614
11459,44,F,1,,Married,$40K - $60K,Blue,51,6,5,6,7154.74,2254.26,4488.58,0.645
11460,51,M,0,High School,Single,Less than $40K,Blue,53,1,4,0,3210.85,1767.22,536.08,0.131
11461,69,M,0,High School,Single,$60K - $80K,Blue,56,6,5,0,4456.16,1366.09,1693.2,0.383
11462,25,M,3,Graduate,Married,$60K - $80K,Blue,49,2,4,6,2629.02,550.6,1406.21,0.57
11463,66,M,2,Post-Graduate,Married,$80K - $120K,Blue,13,5,1,0,19907.03,2414.45,828.83,0.014
11464,24,M,0,Graduate,Divorced,Less than $40K,Blue,27,6,5,4,10811.22,6057.02,3846.75,0.34
11465,59,M,1,High School,Married,$80K - $120K,Blue,44,3,6,2,13705.73,2417.63,2036.88,0.11
11466,49,M,0,,Single,$60K - $80K,Blue,20,3,3,0,10726.2,1059.25,5038.89,0.416
11467,52,F,4,Graduate,Single,Less than $40K,Blue,45,1,3,4,3819.08,1332.36,2748.29,0.685
11468,44,F,5,Graduate,Married,$60K - $80K,Blue,30,3,5,2,2364.96,183.76,1077.35,0.478
11469,34,M,0,Graduate,Married,$40K - $60K,Blue,41,4,2,0,4355.8,3160.13,217.21,0.04
11470,63,F,1,Post-Graduate,Single,$120K +,Blue,44,4,3,1,7143.24,3493.79,318.7,0.01
11471,34,M,4,Graduate,Married,Less than $40K,Blue,45,6,6,6,4688.48,735.57,2450.05,0.61
11472,59,M,4,Graduate,Single,$60K - $80K,Silver,17,2,2,3,1609.0,274.69,470.19,0.264
11473,72,F,1,Graduate,Single,$40K - $60K,Silver,30,1,3,0,8294.89,3723.41,4108.57,0.52
11474,62,M,0,Uneducated,Single,$120K +,Blue,22,5,0,3,2283.55,684.14,355.82,0.169
11475,63,M,0,Uneducated,Unknown,$40K - $60K,Blue,48,6,0,0,4359.95,2581.03,2898.48,0.675
11476,58,F,2,Doctorate,Single,$120K +,Blue,45,2,5,1,14351.14,6200.62,10539.44,0.661
11477,57,F,1,Graduate,Married,$120K +,Blue,35,1,6,6,5650.45,1996.49,4283.36,0.809
11478,70,F,0,High School,Unknown,$40K - $60K,Blue,52,1,6,6,9943.42,7199.89,2708.41,0.285
11479,47,F,2,Graduate,Single,$80K - $120K,Blue,17,6,3,3,6655.87,2153.24,3783.27,0.605
11480,45,F,0,Graduate,Married,$120K +,Blue,46,2,1,4,3157.72,1043.4,794.5,0.297
11481,28,M,3,Graduate,Married,$40K - $60K,Blue,36,2,2,1,8214.27,4238.9,5364.64,0.722
11482,56,M,1,Doctorate,Single,$40K - $60K,Blue,29,3,3,3,5312.03,3275.58,637.63,0.08
11483,59,M,0,Uneducated,Married,$60K - $80K,Blue,43,5,5,3,2429.15,1186.28,1586.47,0.624
11484,70,M,2,Doctorate,Single,$40K - $60K,Silver,19,4,2,5,2214.96,1193.92,852.7,0.362
11485,43,F,1,Graduate,Single,Less than $40K,Blue,29,3,4,5,6790.65,2112.25,4957.89,0.695
11486,42,M,5,Post-Graduate,Married,$40K - $60K,Blue,40,1,5,1,17858.65,6887.15,11310.11,0.686
11487,58,F,2,Graduate,Single,$40K - $60K,Platinum,50,5,3,1,3042.89,571.83,1011.8,0.292
11488,66,F,1,High School,Married,$40K - $60K,Platinum,34,5,1,1,3249.22,1709.65,2501.7,0.755
11489,40,F,3,Post-Graduate,Married,Less than $40K,Blue,27,2,4,2,6845.12,1403.36,1746.67,0.19
11490,68,F,1,High School,Single,$80K - $120K,Blue,49,5,5,4,2670.03,135.85,2196.37,0.852
11491,66,F,4,Graduate,Married,$60K - $80K,Blue,27,6,3,0,20074.99,14125.44,13184.83,0.652
11492,57,M,1,Graduate,Single,Less than $40K,Blue,37,5,0,5,3416.54,902.69,2877.62,0.878
11493,32,F,2,Post-Graduate,Single,$60K - $80K,Silver,33,1,6,6,4180.08,784.36,270.62,0.093
11494,49,M,0,Post-Graduate,Single,$60K - $80K,Platinum,50,6,3,6,3533.36,839.89,874.33,0.182
11495,25,F,1,Graduate,Married,$120K +,Blue,14,6,0,3,9196.9,2587.21,5842.32,0.643
11496,32,M,4,Doctorate,Married,Less than $40K,Blue,39,3,0,5,18065.16,6904.19,14189.59,0.742
11497,32,F,3,Graduate,Single,$40K - $60K,Blue,44,5,5,0,3735.81,368.15,163.93,0.05
11498,63,F,1,Graduate,Divorced,$120K +,Blue,33,2,3,1,8858.4,769.54,177.24,0.0
11499,40,M,1,Post-Graduate,Single,$120K +,Gold,16,3,6,6,2681.83,683.97,624.01,0.306
11500,24,M,3,Post-Graduate,Single,$80K - $120K,Gold,56,2,3,5,9321.73,2396.02,6784.41,0.834
10001,62,M,5,Uneducated,Unknown,$40K - $60K,Silver,47,3,4,0,3941.75,1816.07,463.73,0.089
10002,52,F,2,High School,Married,$40K - $60K,Blue,44,2,2,2,2083.3,986.49,741.61,0.403
10003,38,M,4,Graduate,Single,$40K - $60K,Blue,51,2,4,4,2094.01,283.29,535.53,0.287
10004,66,M,2,Graduate,Single,Less than $40K,Blue,47,2,0,1,6193.47,2688.23,257.81,0.008
10005,31,F,1,Uneducated,Divorced,Less than $40K,Blue,42,6,2,3,5271.79,307.64,3980.98,0.831
10006,44,F,1,High School,Married,$120K +,Silver,29,4,1,4,8960.65,3591.85,6768.84,0.733
10007,62,F,1,Graduate,Single,$40K - $60K,Blue,54,2,0,4,10241.05,5512.4,1982.89,0.198
10008,42,M,3,Post-Graduate,Single,$40K - $60K,Blue,41,4,3,2,4806.37,485.36,745.87,0.202
