Client_Num,Transaction_ID,Transaction_Date,Transaction_Type,Total_Trans_Amt,Total_Trans_Ct,Total_Amt_Chng_Q4_Q1,Total_Ct_Chng_Q4_Q1
11469,TXN100000,2024-01-01 00:00:00,Contactless,771.54,36,1.082,1.38
10095,TXN100001,2024-01-01 06:00:00,Online,303.04,95,0.871,0.547
10553,TXN100002,2024-01-01 12:00:00,Online,62.53,127,0.281,0.018
11444,TXN100003,2024-01-01 18:00:00,POS,252.9,90,1.01,0.927
10790,TXN100004,2024-01-02 00:00:00,Online,419.88,84,0.905,0.474
11174,TXN100005,2024-01-02 06:00:00,POS,854.68,102,1.224,1.224
10553,TXN100006,2024-01-02 12:00:00,Online,293.04,43,1.119,0.902
11375,TXN100007,2024-01-02 18:00:00,Contactless,424.7,124,0.799,1.297
10116,TXN100008,2024-01-03 00:00:00,Online,851.16,122,0.761,0.405
10632,TXN100009,2024-01-03 06:00:00,ATM,342.83,121,0.439,1.058
11261,TXN100010,2024-01-03 12:00:00,Contactless,457.39,69,0.432,0.472
10270,TXN100011,2024-01-03 18:00:00,Contactless,436.52,35,0.736,0.796
10861,TXN100012,2024-01-04 00:00:00,POS,560.92,135,0.373,0.748
10291,TXN100013,2024-01-04 06:00:00,Contactless,311.72,54,0.656,1.088
11458,TXN100014,2024-01-04 12:00:00,POS,468.2,41,0.585,0.927
10009,TXN100015,2024-01-04 18:00:00,Online,595.86,80,0.957,0.57
10630,TXN100016,2024-01-05 00:00:00,Contactless,607.0,32,0.742,1.005
10864,TXN100017,2024-01-05 06:00:00,POS,57.87,72,1.098,0.674
10475,TXN100018,2024-01-05 12:00:00,Online,1066.41,79,0.644,0.894
10537,TXN100019,2024-01-05 18:00:00,ATM,602.17,63,0.341,0.783
10685,TXN100020,2024-01-06 00:00:00,POS,179.24,36,0.942,0.64
11035,TXN100021,2024-01-06 06:00:00,Contactless,253.72,102,0.707,0.329
10613,TXN100022,2024-01-06 12:00:00,ATM,257.9,88,0.655,0.757
10777,TXN100023,2024-01-06 18:00:00,Online,271.17,45,0.602,0.511
11351,TXN100024,2024-01-07 00:00:00,Online,845.96,142,0.746,0.356
10595,TXN100025,2024-01-07 06:00:00,ATM,898.29,41,0.655,0.933
10276,TXN100026,2024-01-07 12:00:00,POS,688.36,158,0.931,0.523
10370,TXN100027,2024-01-07 18:00:00,Online,179.21,26,1.009,0.195
10345,TXN100028,2024-01-08 00:00:00,Online,335.55,31,0.62,0.701
10368,TXN100029,2024-01-08 06:00:00,Online,235.73,50,1.45,0.657
11335,TXN100030,2024-01-08 12:00:00,POS,255.57,68,0.55,0.683
10731,TXN100031,2024-01-08 18:00:00,Online,302.75,84,0.756,0.682
10015,TXN100032,2024-01-09 00:00:00,Online,252.3,131,0.182,0.418
10758,TXN100033,2024-01-09 06:00:00,POS,266.62,19,0.713,0.588
10688,TXN100034,2024-01-09 12:00:00,Online,534.73,96,0.679,0.991
10004,TXN100035,2024-01-09 18:00:00,Online,351.97,14,0.733,0.939
11400,TXN100036,2024-01-10 00:00:00,Contactless,1049.2,64,1.092,0.601
11393,TXN100037,2024-01-10 06:00:00,POS,82.03,35,1.338,0.864
11489,TXN100038,2024-01-10 12:00:00,Online,484.03,13,1.138,0.726
10533,TXN100039,2024-01-10 18:00:00,Contactless,340.1,116,0.714,0.608
10986,TXN100040,2024-01-11 00:00:00,Online,886.52,36,0.819,1.049
11161,TXN100041,2024-01-11 06:00:00,POS,476.32,135,1.283,0.449
10834,TXN100042,2024-01-11 12:00:00,POS,323.5,12,0.4,0.786
10363,TXN100043,2024-01-11 18:00:00,ATM,427.61,59,1.025,0.234
11240,TXN100044,2024-01-12 00:00:00,POS,83.53,134,0.439,0.801
11392,TXN100045,2024-01-12 06:00:00,Online,255.44,35,1.15,0.515
10117,TXN100046,2024-01-12 12:00:00,POS,1171.77,155,0.703,0.593
11203,TXN100047,2024-01-12 18:00:00,ATM,800.74,144,0.442,0.618
11270,TXN100048,2024-01-13 00:00:00,POS,508.86,126,0.52,0.079
10128,TXN100049,2024-01-13 06:00:00,ATM,275.5,54,0.575,0.248
11382,TXN100050,2024-01-13 12:00:00,POS,508.11,150,1.084,0.932
10078,TXN100051,2024-01-13 18:00:00,ATM,528.89,15,1.219,0.729
10741,TXN100052,2024-01-14 00:00:00,POS,848.06,62,0.609,1.108
11317,TXN100053,2024-01-14 06:00:00,Online,41.04,13,0.445,0.317
10774,TXN100054,2024-01-14 12:00:00,Contactless,123.68,69,1.46,0.938
10082,TXN100055,2024-01-14 18:00:00,ATM,530.04,81,1.037,0.829
10342,TXN100056,2024-01-15 00:00:00,Contactless,566.2,84,0.479,1.026
11362,TXN100057,2024-01-15 06:00:00,POS,709.28,75,0.876,0.67
10819,TXN100058,2024-01-15 12:00:00,POS,387.14,31,0.606,0.732
10578,TXN100059,2024-01-15 18:00:00,Contactless,489.13,149,0.3,0.454
10096,TXN100060,2024-01-16 00:00:00,Online,784.16,60,0.641,0.624
11169,TXN100061,2024-01-16 06:00:00,Contactless,1121.13,154,0.27,0.562
10577,TXN100062,2024-01-16 12:00:00,Online,190.72,102,0.582,0.329
10521,TXN100063,2024-01-16 18:00:00,Online,236.37,58,0.615,0.738
11421,TXN100064,2024-01-17 00:00:00,Online,298.13,25,0.561,0.964
10996,TXN100065,2024-01-17 06:00:00,POS,355.54,53,1.069,1.03
10357,TXN100066,2024-01-17 12:00:00,Online,682.2,116,0.892,0.473
10186,TXN100067,2024-01-17 18:00:00,Online,235.86,159,0.526,0.69
10543,TXN100068,2024-01-18 00:00:00,POS,145.94,103,0.863,0.662
10151,TXN100069,2024-01-18 06:00:00,POS,307.24,17,1.207,1.113
11343,TXN100070,2024-01-18 12:00:00,ATM,638.52,119,0.46,1.2
11083,TXN100071,2024-01-18 18:00:00,Online,545.82,27,0.29,0.335
10010,TXN100072,2024-01-19 00:00:00,Online,2462.35,89,0.37,0.836
10857,TXN100073,2024-01-19 06:00:00,Online,918.34,127,0.882,0.849
11148,TXN100074,2024-01-19 12:00:00,POS,431.26,81,1.271,0.644
10356,TXN100075,2024-01-19 18:00:00,POS,535.44,103,1.047,0.346
11370,TXN100076,2024-01-20 00:00:00,,83.59,47,1.2,0.898
10794,TXN100077,2024-01-20 06:00:00,POS,308.45,90,-0.02,1.041
10237,TXN100078,2024-01-20 12:00:00,ATM,537.49,116,0.458,0.547
10333,TXN100079,2024-01-20 18:00:00,Online,839.27,139,0.359,1.035
10017,TXN100080,2024-01-21 00:00:00,POS,392.37,51,0.946,0.701
11448,TXN100081,2024-01-21 06:00:00,Online,559.27,127,0.68,1.098
10324,TXN100082,2024-01-21 12:00:00,Online,889.59,30,-0.3,1.098
10023,TXN100083,2024-01-21 18:00:00,Online,315.54,139,1.016,0.693
10931,TXN100084,2024-01-22 00:00:00,POS,284.26,14,1.159,0.817
10459,TXN100085,2024-01-22 06:00:00,POS,796.58,26,1.453,0.503
11484,TXN100086,2024-01-22 12:00:00,Contactless,64.31,33,0.808,0.245
10521,TXN100087,2024-01-22 18:00:00,Contactless,490.04,145,0.967,0.77
10719,TXN100088,2024-01-23 00:00:00,POS,390.37,159,0.351,0.289
10557,TXN100089,2024-01-23 06:00:00,Online,977.4,68,0.175,1.286
11445,TXN100090,2024-01-23 12:00:00,ATM,381.85,35,1.185,1.019
10403,TXN100091,2024-01-23 18:00:00,ATM,230.22,70,0.941,0.658
11355,TXN100092,2024-01-24 00:00:00,ATM,244.31,145,1.187,1.447
10457,TXN100093,2024-01-24 06:00:00,Online,643.62,21,0.66,0.524
11051,TXN100094,2024-01-24 12:00:00,ATM,432.97,23,1.58,0.59
10397,TXN100095,2024-01-24 18:00:00,Contactless,295.83,39,0.86,0.587
11212,TXN100096,2024-01-25 00:00:00,POS,629.19,108,0.486,0.682
10140,TXN100097,2024-01-25 06:00:00,ATM,563.77,71,0.639,0.613
10521,TXN100098,2024-01-25 12:00:00,ATM,548.19,40,0.189,0.828
10746,TXN100099,2024-01-25 18:00:00,POS,768.94,36,0.42,0.42
10092,TXN100100,2024-01-26 00:00:00,ATM,681.02,10,0.615,0.736
10077,TXN100101,2024-01-26 06:00:00,ATM,1046.52,50,1.292,0.548
10852,TXN100102,2024-01-26 12:00:00,Contactless,854.32,151,0.727,0.718
11268,TXN100103,2024-01-26 18:00:00,Contactless,599.92,83,1.13,0.397
10845,TXN100104,2024-01-27 00:00:00,POS,859.18,51,0.715,0.458
10667,TXN100105,2024-01-27 06:00:00,Online,490.99,49,0.391,1.295
10959,TXN100106,2024-01-27 12:00:00,Online,626.13,23,0.941,0.442
10989,TXN100107,2024-01-27 18:00:00,Contactless,391.3,109,0.454,0.847
10797,TXN100108,2024-01-28 00:00:00,Online,463.11,100,0.611,0.55
10088,TXN100109,2024-01-28 06:00:00,POS,327.25,148,1.461,0.415
10915,TXN100110,2024-01-28 12:00:00,POS,388.95,115,0.962,0.718
11318,TXN100111,2024-01-28 18:00:00,Online,572.58,58,0.463,0.457
10095,TXN100112,2024-01-29 00:00:00,POS,145.72,115,1.006,0.845
11277,TXN100113,2024-01-29 06:00:00,ATM,177.31,147,0.422,0.665
10551,TXN100114,2024-01-29 12:00:00,Online,168.13,16,0.136,1.074
10399,TXN100115,2024-01-29 18:00:00,ATM,382.37,90,1.132,0.334
10767,TXN100116,2024-01-30 00:00:00,POS,830.97,149,0.853,0.777
11078,TXN100117,2024-01-30 06:00:00,POS,680.2,110,0.681,0.804
10243,TXN100118,2024-01-30 12:00:00,Online,292.7,64,0.167,0.421
11134,TXN100119,2024-01-30 18:00:00,Contactless,493.34,16,0.64,0.514
10624,TXN100120,2024-01-31 00:00:00,POS,426.3,43,0.817,0.301
10701,TXN100121,2024-01-31 06:00:00,POS,1315.07,135,0.342,0.263
11245,TXN100122,2024-01-31 12:00:00,POS,507.0,38,0.765,0.667
10564,TXN100123,2024-01-31 18:00:00,Contactless,99.51,35,1.293,0.926
10162,TXN100124,2024-02-01 00:00:00,POS,261.21,83,0.829,0.663
10035,TXN100125,2024-02-01 06:00:00,ATM,108.8,54,0.955,0.675
10966,TXN100126,2024-02-01 12:00:00,POS,270.33,26,0.596,0.336
10037,TXN100127,2024-02-01 18:00:00,Online,718.89,72,0.382,0.112
10846,TXN100128,2024-02-02 00:00:00,Online,552.79,102,0.553,0.796
10829,TXN100129,2024-02-02 06:00:00,Online,373.65,75,1.119,0.515
10623,TXN100130,2024-02-02 12:00:00,Online,764.02,101,0.716,0.196
11394,TXN100131,2024-02-02 18:00:00,POS,520.25,126,0.679,0.548
11201,TXN100132,2024-02-03 00:00:00,Online,1104.74,51,0.573,0.77
10521,TXN100133,2024-02-03 06:00:00,Contactless,366.98,80,0.305,0.813
11299,TXN100134,2024-02-03 12:00:00,Contactless,136.39,84,1.229,0.756
10105,TXN100135,2024-02-03 18:00:00,POS,487.11,80,0.677,0.505
10156,TXN100136,2024-02-04 00:00:00,POS,698.77,52,0.564,0.866
10336,TXN100137,2024-02-04 06:00:00,Online,497.29,64,0.778,0.694
11050,TXN100138,2024-02-04 12:00:00,POS,994.14,65,0.565,0.455
10296,TXN100139,2024-02-04 18:00:00,POS,396.61,88,0.86,0.387
11379,TXN100140,2024-02-05 00:00:00,Online,165.2,92,0.51,0.755
10886,TXN100141,2024-02-05 06:00:00,Online,244.43,130,0.793,0.943
10069,TXN100142,2024-02-05 12:00:00,POS,94.94,81,0.732,0.866
11351,TXN100143,2024-02-05 18:00:00,POS,586.6,10,1.399,0.746
10151,TXN100144,2024-02-06 00:00:00,ATM,544.6,139,1.419,0.877
10857,TXN100145,2024-02-06 06:00:00,Contactless,762.2,102,1.026,1.364
10577,TXN100146,2024-02-06 12:00:00,ATM,85.46,51,0.719,0.781
10662,TXN100147,2024-02-06 18:00:00,Online,491.89,83,1.031,0.744
11344,TXN100148,2024-02-07 00:00:00,ATM,216.13,18,1.02,0.852
10757,TXN100149,2024-02-07 06:00:00,POS,102.32,123,0.585,0.91
10452,TXN100150,2024-02-07 12:00:00,ATM,670.93,40,0.173,0.326
10570,TXN100151,2024-02-07 18:00:00,Contactless,1027.02,105,0.084,0.75
11136,TXN100152,2024-02-08 00:00:00,Online,101.07,11,0.708,0.981
10635,TXN100153,2024-02-08 06:00:00,Online,739.12,33,0.573,1.189
11486,TXN100154,2024-02-08 12:00:00,POS,294.87,52,0.56,0.706
10362,TXN100155,2024-02-08 18:00:00,Online,466.56,60,0.468,0.573
10203,TXN100156,2024-02-09 00:00:00,POS,734.2,84,0.453,0.746
10487,TXN100157,2024-02-09 06:00:00,ATM,219.31,108,0.979,0.52
10004,TXN100158,2024-02-09 12:00:00,Online,519.37,10,-0.31,1.139
11153,TXN100159,2024-02-09 18:00:00,POS,420.3,133,0.956,0.835
11050,TXN100160,2024-02-10 00:00:00,POS,383.64,126,0.653,0.685
10801,TXN100161,2024-02-10 06:00:00,Online,181.49,96,1.254,1.012
10977,TXN100162,2024-02-10 12:00:00,ATM,838.63,138,0.843,0.377
10027,TXN100163,2024-02-10 18:00:00,POS,670.76,127,0.143,0.12
11066,TXN100164,2024-02-11 00:00:00,POS,1126.4,72,0.095,0.818
10965,TXN100165,2024-02-11 06:00:00,ATM,383.83,85,0.35,1.001
10064,TXN100166,2024-02-11 12:00:00,POS,880.7,104,0.843,0.66
11049,TXN100167,2024-02-11 18:00:00,Online,524.22,44,0.15,0.51
10072,TXN100168,2024-02-12 00:00:00,ATM,114.97,101,0.789,0.432
10900,TXN100169,2024-02-12 06:00:00,POS,371.97,94,0.996,0.354
10268,TXN100170,2024-02-12 12:00:00,ATM,1086.47,148,0.565,0.886
10095,TXN100171,2024-02-12 18:00:00,Online,699.26,148,0.439,0.929
10395,TXN100172,2024-02-13 00:00:00,Online,854.59,65,-0.003,0.957
10869,TXN100173,2024-02-13 06:00:00,ATM,173.91,16,1.279,0.702
10364,TXN100174,2024-02-13 12:00:00,POS,288.75,60,1.389,0.376
11339,TXN100175,2024-02-13 18:00:00,POS,369.44,48,1.177,0.5
10117,TXN100176,2024-02-14 00:00:00,POS,641.74,51,0.653,0.868
10164,TXN100177,2024-02-14 06:00:00,POS,955.42,81,0.731,0.41
10877,TXN100178,2024-02-14 12:00:00,Online,342.6,62,0.99,0.671
10790,TXN100179,2024-02-14 18:00:00,Online,255.1,100,0.801,0.415
10577,TXN100180,2024-02-15 00:00:00,Online,354.03,158,-0.341,0.505
10306,TXN100181,2024-02-15 06:00:00,POS,94.06,39,1.071,0.377
10772,TXN100182,2024-02-15 12:00:00,Contactless,343.79,132,1.177,0.705
10200,TXN100183,2024-02-15 18:00:00,POS,243.69,138,1.125,0.29
10180,TXN100184,2024-02-16 00:00:00,ATM,614.74,33,0.908,0.487
10358,TXN100185,2024-02-16 06:00:00,Online,681.34,134,1.085,0.938
10740,TXN100186,2024-02-16 12:00:00,Contactless,575.99,143,0.255,0.994
11276,TXN100187,2024-02-16 18:00:00,POS,352.37,15,0.717,0.888
11323,TXN100188,2024-02-17 00:00:00,POS,121.34,136,0.516,1.096
10430,TXN100189,2024-02-17 06:00:00,POS,188.16,126,1.258,0.331
11028,TXN100190,2024-02-17 12:00:00,POS,73.51,44,0.814,0.674
10653,TXN100191,2024-02-17 18:00:00,Online,552.97,137,0.694,0.721
10678,TXN100192,2024-02-18 00:00:00,Online,340.41,88,0.394,1.247
10254,TXN100193,2024-02-18 06:00:00,Online,1029.9,44,0.379,0.634
10941,TXN100194,2024-02-18 12:00:00,ATM,820.95,57,0.355,0.924
11120,TXN100195,2024-02-18 18:00:00,Contactless,527.35,123,1.011,1.174
10167,TXN100196,2024-02-19 00:00:00,Online,274.99,114,0.959,0.736
11355,TXN100197,2024-02-19 06:00:00,POS,983.61,81,0.838,0.569
10965,TXN100198,2024-02-19 12:00:00,Online,252.07,52,1.027,0.593
10854,TXN100199,2024-02-19 18:00:00,Online,303.71,44,0.468,0.221
11086,TXN100200,2024-02-20 00:00:00,POS,300.86,142,0.105,0.571
10174,TXN100201,2024-02-20 06:00:00,ATM,976.52,40,0.989,0.302
11277,TXN100202,2024-02-20 12:00:00,Online,389.42,115,0.73,0.919
11485,TXN100203,2024-02-20 18:00:00,ATM,294.82,110,1.041,0.263
10624,TXN100204,2024-02-21 00:00:00,Online,750.74,17,0.899,0.81
11239,TXN100205,2024-02-21 06:00:00,ATM,372.33,15,0.724,1.019
11263,TXN100206,2024-02-21 12:00:00,POS,246.9,96,0.822,0.904
10415,TXN100207,2024-02-21 18:00:00,Online,432.96,89,1.243,0.565
10739,TXN100208,2024-02-22 00:00:00,ATM,319.08,53,0.648,0.914
10675,TXN100209,2024-02-22 06:00:00,Online,1175.2,145,1.008,0.703
10126,TXN100210,2024-02-22 12:00:00,Online,282.85,73,0.858,0.572
10941,TXN100211,2024-02-22 18:00:00,Online,86.01,141,0.164,0.598
10253,TXN100212,2024-02-23 00:00:00,POS,1155.45,41,0.29,0.824
10197,TXN100213,2024-02-23 06:00:00,Online,552.8,62,0.736,0.264
10413,TXN100214,2024-02-23 12:00:00,POS,677.88,122,0.576,0.559
11480,TXN100215,2024-02-23 18:00:00,Online,835.45,72,0.417,0.805
10776,TXN100216,2024-02-24 00:00:00,Online,673.25,123,1.125,0.556
11078,TXN100217,2024-02-24 06:00:00,Contactless,631.37,86,0.227,0.338
11363,TXN100218,2024-02-24 12:00:00,ATM,93.23,31,0.68,0.45
11383,TXN100219,2024-02-24 18:00:00,Online,860.16,136,0.444,0.748
11175,TXN100220,2024-02-25 00:00:00,ATM,346.61,40,1.269,0.835
11124,TXN100221,2024-02-25 06:00:00,POS,1566.0,33,1.631,1.004
10234,TXN100222,2024-02-25 12:00:00,Online,1485.27,12,0.641,0.919
11086,TXN100223,2024-02-25 18:00:00,POS,455.71,42,1.047,0.915
10196,TXN100224,2024-02-26 00:00:00,Contactless,1489.19,60,1.194,0.162
10542,TXN100225,2024-02-26 06:00:00,ATM,475.22,39,1.065,0.911
11130,TXN100226,2024-02-26 12:00:00,ATM,678.57,34,1.027,0.555
10295,TXN100227,2024-02-26 18:00:00,POS,519.66,37,0.13,0.296
10645,TXN100228,2024-02-27 00:00:00,POS,266.49,106,1.162,0.856
11475,TXN100229,2024-02-27 06:00:00,POS,518.19,96,0.876,0.75
10156,TXN100230,2024-02-27 12:00:00,ATM,314.88,35,0.67,0.948
10406,TXN100231,2024-02-27 18:00:00,ATM,428.79,129,0.723,0.55
10896,TXN100232,2024-02-28 00:00:00,Online,1259.34,145,0.84,0.698
10726,TXN100233,2024-02-28 06:00:00,POS,595.19,110,0.661,0.196
10738,TXN100234,2024-02-28 12:00:00,POS,980.38,106,0.626,1.249
10797,TXN100235,2024-02-28 18:00:00,Online,490.21,24,0.408,0.325
10554,TXN100236,2024-02-29 00:00:00,POS,595.53,58,0.929,0.473
10375,TXN100237,2024-02-29 06:00:00,Contactless,760.74,120,0.693,0.411
10455,TXN100238,2024-02-29 12:00:00,Contactless,128.74,17,0.472,0.758
10202,TXN100239,2024-02-29 18:00:00,ATM,250.49,94,0.784,0.463
11476,TXN100240,2024-03-01 00:00:00,Online,848.48,137,0.765,1.002
11211,TXN100241,2024-03-01 06:00:00,POS,584.41,140,0.927,0.788
10854,TXN100242,2024-03-01 12:00:00,Online,153.19,146,0.74,0.283
10724,TXN100243,2024-03-01 18:00:00,POS,858.7,23,0.966,0.918
11392,TXN100244,2024-03-02 00:00:00,ATM,966.12,100,0.654,0.955
10340,TXN100245,2024-03-02 06:00:00,Contactless,63.16,157,0.68,0.496
10262,TXN100246,2024-03-02 12:00:00,Contactless,794.57,13,0.847,0.38
10543,TXN100247,2024-03-02 18:00:00,Online,747.53,85,0.886,0.812
10551,TXN100248,2024-03-03 00:00:00,Online,1093.3,37,1.174,0.884
11330,TXN100249,2024-03-03 06:00:00,Contactless,829.06,108,1.117,0.419
10638,TXN100250,2024-03-03 12:00:00,ATM,1282.54,76,0.735,0.959
10165,TXN100251,2024-03-03 18:00:00,POS,235.31,126,0.256,0.539
10758,TXN100252,2024-03-04 00:00:00,POS,340.9,26,0.989,1.031
10621,TXN100253,2024-03-04 06:00:00,POS,1142.06,143,0.935,0.258
11112,TXN100254,2024-03-04 12:00:00,POS,296.42,116,0.826,0.495
11224,TXN100255,2024-03-04 18:00:00,Online,1864.63,90,1.021,0.642
11295,TXN100256,2024-03-05 00:00:00,POS,98.87,20,0.621,0.422
10051,TXN100257,2024-03-05 06:00:00,POS,92.56,110,0.192,0.691
10489,TXN100258,2024-03-05 12:00:00,Online,172.5,116,0.444,0.603
10198,TXN100259,2024-03-05 18:00:00,Contactless,480.17,129,-0.264,0.641
11047,TXN100260,2024-03-06 00:00:00,Online,953.78,159,0.905,0.587
10665,TXN100261,2024-03-06 06:00:00,POS,660.31,153,0.727,0.339
11247,TXN100262,2024-03-06 12:00:00,POS,619.49,115,1.051,0.694
11245,TXN100263,2024-03-06 18:00:00,POS,409.76,127,1.014,0.665
10663,TXN100264,2024-03-07 00:00:00,Online,108.18,85,0.579,0.417
10266,TXN100265,2024-03-07 06:00:00,POS,137.77,14,0.461,1.05
10073,TXN100266,2024-03-07 12:00:00,Online,82.53,35,0.474,0.788
10077,TXN100267,2024-03-07 18:00:00,POS,250.88,86,1.42,0.902
10544,TXN100268,2024-03-08 00:00:00,Online,189.14,76,0.697,0.474
10881,TXN100269,2024-03-08 06:00:00,Online,480.42,41,0.654,0.053
10435,TXN100270,2024-03-08 12:00:00,Contactless,358.56,128,0.852,1.188
11089,TXN100271,2024-03-08 18:00:00,POS,256.78,111,0.195,0.747
10357,TXN100272,2024-03-09 00:00:00,Online,379.21,118,0.611,0.802
10936,TXN100273,2024-03-09 06:00:00,Contactless,423.4,88,0.45,0.79
10018,TXN100274,2024-03-09 12:00:00,Online,126.68,75,0.377,0.812
10676,TXN100275,2024-03-09 18:00:00,Online,346.41,148,0.658,0.402
10575,TXN100276,2024-03-10 00:00:00,Online,239.65,89,0.767,0.412
10751,TXN100277,2024-03-10 06:00:00,ATM,232.91,155,0.311,0.413
11460,TXN100278,2024-03-10 12:00:00,POS,463.66,19,0.622,0.854
10996,TXN100279,2024-03-10 18:00:00,Online,945.95,86,0.778,0.36
11465,TXN100280,2024-03-11 00:00:00,Online,470.26,69,0.908,0.272
11033,TXN100281,2024-03-11 06:00:00,POS,1795.15,17,0.655,0.52
11494,TXN100282,2024-03-11 12:00:00,POS,517.82,57,0.866,0.624
10632,TXN100283,2024-03-11 18:00:00,ATM,927.73,90,0.627,0.686
11372,TXN100284,2024-03-12 00:00:00,POS,168.24,50,1.199,0.564
10372,TXN100285,2024-03-12 06:00:00,POS,183.73,132,0.94,0.836
10970,TXN100286,2024-03-12 12:00:00,ATM,485.44,17,0.515,1.027
11199,TXN100287,2024-03-12 18:00:00,POS,275.39,102,0.577,0.714
11154,TXN100288,2024-03-13 00:00:00,POS,876.37,100,0.887,1.025
11317,TXN100289,2024-03-13 06:00:00,Online,611.26,73,0.566,0.854
10353,TXN100290,2024-03-13 12:00:00,POS,468.05,136,0.074,0.433
10224,TXN100291,2024-03-13 18:00:00,ATM,406.43,97,0.854,0.463
10954,TXN100292,2024-03-14 00:00:00,Online,502.38,54,0.616,0.449
10368,TXN100293,2024-03-14 06:00:00,POS,325.19,153,0.988,0.647
11114,TXN100294,2024-03-14 12:00:00,POS,234.47,35,0.764,0.622
10656,TXN100295,2024-03-14 18:00:00,Online,685.35,24,0.976,0.867
11096,TXN100296,2024-03-15 00:00:00,Online,228.56,67,1.632,0.656
10433,TXN100297,2024-03-15 06:00:00,Online,534.05,88,1.199,0.769
11372,TXN100298,2024-03-15 12:00:00,POS,1461.08,34,0.627,0.373
11287,TXN100299,2024-03-15 18:00:00,POS,1052.76,77,0.898,0.768
11295,TXN100300,2024-03-16 00:00:00,POS,285.97,45,0.791,0.566
10509,TXN100301,2024-03-16 06:00:00,Online,339.54,126,0.844,0.546
10508,TXN100302,2024-03-16 12:00:00,POS,1198.22,89,0.201,0.519
10617,TXN100303,2024-03-16 18:00:00,Online,415.19,68,1.119,1.123
10420,TXN100304,2024-03-17 00:00:00,Online,979.37,49,-0.057,0.37
11096,TXN100305,2024-03-17 06:00:00,POS,455.98,126,0.744,0.889
10074,TXN100306,2024-03-17 12:00:00,POS,576.94,90,0.135,0.687
10574,TXN100307,2024-03-17 18:00:00,ATM,436.39,140,0.504,0.319
10146,TXN100308,2024-03-18 00:00:00,Online,492.83,80,0.823,0.617
10046,TXN100309,2024-03-18 06:00:00,POS,1226.33,149,1.054,0.046
11129,TXN100310,2024-03-18 12:00:00,POS,40.42,110,1.108,1.181
11133,TXN100311,2024-03-18 18:00:00,POS,712.52,79,0.682,0.597
11341,TXN100312,2024-03-19 00:00:00,Online,500.51,34,1.097,1.012
10121,TXN100313,2024-03-19 06:00:00,ATM,987.03,98,0.728,1.077
11067,TXN100314,2024-03-19 12:00:00,POS,535.36,140,0.501,0.541
10099,TXN100315,2024-03-19 18:00:00,ATM,672.54,72,0.881,0.708
10706,TXN100316,2024-03-20 00:00:00,Contactless,433.61,39,0.429,0.752
10311,TXN100317,2024-03-20 06:00:00,Contactless,1810.8,102,0.703,1.232
11238,TXN100318,2024-03-20 12:00:00,POS,210.92,141,0.582,0.646
11487,TXN100319,2024-03-20 18:00:00,Contactless,777.42,87,0.207,0.685
10423,TXN100320,2024-03-21 00:00:00,Online,708.87,94,0.865,0.308
11413,TXN100321,2024-03-21 06:00:00,Online,272.78,80,0.8,0.45
11136,TXN100322,2024-03-21 12:00:00,POS,246.62,158,1.153,0.56
10272,TXN100323,2024-03-21 18:00:00,Contactless,435.55,80,0.096,1.064
10825,TXN100324,2024-03-22 00:00:00,ATM,319.64,138,0.5,1.23
11126,TXN100325,2024-03-22 06:00:00,Online,474.52,43,1.145,0.84
10210,TXN100326,2024-03-22 12:00:00,POS,568.22,96,0.935,0.798
10739,TXN100327,2024-03-22 18:00:00,Online,243.1,140,1.004,0.892
10793,TXN100328,2024-03-23 00:00:00,POS,726.18,27,1.258,0.508
11046,TXN100329,2024-03-23 06:00:00,Online,329.53,52,0.482,1.089
10760,TXN100330,2024-03-23 12:00:00,Online,419.4,85,0.448,0.299
10159,TXN100331,2024-03-23 18:00:00,Online,41.67,87,1.05,0.573
10741,TXN100332,2024-03-24 00:00:00,ATM,1326.99,50,0.972,0.883
10343,TXN100333,2024-03-24 06:00:00,POS,300.42,115,0.706,0.565
11424,TXN100334,2024-03-24 12:00:00,Online,234.49,118,0.696,1.391
11478,TXN100335,2024-03-24 18:00:00,POS,72.32,33,0.41,0.887
10699,TXN100336,2024-03-25 00:00:00,ATM,344.57,33,1.302,0.975
11167,TXN100337,2024-03-25 06:00:00,Contactless,234.25,12,1.459,0.488
10397,TXN100338,2024-03-25 12:00:00,Contactless,962.42,82,1.141,0.97
10536,TXN100339,2024-03-25 18:00:00,Online,397.92,33,0.979,0.927
10141,TXN100340,2024-03-26 00:00:00,Online,360.27,128,0.956,1.138
10961,TXN100341,2024-03-26 06:00:00,Online,289.86,49,0.866,0.086
10240,TXN100342,2024-03-26 12:00:00,POS,207.89,80,0.133,0.481
10292,TXN100343,2024-03-26 18:00:00,POS,333.97,146,0.583,0.794
10817,TXN100344,2024-03-27 00:00:00,Online,1007.55,118,1.037,0.803
10082,TXN100345,2024-03-27 06:00:00,Contactless,188.2,112,0.454,0.687
10560,TXN100346,2024-03-27 12:00:00,ATM,227.69,42,0.804,0.272
10870,TXN100347,2024-03-27 18:00:00,POS,131.77,71,1.155,0.755
10171,TXN100348,2024-03-28 00:00:00,POS,327.18,94,1.161,0.786
10977,TXN100349,2024-03-28 06:00:00,POS,638.74,70,1.078,0.699
10580,TXN100350,2024-03-28 12:00:00,POS,314.41,102,0.849,0.69
10526,TXN100351,2024-03-28 18:00:00,Contactless,585.29,36,1.029,0.964
10542,TXN100352,2024-03-29 00:00:00,Online,1128.46,135,0.666,0.657
10110,TXN100353,2024-03-29 06:00:00,POS,417.02,154,1.346,0.35
11236,TXN100354,2024-03-29 12:00:00,Online,367.23,69,0.193,1.093
11462,TXN100355,2024-03-29 18:00:00,POS,666.16,56,0.774,1.077
10322,TXN100356,2024-03-30 00:00:00,POS,308.54,121,0.585,0.689
10900,TXN100357,2024-03-30 06:00:00,Online,80.15,96,0.989,0.945
10714,TXN100358,2024-03-30 12:00:00,Online,861.11,118,0.631,0.273
10084,TXN100359,2024-03-30 18:00:00,Online,587.3,158,1.596,0.66
10956,TXN100360,2024-03-31 00:00:00,POS,641.74,145,1.071,0.22
10376,TXN100361,2024-03-31 06:00:00,POS,1173.78,82,0.4,1.015
11077,TXN100362,2024-03-31 12:00:00,Contactless,1049.69,131,-0.183,0.281
11280,TXN100363,2024-03-31 18:00:00,Online,167.58,106,0.352,0.585
10586,TXN100364,2024-04-01 00:00:00,Online,365.85,77,0.947,0.76
11244,TXN100365,2024-04-01 06:00:00,POS,81.83,72,0.658,0.931
10100,TXN100366,2024-04-01 12:00:00,Online,121.67,91,0.549,0.848
10129,TXN100367,2024-04-01 18:00:00,Online,599.76,39,0.497,1.02
10918,TXN100368,2024-04-02 00:00:00,POS,1452.89,34,1.04,0.925
10219,TXN100369,2024-04-02 06:00:00,Contactless,639.43,130,0.634,1.066
10477,TXN100370,2024-04-02 12:00:00,Contactless,98.49,106,0.598,0.209
11482,TXN100371,2024-04-02 18:00:00,Online,36.39,108,1.098,0.564
10022,TXN100372,2024-04-03 00:00:00,Online,300.75,115,1.297,0.826
10560,TXN100373,2024-04-03 06:00:00,POS,883.48,65,0.36,1.141
10629,TXN100374,2024-04-03 12:00:00,POS,298.59,139,1.162,0.559
11019,TXN100375,2024-04-03 18:00:00,ATM,525.96,62,0.711,1.25
11353,TXN100376,2024-04-04 00:00:00,POS,375.82,135,1.071,0.799
10339,TXN100377,2024-04-04 06:00:00,Online,136.18,50,0.979,0.501
10179,TXN100378,2024-04-04 12:00:00,Online,138.47,32,0.757,0.377
10421,TXN100379,2024-04-04 18:00:00,Contactless,975.95,40,0.772,0.906
11007,TXN100380,2024-04-05 00:00:00,POS,675.82,11,0.984,0.521
10049,TXN100381,2024-04-05 06:00:00,ATM,471.02,69,0.366,0.624
10767,TXN100382,2024-04-05 12:00:00,POS,637.08,87,0.35,0.745
10030,TXN100383,2024-04-05 18:00:00,POS,558.21,32,1.478,0.756
10085,TXN100384,2024-04-06 00:00:00,Online,539.08,44,1.159,1.235
10789,TXN100385,2024-04-06 06:00:00,ATM,274.87,10,1.097,0.81
10329,TXN100386,2024-04-06 12:00:00,ATM,325.47,114,0.695,0.531
10610,TXN100387,2024-04-06 18:00:00,Online,250.92,58,0.176,0.491
10434,TXN100388,2024-04-07 00:00:00,Online,264.61,71,0.564,1.167
10588,TXN100389,2024-04-07 06:00:00,POS,373.9,24,0.894,0.556
11273,TXN100390,2024-04-07 12:00:00,POS,491.52,30,1.153,0.864
11158,TXN100391,2024-04-07 18:00:00,POS,1091.35,145,0.9,0.754
10690,TXN100392,2024-04-08 00:00:00,POS,487.7,144,0.91,0.818
11389,TXN100393,2024-04-08 06:00:00,ATM,79.49,114,0.69,1.092
10425,TXN100394,2024-04-08 12:00:00,POS,349.56,43,0.977,0.779
11439,TXN100395,2024-04-08 18:00:00,POS,330.9,130,0.432,0.929
10770,TXN100396,2024-04-09 00:00:00,Online,333.13,105,0.793,0.786
10512,TXN100397,2024-04-09 06:00:00,Online,628.89,19,0.67,0.573
11409,TXN100398,2024-04-09 12:00:00,POS,265.73,99,1.256,0.838
11412,TXN100399,2024-04-09 18:00:00,ATM,518.43,67,-0.249,0.518
11012,TXN100400,2024-04-10 00:00:00,ATM,124.95,118,0.697,0.374
11473,TXN100401,2024-04-10 06:00:00,ATM,662.11,108,0.837,0.863
10564,TXN100402,2024-04-10 12:00:00,POS,782.73,118,0.101,0.83
10303,TXN100403,2024-04-10 18:00:00,Online,1181.62,141,1.009,0.801
10099,TXN100404,2024-04-11 00:00:00,POS,20.0,98,0.704,0.694
11330,TXN100405,2024-04-11 06:00:00,Online,177.24,145,0.416,0.68
10557,TXN100406,2024-04-11 12:00:00,POS,187.63,21,1.106,0.397
10042,TXN100407,2024-04-11 18:00:00,Online,1127.82,127,0.49,0.179
10991,TXN100408,2024-04-12 00:00:00,Online,668.68,97,1.033,0.949
10468,TXN100409,2024-04-12 06:00:00,POS,485.05,97,0.815,0.945
10440,TXN100410,2024-04-12 12:00:00,Online,539.66,139,0.607,0.63
10327,TXN100411,2024-04-12 18:00:00,POS,353.94,82,0.397,1.112
10569,TXN100412,2024-04-13 00:00:00,POS,176.58,92,0.5,0.84
10033,TXN100413,2024-04-13 06:00:00,ATM,198.65,14,1.058,0.795
10412,TXN100414,2024-04-13 12:00:00,Online,334.62,56,1.154,1.265
10812,TXN100415,2024-04-13 18:00:00,Online,456.84,33,0.993,0.349
11138,TXN100416,2024-04-14 00:00:00,ATM,554.99,130,0.74,0.687
10508,TXN100417,2024-04-14 06:00:00,Online,278.04,104,0.993,0.461
10056,TXN100418,2024-04-14 12:00:00,Contactless,413.5,151,0.861,0.597
11376,TXN100419,2024-04-14 18:00:00,Online,972.94,60,0.539,0.681
11353,TXN100420,2024-04-15 00:00:00,POS,274.82,143,0.429,0.688
10546,TXN100421,2024-04-15 06:00:00,Online,1422.4,154,0.64,0.399
11294,TXN100422,2024-04-15 12:00:00,POS,936.0,91,0.528,0.719
10196,TXN100423,2024-04-15 18:00:00,Contactless,661.65,81,0.795,0.469
10413,TXN100424,2024-04-16 00:00:00,POS,199.62,60,1.312,1.035
10637,TXN100425,2024-04-16 06:00:00,POS,320.57,61,0.848,0.914
11103,TXN100426,2024-04-16 12:00:00,Online,932.23,21,1.264,0.796
11107,TXN100427,2024-04-16 18:00:00,Contactless,1126.2,90,0.75,0.567
10742,TXN100428,2024-04-17 00:00:00,POS,300.53,104,0.691,0.743
10137,TXN100429,2024-04-17 06:00:00,Online,705.85,124,0.22,0.898
10539,TXN100430,2024-04-17 12:00:00,Online,628.43,138,0.974,0.605
10689,TXN100431,2024-04-17 18:00:00,Online,438.28,20,0.52,0.255
10719,TXN100432,2024-04-18 00:00:00,Online,1159.96,25,0.449,0.901
10933,TXN100433,2024-04-18 06:00:00,Contactless,409.93,110,0.395,0.848
10306,TXN100434,2024-04-18 12:00:00,POS,405.05,122,0.874,0.79
11335,TXN100435,2024-04-18 18:00:00,Online,55.5,101,0.548,0.488
10388,TXN100436,2024-04-19 00:00:00,POS,892.23,18,1.326,0.969
10725,TXN100437,2024-04-19 06:00:00,POS,391.87,128,1.142,1.022
10915,TXN100438,2024-04-19 12:00:00,Online,345.98,132,0.563,0.779
10549,TXN100439,2024-04-19 18:00:00,Online,227.7,17,-0.081,0.589
10506,TXN100440,2024-04-20 00:00:00,Online,2062.61,34,0.791,0.595
10388,TXN100441,2024-04-20 06:00:00,POS,1193.23,128,0.641,0.589
10293,TXN100442,2024-04-20 12:00:00,POS,731.81,32,1.061,0.577
10179,TXN100443,2024-04-20 18:00:00,Contactless,463.19,53,0.755,0.601
10672,TXN100444,2024-04-21 00:00:00,POS,46.79,65,1.153,0.79
11453,TXN100445,2024-04-21 06:00:00,POS,202.27,132,0.923,0.951
11336,TXN100446,2024-04-21 12:00:00,Contactless,508.5,32,0.303,1.106
10080,TXN100447,2024-04-21 18:00:00,POS,148.02,18,0.489,0.444
11038,TXN100448,2024-04-22 00:00:00,POS,603.24,13,0.591,0.49
11078,TXN100449,2024-04-22 06:00:00,POS,477.58,130,0.691,0.936
10447,TXN100450,2024-04-22 12:00:00,ATM,489.82,107,0.656,0.444
10766,TXN100451,2024-04-22 18:00:00,POS,1182.07,140,1.001,0.376
11089,TXN100452,2024-04-23 00:00:00,POS,275.36,92,0.926,0.436
11396,TXN100453,2024-04-23 06:00:00,POS,142.31,43,0.603,0.651
10503,TXN100454,2024-04-23 12:00:00,POS,192.13,114,0.982,1.158
10570,TXN100455,2024-04-23 18:00:00,ATM,186.26,116,0.34,0.664
10096,TXN100456,2024-04-24 00:00:00,POS,1699.11,52,0.995,0.777
11284,TXN100457,2024-04-24 06:00:00,Online,286.77,21,1.054,0.365
10585,TXN100458,2024-04-24 12:00:00,POS,974.46,25,0.846,1.001
10248,TXN100459,2024-04-24 18:00:00,Contactless,322.06,71,0.934,0.944
10127,TXN100460,2024-04-25 00:00:00,POS,453.22,26,0.98,0.569
10499,TXN100461,2024-04-25 06:00:00,Online,252.98,24,1.117,0.508
10046,TXN100462,2024-04-25 12:00:00,Contactless,835.14,35,1.01,0.968
10982,TXN100463,2024-04-25 18:00:00,Online,96.66,54,1.173,0.637
10268,TXN100464,2024-04-26 00:00:00,Contactless,348.87,139,0.199,0.514
10094,TXN100465,2024-04-26 06:00:00,Online,942.64,154,0.796,0.597
10736,TXN100466,2024-04-26 12:00:00,Contactless,207.44,74,0.734,0.767
11340,TXN100467,2024-04-26 18:00:00,Online,163.26,103,0.803,0.905
10612,TXN100468,2024-04-27 00:00:00,ATM,504.97,39,1.065,0.79
10071,TXN100469,2024-04-27 06:00:00,ATM,229.66,77,0.795,0.776
10593,TXN100470,2024-04-27 12:00:00,POS,836.76,115,0.781,0.633
10449,TXN100471,2024-04-27 18:00:00,ATM,477.89,53,0.913,0.741
11391,TXN100472,2024-04-28 00:00:00,POS,1130.16,105,0.223,0.59
10620,TXN100473,2024-04-28 06:00:00,Online,327.25,69,1.295,0.624
10614,TXN100474,2024-04-28 12:00:00,POS,617.7,10,0.713,1.098
11434,TXN100475,2024-04-28 18:00:00,POS,390.31,28,1.267,0.712
10091,TXN100476,2024-04-29 00:00:00,POS,211.86,42,0.451,0.597
10877,TXN100477,2024-04-29 06:00:00,Online,826.51,100,0.431,0.511
10528,TXN100478,2024-04-29 12:00:00,Online,326.08,33,0.67,0.084
11134,TXN100479,2024-04-29 18:00:00,POS,111.52,92,0.763,1.284
10775,TXN100480,2024-04-30 00:00:00,ATM,508.77,134,0.572,1.315
10672,TXN100481,2024-04-30 06:00:00,Contactless,266.68,148,0.468,0.876
10765,TXN100482,2024-04-30 12:00:00,Online,166.01,18,0.88,0.41
11113,TXN100483,2024-04-30 18:00:00,Contactless,455.45,15,1.257,1.466
11296,TXN100484,2024-05-01 00:00:00,Contactless,406.06,67,1.331,0.307
11271,TXN100485,2024-05-01 06:00:00,Online,283.73,109,0.647,0.81
10361,TXN100486,2024-05-01 12:00:00,POS,487.1,131,0.372,0.22
10378,TXN100487,2024-05-01 18:00:00,POS,440.25,110,0.658,0.092
11230,TXN100488,2024-05-02 00:00:00,POS,1301.54,20,1.349,0.765
10345,TXN100489,2024-05-02 06:00:00,POS,929.91,10,1.11,0.801
10798,TXN100490,2024-05-02 12:00:00,POS,647.83,90,0.885,0.733
10455,TXN100491,2024-05-02 18:00:00,Online,635.88,119,0.587,1.118
10908,TXN100492,2024-05-03 00:00:00,Online,552.94,109,1.069,0.687
10067,TXN100493,2024-05-03 06:00:00,Online,420.78,114,1.542,0.927
10987,TXN100494,2024-05-03 12:00:00,ATM,196.46,142,0.7,0.481
10979,TXN100495,2024-05-03 18:00:00,Online,210.65,108,0.06,1.063
10043,TXN100496,2024-05-04 00:00:00,ATM,372.55,18,0.391,1.087
10229,TXN100497,2024-05-04 06:00:00,POS,796.72,141,0.772,0.629
11468,TXN100498,2024-05-04 12:00:00,POS,347.82,66,0.696,0.805
10234,TXN100499,2024-05-04 18:00:00,Contactless,438.34,133,1.226,0.504
11223,TXN100500,2024-05-05 00:00:00,Online,137.87,15,0.543,0.638
10497,TXN100501,2024-05-05 06:00:00,Online,812.18,151,0.689,0.906
10848,TXN100502,2024-05-05 12:00:00,Contactless,154.09,72,0.523,0.836
11056,TXN100503,2024-05-05 18:00:00,POS,480.15,127,1.023,0.216
11288,TXN100504,2024-05-06 00:00:00,Online,318.15,74,0.449,0.382
10113,TXN100505,2024-05-06 06:00:00,Online,368.45,61,0.668,0.535
10973,TXN100506,2024-05-06 12:00:00,Contactless,792.15,74,0.217,0.762
10459,TXN100507,2024-05-06 18:00:00,POS,301.52,134,0.565,0.443
11300,TXN100508,2024-05-07 00:00:00,Online,207.22,109,1.332,0.304
11170,TXN100509,2024-05-07 06:00:00,Contactless,1051.82,145,1.372,-0.036
11381,TXN100510,2024-05-07 12:00:00,POS,161.31,105,0.986,1.284
10006,TXN100511,2024-05-07 18:00:00,Contactless,434.54,17,0.904,0.757
11364,TXN100512,2024-05-08 00:00:00,Online,350.6,23,0.53,0.296
10992,TXN100513,2024-05-08 06:00:00,POS,331.35,33,0.82,0.989
10494,TXN100514,2024-05-08 12:00:00,Online,520.98,102,0.808,1.118
11132,TXN100515,2024-05-08 18:00:00,POS,357.3,34,0.756,0.76
10071,TXN100516,2024-05-09 00:00:00,Online,396.67,143,1.032,0.874
10939,TXN100517,2024-05-09 06:00:00,Online,330.75,138,0.42,1.066
11364,TXN100518,2024-05-09 12:00:00,Online,339.13,96,1.647,0.87
10674,TXN100519,2024-05-09 18:00:00,Online,717.93,42,1.319,0.877
11124,TXN100520,2024-05-10 00:00:00,Contactless,1037.12,151,0.466,0.27
11351,TXN100521,2024-05-10 06:00:00,Online,393.7,65,0.788,-0.064
11057,TXN100522,2024-05-10 12:00:00,POS,386.17,37,0.54,0.941
10143,TXN100523,2024-05-10 18:00:00,POS,988.0,38,0.973,0.637
11268,TXN100524,2024-05-11 00:00:00,POS,302.75,32,0.719,0.573
10736,TXN100525,2024-05-11 06:00:00,ATM,463.21,47,0.091,0.972
10726,TXN100526,2024-05-11 12:00:00,ATM,447.74,52,0.428,0.433
10217,TXN100527,2024-05-11 18:00:00,Contactless,227.42,19,1.214,0.69
10434,TXN100528,2024-05-12 00:00:00,ATM,343.65,36,0.673,0.716
10834,TXN100529,2024-05-12 06:00:00,ATM,83.17,145,0.67,0.893
11078,TXN100530,2024-05-12 12:00:00,POS,429.32,94,0.984,0.796
10720,TXN100531,2024-05-12 18:00:00,POS,255.39,22,1.079,0.796
10942,TXN100532,2024-05-13 00:00:00,POS,267.04,67,0.719,0.587
10907,TXN100533,2024-05-13 06:00:00,Online,785.93,12,-0.008,0.594
10995,TXN100534,2024-05-13 12:00:00,Online,833.65,109,0.469,0.795
11175,TXN100535,2024-05-13 18:00:00,POS,317.16,113,-0.0,0.56
10055,TXN100536,2024-05-14 00:00:00,Online,193.29,14,0.26,0.468
11472,TXN100537,2024-05-14 06:00:00,POS,695.0,31,0.777,1.06
11059,TXN100538,2024-05-14 12:00:00,Online,221.6,75,0.766,0.511
10861,TXN100539,2024-05-14 18:00:00,POS,370.58,98,1.196,0.572
11007,TXN100540,2024-05-15 00:00:00,,36.99,49,0.739,1.043
11143,TXN100541,2024-05-15 06:00:00,POS,421.87,97,0.443,0.507
11221,TXN100542,2024-05-15 12:00:00,Online,733.77,131,1.171,0.79
10566,TXN100543,2024-05-15 18:00:00,Online,728.92,14,1.363,0.815
10771,TXN100544,2024-05-16 00:00:00,Contactless,1021.76,153,1.071,0.675
10878,TXN100545,2024-05-16 06:00:00,Contactless,198.05,126,0.726,0.591
10824,TXN100546,2024-05-16 12:00:00,Contactless,97.07,24,0.642,0.385
10514,TXN100547,2024-05-16 18:00:00,Online,156.81,84,0.333,0.876
10862,TXN100548,2024-05-17 00:00:00,POS,160.36,89,0.473,1.009
10422,TXN100549,2024-05-17 06:00:00,Contactless,672.45,27,0.593,0.979
10517,TXN100550,2024-05-17 12:00:00,Online,625.17,111,0.287,0.804
11163,TXN100551,2024-05-17 18:00:00,Online,847.69,141,0.633,0.147
10705,TXN100552,2024-05-18 00:00:00,Online,211.42,62,0.651,0.915
10809,TXN100553,2024-05-18 06:00:00,Contactless,707.4,67,1.196,0.67
10044,TXN100554,2024-05-18 12:00:00,POS,771.51,121,0.183,0.534
10858,TXN100555,2024-05-18 18:00:00,Contactless,807.34,94,0.81,0.884
10801,TXN100556,2024-05-19 00:00:00,Online,375.4,84,0.274,0.763
10219,TXN100557,2024-05-19 06:00:00,ATM,255.77,67,0.065,0.983
10568,TXN100558,2024-05-19 12:00:00,Online,776.02,125,0.577,0.795
10908,TXN100559,2024-05-19 18:00:00,Online,121.07,68,0.757,0.625
10258,TXN100560,2024-05-20 00:00:00,POS,98.41,39,1.195,0.602
10961,TXN100561,2024-05-20 06:00:00,POS,553.71,77,0.656,0.871
11401,TXN100562,2024-05-20 12:00:00,POS,198.98,84,0.562,0.325
10893,TXN100563,2024-05-20 18:00:00,Contactless,327.23,77,0.504,0.56
10289,TXN100564,2024-05-21 00:00:00,Online,670.15,140,0.569,0.086
11494,TXN100565,2024-05-21 06:00:00,Online,201.82,66,-0.483,0.818
10972,TXN100566,2024-05-21 12:00:00,POS,315.09,50,0.463,0.881
10103,TXN100567,2024-05-21 18:00:00,Contactless,644.56,13,1.031,0.485
10804,TXN100568,2024-05-22 00:00:00,ATM,551.97,48,-0.109,0.394
11173,TXN100569,2024-05-22 06:00:00,POS,773.03,118,0.605,0.967
11108,TXN100570,2024-05-22 12:00:00,ATM,336.26,115,0.649,0.5
11050,TXN100571,2024-05-22 18:00:00,Online,611.07,117,1.001,0.88
11199,TXN100572,2024-05-23 00:00:00,Online,188.39,20,0.791,0.696
11446,TXN100573,2024-05-23 06:00:00,POS,798.54,20,0.898,0.552
11370,TXN100574,2024-05-23 12:00:00,ATM,515.14,63,0.489,0.862
10302,TXN100575,2024-05-23 18:00:00,POS,1456.33,29,0.135,0.709
11322,TXN100576,2024-05-24 00:00:00,POS,336.06,137,0.564,1.118
11159,TXN100577,2024-05-24 06:00:00,POS,946.68,85,0.7,0.494
11079,TXN100578,2024-05-24 12:00:00,POS,768.07,128,1.155,0.329
10056,TXN100579,2024-05-24 18:00:00,Contactless,928.72,23,0.25,0.695
11015,TXN100580,2024-05-25 00:00:00,POS,942.22,132,1.481,0.833
10374,TXN100581,2024-05-25 06:00:00,Online,518.95,34,0.81,0.647
10831,TXN100582,2024-05-25 12:00:00,ATM,229.55,115,0.484,1.204
10920,TXN100583,2024-05-25 18:00:00,POS,190.84,115,0.465,1.04
11363,TXN100584,2024-05-26 00:00:00,ATM,230.78,112,0.694,0.553
10457,TXN100585,2024-05-26 06:00:00,Contactless,305.81,19,0.726,0.718
11379,TXN100586,2024-05-26 12:00:00,Online,253.18,23,0.755,0.195
10132,TXN100587,2024-05-26 18:00:00,POS,143.14,142,0.973,0.994
10493,TXN100588,2024-05-27 00:00:00,POS,620.21,31,0.519,0.509
10110,TXN100589,2024-05-27 06:00:00,Online,582.66,84,0.787,0.756
10582,TXN100590,2024-05-27 12:00:00,ATM,329.95,38,0.633,0.628
10796,TXN100591,2024-05-27 18:00:00,POS,392.25,144,1.326,0.283
11150,TXN100592,2024-05-28 00:00:00,ATM,473.33,155,0.117,0.933
11320,TXN100593,2024-05-28 06:00:00,ATM,224.55,44,1.501,0.404
11203,TXN100594,2024-05-28 12:00:00,Online,405.06,80,0.441,0.555
10810,TXN100595,2024-05-28 18:00:00,ATM,818.77,103,0.37,0.939
10886,TXN100596,2024-05-29 00:00:00,ATM,160.34,13,0.646,0.428
11221,TXN100597,2024-05-29 06:00:00,ATM,783.84,60,0.826,1.117
10773,TXN100598,2024-05-29 12:00:00,POS,1204.67,103,0.623,0.424
11125,TXN100599,2024-05-29 18:00:00,POS,830.51,39,0.959,0.373
10937,TXN100600,2024-05-30 00:00:00,Online,249.84,103,0.593,0.713
10573,TXN100601,2024-05-30 06:00:00,Contactless,636.69,119,0.525,1.158
11207,TXN100602,2024-05-30 12:00:00,POS,224.45,83,0.426,0.698
10809,TXN100603,2024-05-30 18:00:00,POS,459.04,151,1.191,0.975
10879,TXN100604,2024-05-31 00:00:00,Online,992.66,96,0.885,0.325
11033,TXN100605,2024-05-31 06:00:00,POS,728.65,149,0.345,0.597
10413,TXN100606,2024-05-31 12:00:00,Online,84.74,85,0.592,0.615
10830,TXN100607,2024-05-31 18:00:00,Contactless,321.53,35,0.287,0.347
10566,TXN100608,2024-06-01 00:00:00,Contactless,740.47,143,1.704,0.254
10104,TXN100609,2024-06-01 06:00:00,Online,236.61,110,0.814,0.632
11150,TXN100610,2024-06-01 12:00:00,POS,171.76,124,0.054,1.142
10677,TXN100611,2024-06-01 18:00:00,POS,329.26,152,0.274,0.761
10945,TXN100612,2024-06-02 00:00:00,ATM,733.61,115,0.312,0.509
10270,TXN100613,2024-06-02 06:00:00,ATM,663.08,112,0.852,0.13
10466,TXN100614,2024-06-02 12:00:00,Contactless,510.08,156,0.156,0.596
10801,TXN100615,2024-06-02 18:00:00,POS,630.94,113,0.272,0.577
11142,TXN100616,2024-06-03 00:00:00,Online,409.86,86,0.662,0.808
11116,TXN100617,2024-06-03 06:00:00,POS,303.73,104,0.721,0.629
11005,TXN100618,2024-06-03 12:00:00,ATM,86.05,116,0.556,0.877
11111,TXN100619,2024-06-03 18:00:00,Online,105.66,121,0.605,0.915
10234,TXN100620,2024-06-04 00:00:00,Online,868.15,61,0.248,0.68
10913,TXN100621,2024-06-04 06:00:00,ATM,766.44,27,0.906,0.684
11148,TXN100622,2024-06-04 12:00:00,ATM,664.74,66,0.049,0.71
11227,TXN100623,2024-06-04 18:00:00,Online,478.84,42,0.692,0.211
11056,TXN100624,2024-06-05 00:00:00,Contactless,634.49,113,1.373,0.902
10357,TXN100625,2024-06-05 06:00:00,Online,276.53,141,0.622,1.175
11487,TXN100626,2024-06-05 12:00:00,Online,297.09,28,0.26,0.717
10964,TXN100627,2024-06-05 18:00:00,POS,455.67,16,0.709,0.481
10094,TXN100628,2024-06-06 00:00:00,Contactless,330.3,35,0.642,0.698
11432,TXN100629,2024-06-06 06:00:00,POS,217.06,96,0.815,0.578
11124,TXN100630,2024-06-06 12:00:00,POS,1235.39,107,0.809,0.708
10244,TXN100631,2024-06-06 18:00:00,Online,519.84,145,1.087,0.613
10058,TXN100632,2024-06-07 00:00:00,ATM,331.66,150,0.574,0.097
10965,TXN100633,2024-06-07 06:00:00,POS,664.56,41,0.457,0.727
11381,TXN100634,2024-06-07 12:00:00,Contactless,853.9,43,0.466,1.323
10320,TXN100635,2024-06-07 18:00:00,ATM,164.85,155,0.52,0.326
11043,TXN100636,2024-06-08 00:00:00,Online,192.17,64,0.85,1.007
10357,TXN100637,2024-06-08 06:00:00,ATM,822.79,52,0.266,0.812
10117,TXN100638,2024-06-08 12:00:00,Online,1226.66,158,0.419,0.443
11160,TXN100639,2024-06-08 18:00:00,Contactless,726.12,155,0.768,0.324
10296,TXN100640,2024-06-09 00:00:00,Online,392.74,151,1.172,0.774
10525,TXN100641,2024-06-09 06:00:00,Online,754.98,28,0.44,0.801
11125,TXN100642,2024-06-09 12:00:00,POS,230.9,66,0.872,0.278
11404,TXN100643,2024-06-09 18:00:00,Online,353.13,89,0.677,0.959
11179,TXN100644,2024-06-10 00:00:00,Online,248.15,11,0.926,0.562
11129,TXN100645,2024-06-10 06:00:00,POS,135.54,58,0.771,0.838
11152,TXN100646,2024-06-10 12:00:00,POS,702.17,99,0.759,0.897
10401,TXN100647,2024-06-10 18:00:00,POS,406.44,31,1.643,0.951
10739,TXN100648,2024-06-11 00:00:00,Contactless,610.75,100,1.775,0.423
10529,TXN100649,2024-06-11 06:00:00,POS,462.22,38,0.658,1.263
10557,TXN100650,2024-06-11 12:00:00,Contactless,336.92,15,0.429,0.442
10550,TXN100651,2024-06-11 18:00:00,Online,66.7,132,0.835,0.95
11148,TXN100652,2024-06-12 00:00:00,Online,239.82,94,0.961,0.56
10360,TXN100653,2024-06-12 06:00:00,POS,1712.62,132,1.212,0.715
10064,TXN100654,2024-06-12 12:00:00,Online,812.74,113,-0.036,0.665
10765,TXN100655,2024-06-12 18:00:00,Online,103.49,23,0.606,0.831
10774,TXN100656,2024-06-13 00:00:00,Contactless,159.13,79,0.572,0.993
10624,TXN100657,2024-06-13 06:00:00,POS,904.29,148,0.468,0.529
10102,TXN100658,2024-06-13 12:00:00,Online,1067.94,111,0.226,0.454
10561,TXN100659,2024-06-13 18:00:00,ATM,1423.29,78,0.671,0.122
11301,TXN100660,2024-06-14 00:00:00,Online,160.41,88,0.997,0.75
11251,TXN100661,2024-06-14 06:00:00,POS,940.46,47,0.314,0.653
11047,TXN100662,2024-06-14 12:00:00,Online,722.54,71,0.781,0.73
10844,TXN100663,2024-06-14 18:00:00,Online,179.65,89,0.897,0.672
11088,TXN100664,2024-06-15 00:00:00,Online,81.92,155,1.325,0.912
11181,TXN100665,2024-06-15 06:00:00,Contactless,59.49,126,0.972,0.558
11414,TXN100666,2024-06-15 12:00:00,Online,384.81,135,0.72,0.798
11173,TXN100667,2024-06-15 18:00:00,POS,437.01,33,0.859,0.691
10839,TXN100668,2024-06-16 00:00:00,Online,308.4,108,1.017,0.431
11387,TXN100669,2024-06-16 06:00:00,POS,333.67,144,0.792,0.508
10681,TXN100670,2024-06-16 12:00:00,POS,409.28,23,1.025,0.958
11488,TXN100671,2024-06-16 18:00:00,POS,371.54,103,0.634,0.931
10645,TXN100672,2024-06-17 00:00:00,ATM,1169.47,33,1.17,0.907
10399,TXN100673,2024-06-17 06:00:00,Contactless,187.52,22,0.572,0.653
10405,TXN100674,2024-06-17 12:00:00,Online,295.64,156,0.51,0.072
10826,TXN100675,2024-06-17 18:00:00,Online,590.01,38,0.586,0.234
11156,TXN100676,2024-06-18 00:00:00,Contactless,415.15,31,0.41,0.626
11221,TXN100677,2024-06-18 06:00:00,Contactless,764.63,11,1.014,0.275
10647,TXN100678,2024-06-18 12:00:00,POS,115.92,112,0.2,1.021
10035,TXN100679,2024-06-18 18:00:00,POS,230.81,45,0.598,0.473
10420,TXN100680,2024-06-19 00:00:00,Online,476.65,47,0.864,0.623
10377,TXN100681,2024-06-19 06:00:00,POS,380.45,27,0.754,1.186
11423,TXN100682,2024-06-19 12:00:00,Online,347.26,60,0.735,0.989
10220,TXN100683,2024-06-19 18:00:00,Contactless,653.58,152,0.7,0.797
10697,TXN100684,2024-06-20 00:00:00,Online,681.7,137,0.808,0.762
10342,TXN100685,2024-06-20 06:00:00,POS,598.39,26,0.399,0.488
10753,TXN100686,2024-06-20 12:00:00,POS,129.38,121,0.582,0.913
10416,TXN100687,2024-06-20 18:00:00,Online,971.9,86,0.66,0.76
11480,TXN100688,2024-06-21 00:00:00,POS,99.13,31,0.91,0.662
11321,TXN100689,2024-06-21 06:00:00,Contactless,146.6,132,1.08,0.879
10938,TXN100690,2024-06-21 12:00:00,POS,413.35,137,0.704,0.885
11355,TXN100691,2024-06-21 18:00:00,Contactless,136.92,99,1.007,0.428
11007,TXN100692,2024-06-22 00:00:00,Online,106.28,141,0.781,0.957
10680,TXN100693,2024-06-22 06:00:00,Online,263.88,16,0.725,0.676
11363,TXN100694,2024-06-22 12:00:00,Contactless,43.48,147,1.025,0.723
10748,TXN100695,2024-06-22 18:00:00,Online,481.43,24,0.243,0.332
10806,TXN100696,2024-06-23 00:00:00,ATM,858.65,49,0.905,0.34
11322,TXN100697,2024-06-23 06:00:00,POS,1224.16,111,0.51,0.293
10312,TXN100698,2024-06-23 12:00:00,POS,562.89,153,1.114,1.37
10055,TXN100699,2024-06-23 18:00:00,POS,355.88,107,0.52,1.335
10694,TXN100700,2024-06-24 00:00:00,ATM,673.86,129,0.641,0.224
10534,TXN100701,2024-06-24 06:00:00,Contactless,450.74,27,0.202,0.276
10105,TXN100702,2024-06-24 12:00:00,Online,917.24,11,0.879,0.557
11199,TXN100703,2024-06-24 18:00:00,POS,305.86,129,0.604,1.01
10294,TXN100704,2024-06-25 00:00:00,Online,494.55,155,0.562,0.875
10880,TXN100705,2024-06-25 06:00:00,ATM,690.88,63,0.76,1.307
10551,TXN100706,2024-06-25 12:00:00,Online,899.86,106,0.166,0.615
10911,TXN100707,2024-06-25 18:00:00,POS,234.78,82,0.507,0.505
10375,TXN100708,2024-06-26 00:00:00,Online,434.93,152,0.685,0.716
10450,TXN100709,2024-06-26 06:00:00,Online,395.4,101,1.263,0.651
11469,TXN100710,2024-06-26 12:00:00,ATM,1332.02,17,0.814,0.692
11084,TXN100711,2024-06-26 18:00:00,Online,137.86,109,0.889,0.73
11416,TXN100712,2024-06-27 00:00:00,POS,317.63,48,0.772,1.294
10812,TXN100713,2024-06-27 06:00:00,POS,504.1,145,1.943,0.734
10390,TXN100714,2024-06-27 12:00:00,Online,316.82,115,1.065,0.402
11236,TXN100715,2024-06-27 18:00:00,POS,500.27,59,0.038,0.619
10667,TXN100716,2024-06-28 00:00:00,Contactless,369.51,92,0.828,0.903
11264,TXN100717,2024-06-28 06:00:00,Contactless,293.77,36,1.132,0.868
11146,TXN100718,2024-06-28 12:00:00,POS,423.2,86,0.242,0.853
11277,TXN100719,2024-06-28 18:00:00,Online,625.06,47,0.787,0.224
10141,TXN100720,2024-06-29 00:00:00,Online,249.68,30,0.562,0.263
11476,TXN100721,2024-06-29 06:00:00,ATM,682.92,54,0.451,0.663
10874,TXN100722,2024-06-29 12:00:00,POS,432.14,39,1.218,0.825
11177,TXN100723,2024-06-29 18:00:00,Online,207.12,104,0.518,0.467
11332,TXN100724,2024-06-30 00:00:00,POS,465.21,153,0.521,1.118
11341,TXN100725,2024-06-30 06:00:00,ATM,313.97,61,0.435,0.851
11320,TXN100726,2024-06-30 12:00:00,POS,225.11,115,0.369,0.555
10843,TXN100727,2024-06-30 18:00:00,ATM,384.24,50,0.559,1.478
11369,TXN100728,2024-07-01 00:00:00,Online,449.33,90,0.541,0.57
10597,TXN100729,2024-07-01 06:00:00,ATM,705.63,33,0.334,0.597
11306,TXN100730,2024-07-01 12:00:00,POS,505.23,157,0.74,0.584
11232,TXN100731,2024-07-01 18:00:00,POS,83.8,112,-0.135,0.712
10952,TXN100732,2024-07-02 00:00:00,POS,299.58,11,0.786,0.399
10552,TXN100733,2024-07-02 06:00:00,POS,433.19,69,1.092,0.906
11120,TXN100734,2024-07-02 12:00:00,POS,320.45,60,0.564,0.945
11476,TXN100735,2024-07-02 18:00:00,Online,768.48,138,0.874,0.887
10373,TXN100736,2024-07-03 00:00:00,Contactless,940.1,100,0.662,0.573
10648,TXN100737,2024-07-03 06:00:00,Contactless,99.81,110,1.573,0.574
11097,TXN100738,2024-07-03 12:00:00,POS,531.44,123,1.091,0.872
10333,TXN100739,2024-07-03 18:00:00,Online,172.42,15,0.447,0.76
10393,TXN100740,2024-07-04 00:00:00,Online,926.16,63,1.202,0.475
11130,TXN100741,2024-07-04 06:00:00,Contactless,209.47,36,1.594,0.133
11125,TXN100742,2024-07-04 12:00:00,Contactless,188.41,89,0.674,0.589
11383,TXN100743,2024-07-04 18:00:00,Online,807.8,72,0.92,0.846
11353,TXN100744,2024-07-05 00:00:00,ATM,637.06,108,1.105,0.839
10395,TXN100745,2024-07-05 06:00:00,POS,613.05,100,0.358,0.276
10035,TXN100746,2024-07-05 12:00:00,Online,653.34,44,0.108,0.934
10157,TXN100747,2024-07-05 18:00:00,POS,262.26,67,0.806,1.218
10904,TXN100748,2024-07-06 00:00:00,POS,370.35,45,0.462,0.602
11297,TXN100749,2024-07-06 06:00:00,Online,920.09,111,0.674,0.643
10967,TXN100750,2024-07-06 12:00:00,Online,1278.52,101,1.109,0.554
10396,TXN100751,2024-07-06 18:00:00,Online,365.05,65,0.948,0.601
10207,TXN100752,2024-07-07 00:00:00,Contactless,268.05,76,0.945,1.039
10621,TXN100753,2024-07-07 06:00:00,POS,1040.6,66,0.705,0.48
11330,TXN100754,2024-07-07 12:00:00,POS,605.68,40,0.524,0.768
10805,TXN100755,2024-07-07 18:00:00,ATM,457.6,140,0.502,0.623
10462,TXN100756,2024-07-08 00:00:00,Contactless,479.43,61,1.36,0.753
10252,TXN100757,2024-07-08 06:00:00,Online,448.05,114,1.54,0.62
11291,TXN100758,2024-07-08 12:00:00,Online,1126.36,120,1.128,0.93
10867,TXN100759,2024-07-08 18:00:00,Online,868.41,101,0.652,0.991
10209,TXN100760,2024-07-09 00:00:00,Contactless,282.15,46,0.361,0.805
10955,TXN100761,2024-07-09 06:00:00,POS,1396.98,126,1.702,0.64
10539,TXN100762,2024-07-09 12:00:00,ATM,250.31,76,0.909,0.92
10835,TXN100763,2024-07-09 18:00:00,Online,410.09,58,0.901,0.49
10503,TXN100764,2024-07-10 00:00:00,POS,707.6,37,0.541,0.82
10956,TXN100765,2024-07-10 06:00:00,Online,765.31,41,0.991,0.556
10514,TXN100766,2024-07-10 12:00:00,POS,291.67,108,0.677,0.76
10580,TXN100767,2024-07-10 18:00:00,Online,460.65,80,0.381,0.431
11172,TXN100768,2024-07-11 00:00:00,POS,323.4,41,0.631,1.031
10840,TXN100769,2024-07-11 06:00:00,ATM,1551.25,157,0.891,0.348
10986,TXN100770,2024-07-11 12:00:00,Contactless,280.98,145,1.287,0.664
10083,TXN100771,2024-07-11 18:00:00,Online,802.95,77,0.199,0.286
11066,TXN100772,2024-07-12 00:00:00,ATM,105.77,79,0.316,1.026
10156,TXN100773,2024-07-12 06:00:00,Contactless,453.7,57,0.601,1.135
10453,TXN100774,2024-07-12 12:00:00,Online,435.78,105,0.422,0.367
11308,TXN100775,2024-07-12 18:00:00,POS,557.5,117,0.751,0.791
11212,TXN100776,2024-07-13 00:00:00,POS,308.16,55,0.578,0.617
10617,TXN100777,2024-07-13 06:00:00,Online,236.74,76,0.794,0.843
10624,TXN100778,2024-07-13 12:00:00,Online,159.56,38,0.809,1.141
11498,TXN100779,2024-07-13 18:00:00,Online,388.69,92,0.276,0.808
10507,TXN100780,2024-07-14 00:00:00,POS,106.31,147,0.677,0.486
11157,TXN100781,2024-07-14 06:00:00,Online,176.3,80,0.47,0.507
11295,TXN100782,2024-07-14 12:00:00,Online,157.83,74,1.148,0.601
10622,TXN100783,2024-07-14 18:00:00,ATM,361.47,154,0.512,0.496
11097,TXN100784,2024-07-15 00:00:00,POS,917.09,31,0.577,0.913
11460,TXN100785,2024-07-15 06:00:00,Online,373.23,109,0.432,0.937
10293,TXN100786,2024-07-15 12:00:00,POS,125.85,23,0.74,1.053
10655,TXN100787,2024-07-15 18:00:00,Contactless,651.49,15,0.697,0.581
10937,TXN100788,2024-07-16 00:00:00,Online,708.17,56,1.269,1.023
10757,TXN100789,2024-07-16 06:00:00,Online,2102.42,157,0.739,1.171
11461,TXN100790,2024-07-16 12:00:00,Online,415.87,153,1.221,0.329
10996,TXN100791,2024-07-16 18:00:00,Online,772.01,43,1.288,0.564
10667,TXN100792,2024-07-17 00:00:00,POS,1324.15,10,0.626,0.67
10060,TXN100793,2024-07-17 06:00:00,Contactless,432.78,17,0.689,0.93
10327,TXN100794,2024-07-17 12:00:00,POS,67.39,31,0.549,1.075
11206,TXN100795,2024-07-17 18:00:00,POS,660.83,77,0.32,0.215
10799,TXN100796,2024-07-18 00:00:00,POS,380.57,43,1.575,0.513
10785,TXN100797,2024-07-18 06:00:00,Online,785.77,46,0.551,1.021
10767,TXN100798,2024-07-18 12:00:00,Online,311.81,130,0.434,0.461
11458,TXN100799,2024-07-18 18:00:00,ATM,760.68,32,0.379,0.923
10519,TXN100800,2024-07-19 00:00:00,POS,193.65,93,0.531,0.861
10638,TXN100801,2024-07-19 06:00:00,Online,144.14,126,0.644,0.918
10083,TXN100802,2024-07-19 12:00:00,Online,709.33,33,1.185,0.921
10028,TXN100803,2024-07-19 18:00:00,POS,256.18,150,1.384,0.581
10266,TXN100804,2024-07-20 00:00:00,ATM,720.6,78,0.021,0.626
11307,TXN100805,2024-07-20 06:00:00,POS,361.88,89,1.306,0.603
10397,TXN100806,2024-07-20 12:00:00,ATM,1473.76,69,1.337,0.763
10962,TXN100807,2024-07-20 18:00:00,POS,904.7,47,0.533,0.103
10763,TXN100808,2024-07-21 00:00:00,Online,162.75,86,0.431,0.835
10980,TXN100809,2024-07-21 06:00:00,Contactless,770.55,94,0.933,1.182
11407,TXN100810,2024-07-21 12:00:00,Online,454.29,138,0.527,0.755
10811,TXN100811,2024-07-21 18:00:00,Online,396.02,13,1.274,0.666
10581,TXN100812,2024-07-22 00:00:00,ATM,451.24,123,0.922,0.721
11343,TXN100813,2024-07-22 06:00:00,Online,283.89,89,0.486,0.849
10611,TXN100814,2024-07-22 12:00:00,POS,288.28,118,0.852,1.02
10193,TXN100815,2024-07-22 18:00:00,Contactless,304.01,150,0.775,0.681
10227,TXN100816,2024-07-23 00:00:00,POS,150.97,40,0.078,0.653
10451,TXN100817,2024-07-23 06:00:00,Online,633.74,137,0.405,0.315
11206,TXN100818,2024-07-23 12:00:00,POS,459.35,88,0.52,0.713
10932,TXN100819,2024-07-23 18:00:00,ATM,672.19,14,0.883,0.363
11351,TXN100820,2024-07-24 00:00:00,POS,578.23,136,0.948,0.547
10655,TXN100821,2024-07-24 06:00:00,POS,632.81,95,1.172,0.946
10203,TXN100822,2024-07-24 12:00:00,Contactless,336.97,95,0.503,0.986
10402,TXN100823,2024-07-24 18:00:00,Contactless,617.16,148,0.231,0.83
10472,TXN100824,2024-07-25 00:00:00,POS,621.61,33,0.454,1.04
10890,TXN100825,2024-07-25 06:00:00,Online,376.33,54,0.503,0.238
10179,TXN100826,2024-07-25 12:00:00,ATM,931.57,120,0.469,1.156
11042,TXN100827,2024-07-25 18:00:00,Online,340.81,43,0.742,0.462
10463,TXN100828,2024-07-26 00:00:00,POS,1612.94,148,0.994,0.784
10835,TXN100829,2024-07-26 06:00:00,POS,603.54,159,0.606,0.514
10609,TXN100830,2024-07-26 12:00:00,ATM,320.85,131,0.925,0.787
10926,TXN100831,2024-07-26 18:00:00,POS,418.73,118,1.09,0.705
11427,TXN100832,2024-07-27 00:00:00,Contactless,1278.27,32,0.746,1.019
11417,TXN100833,2024-07-27 06:00:00,Online,1038.77,38,0.352,1.39
10936,TXN100834,2024-07-27 12:00:00,Online,64.76,15,0.652,0.947
10300,TXN100835,2024-07-27 18:00:00,ATM,863.23,61,1.107,0.667
10351,TXN100836,2024-07-28 00:00:00,POS,288.13,98,0.971,1.129
10187,TXN100837,2024-07-28 06:00:00,POS,310.64,98,0.376,0.225
11371,TXN100838,2024-07-28 12:00:00,Contactless,426.23,131,1.162,0.537
10623,TXN100839,2024-07-28 18:00:00,POS,353.28,151,0.634,0.635
11433,TXN100840,2024-07-29 00:00:00,POS,282.79,26,0.375,0.622
10071,TXN100841,2024-07-29 06:00:00,Online,278.34,37,0.739,0.493
11351,TXN100842,2024-07-29 12:00:00,POS,89.46,18,0.216,0.895
11236,TXN100843,2024-07-29 18:00:00,POS,305.8,124,0.978,0.699
10309,TXN100844,2024-07-30 00:00:00,POS,768.34,133,1.151,0.662
11132,TXN100845,2024-07-30 06:00:00,ATM,633.82,13,0.4,1.095
10177,TXN100846,2024-07-30 12:00:00,POS,296.23,157,0.691,0.575
10427,TXN100847,2024-07-30 18:00:00,Contactless,92.62,45,1.055,0.988
10740,TXN100848,2024-07-31 00:00:00,ATM,570.56,143,0.284,0.623
10531,TXN100849,2024-07-31 06:00:00,ATM,180.41,74,0.323,0.629
10418,TXN100850,2024-07-31 12:00:00,POS,449.49,12,0.667,0.487
10248,TXN100851,2024-07-31 18:00:00,POS,168.81,46,0.652,0.293
10209,TXN100852,2024-08-01 00:00:00,Online,134.52,118,0.767,0.515
10216,TXN100853,2024-08-01 06:00:00,Online,289.11,12,0.713,0.203
10713,TXN100854,2024-08-01 12:00:00,Online,410.53,152,0.285,0.772
10438,TXN100855,2024-08-01 18:00:00,Contactless,394.41,65,0.185,0.612
10311,TXN100856,2024-08-02 00:00:00,Online,582.15,70,0.289,1.004
10383,TXN100857,2024-08-02 06:00:00,ATM,368.55,77,0.926,0.497
10981,TXN100858,2024-08-02 12:00:00,POS,860.26,88,1.083,0.628
11295,TXN100859,2024-08-02 18:00:00,POS,174.26,80,0.719,1.041
10121,TXN100860,2024-08-03 00:00:00,POS,415.05,120,0.999,0.949
10407,TXN100861,2024-08-03 06:00:00,Online,1329.63,32,0.537,0.738
10245,TXN100862,2024-08-03 12:00:00,Contactless,1299.88,23,0.622,0.41
10066,TXN100863,2024-08-03 18:00:00,Contactless,380.67,143,1.073,0.864
10942,TXN100864,2024-08-04 00:00:00,POS,761.38,42,0.913,0.619
10228,TXN100865,2024-08-04 06:00:00,Contactless,484.35,18,0.812,0.554
10882,TXN100866,2024-08-04 12:00:00,Online,286.13,149,0.698,1.073
10137,TXN100867,2024-08-04 18:00:00,Online,172.1,126,0.345,1.111
10194,TXN100868,2024-08-05 00:00:00,POS,1116.94,104,0.78,0.452
10706,TXN100869,2024-08-05 06:00:00,ATM,459.52,12,0.858,1.181
10658,TXN100870,2024-08-05 12:00:00,Online,365.79,55,1.523,0.675
10657,TXN100871,2024-08-05 18:00:00,POS,78.24,45,0.722,0.919
11378,TXN100872,2024-08-06 00:00:00,Online,1017.23,150,0.621,1.213
10930,TXN100873,2024-08-06 06:00:00,Contactless,523.66,22,0.849,0.654
10556,TXN100874,2024-08-06 12:00:00,ATM,839.47,94,1.257,0.773
11181,TXN100875,2024-08-06 18:00:00,POS,314.95,52,0.873,0.903
10958,TXN100876,2024-08-07 00:00:00,Contactless,478.9,137,0.687,1.142
11500,TXN100877,2024-08-07 06:00:00,Online,561.3,56,0.475,0.706
11040,TXN100878,2024-08-07 12:00:00,POS,878.32,28,0.459,0.927
11102,TXN100879,2024-08-07 18:00:00,Online,343.41,92,1.023,0.483
10052,TXN100880,2024-08-08 00:00:00,Online,372.16,106,0.649,0.285
10514,TXN100881,2024-08-08 06:00:00,Online,279.54,108,1.452,0.51
10744,TXN100882,2024-08-08 12:00:00,Online,1996.67,157,0.779,0.509
11085,TXN100883,2024-08-08 18:00:00,Contactless,691.75,38,0.921,0.973
11156,TXN100884,2024-08-09 00:00:00,POS,421.46,137,0.556,0.679
11406,TXN100885,2024-08-09 06:00:00,Online,287.41,81,0.462,0.529
10692,TXN100886,2024-08-09 12:00:00,POS,1070.17,74,1.017,0.452
10543,TXN100887,2024-08-09 18:00:00,POS,359.36,47,1.168,0.583
10410,TXN100888,2024-08-10 00:00:00,Contactless,495.96,133,0.402,0.957
10155,TXN100889,2024-08-10 06:00:00,POS,188.2,103,0.493,0.451
10633,TXN100890,2024-08-10 12:00:00,ATM,727.71,42,0.519,0.664
10051,TXN100891,2024-08-10 18:00:00,POS,633.98,22,0.987,0.593
11024,TXN100892,2024-08-11 00:00:00,Online,325.99,110,0.877,0.799
10994,TXN100893,2024-08-11 06:00:00,POS,453.0,136,0.715,1.215
11119,TXN100894,2024-08-11 12:00:00,POS,794.28,86,0.477,0.517
10524,TXN100895,2024-08-11 18:00:00,POS,173.78,130,1.313,0.789
10355,TXN100896,2024-08-12 00:00:00,POS,200.68,58,1.092,0.696
11069,TXN100897,2024-08-12 06:00:00,POS,346.83,119,0.052,0.569
10802,TXN100898,2024-08-12 12:00:00,Contactless,607.14,144,1.05,0.714
11229,TXN100899,2024-08-12 18:00:00,Contactless,948.63,45,0.649,1.21
10840,TXN100900,2024-08-13 00:00:00,POS,330.87,102,0.539,0.681
11455,TXN100901,2024-08-13 06:00:00,POS,314.69,33,1.018,0.681
10256,TXN100902,2024-08-13 12:00:00,POS,361.95,90,0.873,0.594
10248,TXN100903,2024-08-13 18:00:00,POS,637.44,107,0.781,0.816
10533,TXN100904,2024-08-14 00:00:00,Contactless,157.68,155,0.435,0.42
10041,TXN100905,2024-08-14 06:00:00,Online,300.62,114,1.105,0.734
11483,TXN100906,2024-08-14 12:00:00,POS,197.62,14,0.317,0.825
10790,TXN100907,2024-08-14 18:00:00,Online,314.71,138,1.021,0.463
11301,TXN100908,2024-08-15 00:00:00,ATM,467.73,80,0.781,1.147
10195,TXN100909,2024-08-15 06:00:00,Online,259.9,131,0.737,1.137
11095,TXN100910,2024-08-15 12:00:00,Contactless,689.7,12,0.557,1.329
11294,TXN100911,2024-08-15 18:00:00,POS,73.86,45,0.808,0.86
11359,TXN100912,2024-08-16 00:00:00,Contactless,79.64,130,0.269,0.816
10308,TXN100913,2024-08-16 06:00:00,Contactless,125.52,149,1.182,0.678
11451,TXN100914,2024-08-16 12:00:00,ATM,223.93,24,0.609,0.719
11223,TXN100915,2024-08-16 18:00:00,POS,495.48,141,0.509,0.96
10076,TXN100916,2024-08-17 00:00:00,Online,81.16,25,0.681,0.705
10787,TXN100917,2024-08-17 06:00:00,Contactless,207.71,143,0.619,0.658
10795,TXN100918,2024-08-17 12:00:00,ATM,279.37,72,1.185,0.856
10230,TXN100919,2024-08-17 18:00:00,Online,588.88,32,0.143,0.525
10085,TXN100920,2024-08-18 00:00:00,POS,366.35,86,0.724,1.142
11186,TXN100921,2024-08-18 06:00:00,Online,156.31,10,1.304,0.702
10397,TXN100922,2024-08-18 12:00:00,POS,234.66,85,0.774,0.914
11395,TXN100923,2024-08-18 18:00:00,Online,341.64,36,0.816,0.476
10215,TXN100924,2024-08-19 00:00:00,POS,542.67,34,0.74,0.688
11025,TXN100925,2024-08-19 06:00:00,POS,212.22,95,0.523,0.59
10377,TXN100926,2024-08-19 12:00:00,Online,705.08,71,0.939,0.602
10412,TXN100927,2024-08-19 18:00:00,Contactless,78.19,155,0.683,0.382
10800,TXN100928,2024-08-20 00:00:00,ATM,289.25,102,0.799,0.996
11224,TXN100929,2024-08-20 06:00:00,POS,589.61,39,0.942,0.836
11207,TXN100930,2024-08-20 12:00:00,Contactless,840.94,93,0.905,0.303
10410,TXN100931,2024-08-20 18:00:00,Contactless,500.01,159,0.784,0.641
11422,TXN100932,2024-08-21 00:00:00,POS,485.05,134,1.064,0.639
10216,TXN100933,2024-08-21 06:00:00,Online,466.73,43,1.104,0.812
10752,TXN100934,2024-08-21 12:00:00,POS,267.29,13,1.025,0.659
10349,TXN100935,2024-08-21 18:00:00,Contactless,331.86,40,1.119,1.004
10831,TXN100936,2024-08-22 00:00:00,POS,500.38,60,1.225,0.97
10654,TXN100937,2024-08-22 06:00:00,POS,755.89,59,0.328,1.318
11022,TXN100938,2024-08-22 12:00:00,Contactless,355.95,23,1.715,0.077
11065,TXN100939,2024-08-22 18:00:00,Online,468.72,17,0.805,1.083
10003,TXN100940,2024-08-23 00:00:00,Online,318.22,110,0.665,0.923
11118,TXN100941,2024-08-23 06:00:00,Contactless,391.72,78,0.809,0.651
11083,TXN100942,2024-08-23 12:00:00,Online,113.45,145,0.234,0.628
10740,TXN100943,2024-08-23 18:00:00,Online,474.48,148,0.832,0.675
10407,TXN100944,2024-08-24 00:00:00,Contactless,912.87,38,0.472,0.769
10018,TXN100945,2024-08-24 06:00:00,POS,814.71,150,0.775,0.549
10751,TXN100946,2024-08-24 12:00:00,POS,235.86,73,0.801,0.251
10586,TXN100947,2024-08-24 18:00:00,POS,212.5,58,0.543,0.555
10888,TXN100948,2024-08-25 00:00:00,Online,418.95,28,0.119,0.626
10332,TXN100949,2024-08-25 06:00:00,POS,26.7,136,0.846,0.86
11013,TXN100950,2024-08-25 12:00:00,POS,123.98,92,0.75,0.367
10169,TXN100951,2024-08-25 18:00:00,,729.1,105,0.817,0.88
10776,TXN100952,2024-08-26 00:00:00,ATM,251.6,124,0.602,0.363
10849,TXN100953,2024-08-26 06:00:00,Online,727.21,112,0.52,0.811
10941,TXN100954,2024-08-26 12:00:00,Online,240.19,126,0.675,0.855
10206,TXN100955,2024-08-26 18:00:00,Online,398.27,87,0.799,0.663
10521,TXN100956,2024-08-27 00:00:00,POS,1051.5,80,0.986,0.713
11018,TXN100957,2024-08-27 06:00:00,Contactless,582.66,29,0.466,0.895
11370,TXN100958,2024-08-27 12:00:00,POS,462.53,105,1.027,0.537
10304,TXN100959,2024-08-27 18:00:00,Online,541.01,119,0.979,0.786
10115,TXN100960,2024-08-28 00:00:00,Online,171.01,104,0.932,0.602
10664,TXN100961,2024-08-28 06:00:00,POS,972.46,95,1.391,1.134
10087,TXN100962,2024-08-28 12:00:00,,771.25,142,0.134,0.852
11119,TXN100963,2024-08-28 18:00:00,Online,403.19,104,1.433,0.408
10743,TXN100964,2024-08-29 00:00:00,ATM,481.37,88,0.521,1.209
10428,TXN100965,2024-08-29 06:00:00,ATM,522.4,154,0.835,0.98
10450,TXN100966,2024-08-29 12:00:00,Contactless,889.06,46,0.765,0.362
10786,TXN100967,2024-08-29 18:00:00,ATM,858.67,28,0.282,0.273
10715,TXN100968,2024-08-30 00:00:00,POS,89.74,147,0.935,0.356
10002,TXN100969,2024-08-30 06:00:00,ATM,271.26,53,1.052,0.425
11102,TXN100970,2024-08-30 12:00:00,POS,546.16,98,0.898,0.742
11348,TXN100971,2024-08-30 18:00:00,Online,737.03,46,0.233,0.723
10743,TXN100972,2024-08-31 00:00:00,POS,252.6,67,0.316,0.906
11122,TXN100973,2024-08-31 06:00:00,Online,617.8,137,0.506,0.613
10110,TXN100974,2024-08-31 12:00:00,Online,507.6,152,1.195,0.627
10679,TXN100975,2024-08-31 18:00:00,Online,581.9,157,0.784,0.732
11481,TXN100976,2024-09-01 00:00:00,Contactless,258.2,150,0.05,1.015
10371,TXN100977,2024-09-01 06:00:00,ATM,389.42,157,1.473,0.17
11361,TXN100978,2024-09-01 12:00:00,POS,602.76,52,1.275,0.628
10890,TXN100979,2024-09-01 18:00:00,Online,582.92,57,0.37,1.069
10599,TXN100980,2024-09-02 00:00:00,Online,547.5,65,0.607,0.719
11046,TXN100981,2024-09-02 06:00:00,POS,154.47,120,0.65,0.617
10722,TXN100982,2024-09-02 12:00:00,POS,348.52,41,0.933,0.472
10305,TXN100983,2024-09-02 18:00:00,ATM,231.57,63,0.82,0.953
10924,TXN100984,2024-09-03 00:00:00,Online,591.73,70,0.512,0.565
11296,TXN100985,2024-09-03 06:00:00,POS,1139.85,119,1.209,0.563
10836,TXN100986,2024-09-03 12:00:00,Contactless,481.95,120,1.36,1.082
10446,TXN100987,2024-09-03 18:00:00,Online,884.58,109,0.733,0.407
10932,TXN100988,2024-09-04 00:00:00,POS,111.68,156,0.549,1.157
10278,TXN100989,2024-09-04 06:00:00,Online,479.62,78,1.308,0.747
10377,TXN100990,2024-09-04 12:00:00,Online,425.5,159,-0.018,0.707
10232,TXN100991,2024-09-04 18:00:00,ATM,192.35,147,0.437,0.78
10592,TXN100992,2024-09-05 00:00:00,POS,279.22,152,1.093,0.706
10426,TXN100993,2024-09-05 06:00:00,POS,412.96,11,1.237,0.552
11079,TXN100994,2024-09-05 12:00:00,POS,427.74,159,0.638,0.796
10441,TXN100995,2024-09-05 18:00:00,ATM,1672.44,121,1.548,0.563
10034,TXN100996,2024-09-06 00:00:00,Online,318.28,108,-0.106,0.82
10329,TXN100997,2024-09-06 06:00:00,Online,1119.89,112,1.133,1.348
10845,TXN100998,2024-09-06 12:00:00,Contactless,178.59,21,0.78,0.885
10454,TXN100999,2024-09-06 18:00:00,ATM,1323.75,134,0.58,0.647
11412,TXN101000,2024-09-07 00:00:00,ATM,609.81,54,1.057,0.772
10764,TXN101001,2024-09-07 06:00:00,POS,264.79,157,0.613,0.61
11454,TXN101002,2024-09-07 12:00:00,Online,249.34,16,0.37,0.649
11500,TXN101003,2024-09-07 18:00:00,Contactless,437.59,76,0.79,0.669
11149,TXN101004,2024-09-08 00:00:00,POS,153.09,79,0.731,0.833
10523,TXN101005,2024-09-08 06:00:00,Online,432.56,106,0.477,0.954
10482,TXN101006,2024-09-08 12:00:00,POS,1204.63,62,0.549,1.291
10317,TXN101007,2024-09-08 18:00:00,Online,181.9,102,0.605,0.882
10122,TXN101008,2024-09-09 00:00:00,Online,750.49,67,0.181,0.393
10581,TXN101009,2024-09-09 06:00:00,Online,802.77,78,0.158,0.341
11337,TXN101010,2024-09-09 12:00:00,Online,117.1,56,1.077,0.681
10487,TXN101011,2024-09-09 18:00:00,,300.41,52,0.252,0.98
11036,TXN101012,2024-09-10 00:00:00,Online,916.15,71,0.744,0.642
10125,TXN101013,2024-09-10 06:00:00,Online,204.63,64,0.096,0.646
10659,TXN101014,2024-09-10 12:00:00,Online,738.46,116,1.277,0.952
11101,TXN101015,2024-09-10 18:00:00,Online,199.53,58,0.656,0.693
10580,TXN101016,2024-09-11 00:00:00,Online,192.08,115,1.141,0.99
10718,TXN101017,2024-09-11 06:00:00,POS,872.86,87,1.49,0.279
11260,TXN101018,2024-09-11 12:00:00,POS,276.52,128,0.299,0.833
10770,TXN101019,2024-09-11 18:00:00,Online,247.47,37,0.512,0.203
11278,TXN101020,2024-09-12 00:00:00,Online,182.14,66,1.055,0.775
10904,TXN101021,2024-09-12 06:00:00,Contactless,90.57,129,0.528,0.952
10406,TXN101022,2024-09-12 12:00:00,POS,328.54,129,0.852,0.244
11267,TXN101023,2024-09-12 18:00:00,ATM,1222.38,13,0.786,0.057
11485,TXN101024,2024-09-13 00:00:00,POS,189.64,29,-0.07,0.938
10277,TXN101025,2024-09-13 06:00:00,Online,800.37,126,1.08,0.826
11493,TXN101026,2024-09-13 12:00:00,POS,276.59,98,0.702,0.392
11244,TXN101027,2024-09-13 18:00:00,POS,690.97,62,0.332,0.768
11249,TXN101028,2024-09-14 00:00:00,POS,274.86,48,1.291,0.548
10925,TXN101029,2024-09-14 06:00:00,POS,1015.82,62,0.504,0.65
11125,TXN101030,2024-09-14 12:00:00,ATM,269.55,130,0.485,0.625
10854,TXN101031,2024-09-14 18:00:00,POS,304.39,95,0.12,0.327
10507,TXN101032,2024-09-15 00:00:00,Online,398.35,108,0.958,0.952
11355,TXN101033,2024-09-15 06:00:00,Online,1106.54,127,0.765,0.403
10237,TXN101034,2024-09-15 12:00:00,Online,452.8,101,0.142,0.726
10994,TXN101035,2024-09-15 18:00:00,Online,1013.98,147,0.836,0.883
11363,TXN101036,2024-09-16 00:00:00,POS,891.14,122,1.04,0.468
10752,TXN101037,2024-09-16 06:00:00,Online,1131.99,92,0.912,0.623
10506,TXN101038,2024-09-16 12:00:00,Contactless,1011.95,74,1.214,0.558
10165,TXN101039,2024-09-16 18:00:00,POS,365.16,10,0.538,1.183
10846,TXN101040,2024-09-17 00:00:00,POS,1286.04,139,1.369,0.956
10728,TXN101041,2024-09-17 06:00:00,Online,554.2,37,0.751,0.913
11242,TXN101042,2024-09-17 12:00:00,Online,551.7,93,1.03,1.319
10376,TXN101043,2024-09-17 18:00:00,ATM,296.21,37,1.197,0.799
11036,TXN101044,2024-09-18 00:00:00,POS,113.86,133,1.677,0.606
11456,TXN101045,2024-09-18 06:00:00,Online,114.04,40,0.372,0.297
10083,TXN101046,2024-09-18 12:00:00,ATM,208.03,144,0.491,0.504
10431,TXN101047,2024-09-18 18:00:00,Online,573.51,81,0.816,0.745
10478,TXN101048,2024-09-19 00:00:00,POS,638.68,57,0.62,0.961
10783,TXN101049,2024-09-19 06:00:00,Contactless,224.51,35,0.469,0.517
10369,TXN101050,2024-09-19 12:00:00,Online,68.85,98,0.216,1.143
10955,TXN101051,2024-09-19 18:00:00,ATM,465.38,144,0.794,0.269
10141,TXN101052,2024-09-20 00:00:00,Contactless,245.07,114,1.028,0.595
10720,TXN101053,2024-09-20 06:00:00,Online,381.6,66,0.873,0.813
11480,TXN101054,2024-09-20 12:00:00,Contactless,611.08,124,0.18,0.737
11427,TXN101055,2024-09-20 18:00:00,POS,1221.95,129,0.188,0.833
11016,TXN101056,2024-09-21 00:00:00,Contactless,341.25,10,0.771,0.736
10288,TXN101057,2024-09-21 06:00:00,Online,471.29,91,0.666,0.882
10355,TXN101058,2024-09-21 12:00:00,Contactless,61.58,38,0.639,0.632
10343,TXN101059,2024-09-21 18:00:00,POS,609.88,159,0.653,0.616
10149,TXN101060,2024-09-22 00:00:00,POS,1445.71,23,0.576,0.469
10210,TXN101061,2024-09-22 06:00:00,ATM,811.09,139,0.802,1.309
11136,TXN101062,2024-09-22 12:00:00,POS,898.36,80,1.135,0.678
10654,TXN101063,2024-09-22 18:00:00,Online,101.43,134,0.423,0.822
10976,TXN101064,2024-09-23 00:00:00,Online,610.26,88,0.908,0.641
10536,TXN101065,2024-09-23 06:00:00,Online,416.49,116,0.779,1.146
11073,TXN101066,2024-09-23 12:00:00,POS,28.62,107,0.126,0.697
10331,TXN101067,2024-09-23 18:00:00,ATM,608.27,159,0.521,0.792
10365,TXN101068,2024-09-24 00:00:00,POS,240.43,27,0.754,0.456
10011,TXN101069,2024-09-24 06:00:00,POS,170.11,55,1.508,1.193
11212,TXN101070,2024-09-24 12:00:00,ATM,398.86,91,0.496,0.761
10509,TXN101071,2024-09-24 18:00:00,Online,220.93,132,0.536,1.203
10580,TXN101072,2024-09-25 00:00:00,POS,370.45,107,0.895,0.532
11469,TXN101073,2024-09-25 06:00:00,Online,1095.1,55,0.71,0.576
11114,TXN101074,2024-09-25 12:00:00,Online,316.42,112,0.308,0.552
10622,TXN101075,2024-09-25 18:00:00,POS,685.41,46,0.143,0.621
10901,TXN101076,2024-09-26 00:00:00,Online,149.42,27,0.099,0.888
11472,TXN101077,2024-09-26 06:00:00,Online,666.23,113,1.048,0.126
10718,TXN101078,2024-09-26 12:00:00,POS,517.1,155,0.389,0.686
11056,TXN101079,2024-09-26 18:00:00,POS,706.2,152,1.579,0.481
10327,TXN101080,2024-09-27 00:00:00,POS,233.49,131,0.565,0.451
10074,TXN101081,2024-09-27 06:00:00,Contactless,564.56,103,1.02,0.831
10251,TXN101082,2024-09-27 12:00:00,POS,1842.84,109,0.343,0.784
10450,TXN101083,2024-09-27 18:00:00,POS,684.29,37,0.816,0.942
10906,TXN101084,2024-09-28 00:00:00,POS,420.71,24,1.245,0.808
10355,TXN101085,2024-09-28 06:00:00,POS,522.94,137,0.628,0.75
10533,TXN101086,2024-09-28 12:00:00,Online,245.67,52,0.37,0.544
10296,TXN101087,2024-09-28 18:00:00,POS,562.53,42,0.62,0.44
10298,TXN101088,2024-09-29 00:00:00,Online,635.21,139,0.674,0.868
11352,TXN101089,2024-09-29 06:00:00,Online,431.08,17,0.405,0.628
10302,TXN101090,2024-09-29 12:00:00,POS,154.97,121,1.329,0.812
10512,TXN101091,2024-09-29 18:00:00,POS,195.75,42,0.757,0.699
11362,TXN101092,2024-09-30 00:00:00,POS,137.82,155,1.198,0.128
10585,TXN101093,2024-09-30 06:00:00,POS,227.22,99,1.126,0.835
10374,TXN101094,2024-09-30 12:00:00,POS,154.59,158,1.345,0.525
11118,TXN101095,2024-09-30 18:00:00,ATM,206.25,125,0.309,0.942
10132,TXN101096,2024-10-01 00:00:00,Online,159.27,29,0.976,0.18
10910,TXN101097,2024-10-01 06:00:00,POS,298.89,132,0.574,1.232
10053,TXN101098,2024-10-01 12:00:00,Online,150.85,141,0.7,0.533
10229,TXN101099,2024-10-01 18:00:00,Online,420.0,45,0.372,0.832
10640,TXN101100,2024-10-02 00:00:00,POS,226.98,107,1.564,0.5
11236,TXN101101,2024-10-02 06:00:00,Online,440.71,86,0.493,0.539
10797,TXN101102,2024-10-02 12:00:00,POS,884.51,135,0.978,0.892
10791,TXN101103,2024-10-02 18:00:00,Contactless,1512.09,48,0.3,0.643
10495,TXN101104,2024-10-03 00:00:00,POS,561.77,80,0.661,0.663
10853,TXN101105,2024-10-03 06:00:00,ATM,108.25,115,1.121,0.938
10671,TXN101106,2024-10-03 12:00:00,POS,178.38,149,0.872,0.753
11257,TXN101107,2024-10-03 18:00:00,Contactless,549.51,64,0.42,0.826
11095,TXN101108,2024-10-04 00:00:00,Online,479.03,127,0.5,0.525
10189,TXN101109,2024-10-04 06:00:00,POS,120.62,103,0.807,0.887
10663,TXN101110,2024-10-04 12:00:00,POS,1221.89,107,0.744,0.731
10008,TXN101111,2024-10-04 18:00:00,Contactless,181.19,18,0.29,0.821
10332,TXN101112,2024-10-05 00:00:00,Online,879.52,149,0.617,0.802
11040,TXN101113,2024-10-05 06:00:00,Online,123.15,78,0.699,1.016
10666,TXN101114,2024-10-05 12:00:00,Contactless,925.44,92,0.949,0.841
10669,TXN101115,2024-10-05 18:00:00,Online,1009.84,37,1.105,0.375
11117,TXN101116,2024-10-06 00:00:00,Online,198.13,26,0.985,0.534
11286,TXN101117,2024-10-06 06:00:00,POS,151.01,31,0.869,0.763
10161,TXN101118,2024-10-06 12:00:00,POS,191.12,122,0.877,0.812
10351,TXN101119,2024-10-06 18:00:00,ATM,1710.41,156,0.917,0.329
11198,TXN101120,2024-10-07 00:00:00,POS,969.59,117,1.085,0.422
10317,TXN101121,2024-10-07 06:00:00,POS,143.88,69,1.342,1.006
10937,TXN101122,2024-10-07 12:00:00,Online,577.43,53,0.41,1.25
10018,TXN101123,2024-10-07 18:00:00,POS,1076.38,52,0.593,0.237
10486,TXN101124,2024-10-08 00:00:00,Online,530.04,159,1.104,0.772
10367,TXN101125,2024-10-08 06:00:00,Online,109.8,64,0.402,0.713
10351,TXN101126,2024-10-08 12:00:00,Contactless,400.23,20,0.297,0.983
10528,TXN101127,2024-10-08 18:00:00,Online,136.74,64,0.525,0.839
10872,TXN101128,2024-10-09 00:00:00,POS,552.62,138,0.776,0.932
11459,TXN101129,2024-10-09 06:00:00,Contactless,512.88,158,0.583,0.061
10933,TXN101130,2024-10-09 12:00:00,Online,309.62,17,0.879,0.698
10270,TXN101131,2024-10-09 18:00:00,Online,99.66,157,0.651,0.446
10871,TXN101132,2024-10-10 00:00:00,POS,346.95,90,0.629,0.453
11092,TXN101133,2024-10-10 06:00:00,Online,816.49,88,0.166,0.357
11054,TXN101134,2024-10-10 12:00:00,ATM,180.82,74,0.96,0.764
10316,TXN101135,2024-10-10 18:00:00,Online,493.87,69,0.964,0.793
10737,TXN101136,2024-10-11 00:00:00,Contactless,1329.95,104,0.685,0.877
10164,TXN101137,2024-10-11 06:00:00,Contactless,1660.41,65,0.802,0.587
10926,TXN101138,2024-10-11 12:00:00,Contactless,243.87,137,0.801,1.088
10320,TXN101139,2024-10-11 18:00:00,Online,772.14,131,1.118,0.439
11038,TXN101140,2024-10-12 00:00:00,Online,82.65,40,0.828,0.299
10279,TXN101141,2024-10-12 06:00:00,Online,1168.4,94,0.283,0.761
10432,TXN101142,2024-10-12 12:00:00,POS,918.97,96,1.418,0.508
10668,TXN101143,2024-10-12 18:00:00,Online,952.08,135,1.201,0.849
10634,TXN101144,2024-10-13 00:00:00,ATM,753.94,90,0.767,0.516
11287,TXN101145,2024-10-13 06:00:00,POS,205.8,31,0.804,0.538
10522,TXN101146,2024-10-13 12:00:00,POS,731.38,65,0.851,0.515
10964,TXN101147,2024-10-13 18:00:00,POS,324.05,95,0.48,0.495
11196,TXN101148,2024-10-14 00:00:00,POS,170.98,132,1.14,0.699
10358,TXN101149,2024-10-14 06:00:00,Online,947.45,120,1.104,0.767
11037,TXN101150,2024-10-14 12:00:00,Online,128.88,17,0.72,0.495
10725,TXN101151,2024-10-14 18:00:00,POS,529.42,71,0.985,0.372
10673,TXN101152,2024-10-15 00:00:00,POS,305.63,87,1.115,0.84
10232,TXN101153,2024-10-15 06:00:00,Online,272.0,31,0.829,0.809
11500,TXN101154,2024-10-15 12:00:00,ATM,219.12,24,0.389,0.9
10471,TXN101155,2024-10-15 18:00:00,ATM,535.56,159,0.99,0.408
11184,TXN101156,2024-10-16 00:00:00,Online,428.86,40,0.77,0.468
10639,TXN101157,2024-10-16 06:00:00,POS,583.76,96,0.367,0.931
10560,TXN101158,2024-10-16 12:00:00,Online,606.17,78,1.112,0.951
11285,TXN101159,2024-10-16 18:00:00,Online,238.89,118,0.833,0.585
10573,TXN101160,2024-10-17 00:00:00,ATM,142.51,90,0.67,0.433
10602,TXN101161,2024-10-17 06:00:00,Contactless,322.91,49,1.475,0.504
11383,TXN101162,2024-10-17 12:00:00,POS,297.9,78,0.559,0.43
10255,TXN101163,2024-10-17 18:00:00,Contactless,201.86,80,0.42,0.923
10602,TXN101164,2024-10-18 00:00:00,POS,294.3,73,0.805,0.9
10280,TXN101165,2024-10-18 06:00:00,POS,778.28,17,0.696,0.723
10117,TXN101166,2024-10-18 12:00:00,POS,841.91,80,0.554,0.51
10610,TXN101167,2024-10-18 18:00:00,Online,457.15,95,1.243,0.453
11186,TXN101168,2024-10-19 00:00:00,Online,321.81,53,0.357,0.528
10852,TXN101169,2024-10-19 06:00:00,POS,607.19,47,0.858,0.451
10298,TXN101170,2024-10-19 12:00:00,POS,214.15,126,0.781,0.763
10916,TXN101171,2024-10-19 18:00:00,POS,511.8,158,0.746,0.913
11321,TXN101172,2024-10-20 00:00:00,POS,651.31,13,1.154,0.922
11382,TXN101173,2024-10-20 06:00:00,Online,571.84,64,1.469,0.452
10518,TXN101174,2024-10-20 12:00:00,POS,726.53,102,0.75,0.533
10378,TXN101175,2024-10-20 18:00:00,POS,336.67,68,1.061,0.545
10426,TXN101176,2024-10-21 00:00:00,Online,147.56,103,0.764,0.985
10537,TXN101177,2024-10-21 06:00:00,Contactless,875.93,76,0.778,0.326
10553,TXN101178,2024-10-21 12:00:00,POS,420.33,14,0.908,0.699
10169,TXN101179,2024-10-21 18:00:00,Online,291.25,92,0.809,0.455
10515,TXN101180,2024-10-22 00:00:00,ATM,261.21,81,0.431,0.646
11388,TXN101181,2024-10-22 06:00:00,POS,152.05,136,1.216,0.894
10430,TXN101182,2024-10-22 12:00:00,POS,1055.34,46,0.907,0.61
10569,TXN101183,2024-10-22 18:00:00,Contactless,75.39,36,0.734,0.489
10083,TXN101184,2024-10-23 00:00:00,POS,76.86,22,0.531,0.909
10330,TXN101185,2024-10-23 06:00:00,Contactless,519.64,143,0.852,0.736
10691,TXN101186,2024-10-23 12:00:00,Contactless,246.5,74,0.665,0.835
11157,TXN101187,2024-10-23 18:00:00,Online,1108.22,50,0.814,0.774
10457,TXN101188,2024-10-24 00:00:00,Online,687.7,24,0.684,0.36
10353,TXN101189,2024-10-24 06:00:00,POS,497.6,142,0.459,1.065
10344,TXN101190,2024-10-24 12:00:00,ATM,758.09,24,1.314,0.644
11118,TXN101191,2024-10-24 18:00:00,ATM,469.54,10,0.42,0.936
11406,TXN101192,2024-10-25 00:00:00,ATM,814.84,24,0.477,0.602
10762,TXN101193,2024-10-25 06:00:00,POS,677.6,57,0.987,0.858
11319,TXN101194,2024-10-25 12:00:00,ATM,830.96,81,0.858,0.983
10198,TXN101195,2024-10-25 18:00:00,ATM,877.65,126,0.981,0.947
10079,TXN101196,2024-10-26 00:00:00,Online,325.47,36,0.926,0.73
10678,TXN101197,2024-10-26 06:00:00,Online,654.36,69,0.486,0.605
10551,TXN101198,2024-10-26 12:00:00,POS,330.04,75,0.984,0.306
10820,TXN101199,2024-10-26 18:00:00,POS,602.55,61,0.525,0.353
10214,TXN101200,2024-10-27 00:00:00,POS,157.13,90,1.119,1.013
10669,TXN101201,2024-10-27 06:00:00,Online,710.81,44,0.401,0.469
10989,TXN101202,2024-10-27 12:00:00,Online,1369.67,130,0.472,0.925
10894,TXN101203,2024-10-27 18:00:00,ATM,389.73,51,0.482,0.956
10159,TXN101204,2024-10-28 00:00:00,Contactless,418.35,54,0.859,0.827
10739,TXN101205,2024-10-28 06:00:00,Contactless,238.7,61,0.732,0.81
10557,TXN101206,2024-10-28 12:00:00,POS,1071.15,38,0.79,0.374
10201,TXN101207,2024-10-28 18:00:00,Contactless,515.04,66,0.709,0.322
10022,TXN101208,2024-10-29 00:00:00,Online,469.11,28,0.731,0.516
11363,TXN101209,2024-10-29 06:00:00,Contactless,831.52,17,0.581,1.163
11266,TXN101210,2024-10-29 12:00:00,POS,1095.32,144,0.221,1.085
11262,TXN101211,2024-10-29 18:00:00,ATM,794.48,148,0.262,0.71
11173,TXN101212,2024-10-30 00:00:00,Online,1014.81,75,0.469,1.062
10785,TXN101213,2024-10-30 06:00:00,Contactless,970.92,92,0.637,0.438
10007,TXN101214,2024-10-30 12:00:00,POS,1987.22,37,1.263,0.597
11257,TXN101215,2024-10-30 18:00:00,Online,452.09,98,0.393,1.144
10804,TXN101216,2024-10-31 00:00:00,Online,232.95,84,0.368,1.289
10768,TXN101217,2024-10-31 06:00:00,Online,569.68,49,0.113,0.916
10579,TXN101218,2024-10-31 12:00:00,POS,94.34,139,0.925,0.255
11101,TXN101219,2024-10-31 18:00:00,Online,338.46,85,0.675,1.078
10489,TXN101220,2024-11-01 00:00:00,POS,575.2,85,0.297,0.625
10926,TXN101221,2024-11-01 06:00:00,ATM,625.65,123,0.74,0.902
10087,TXN101222,2024-11-01 12:00:00,Contactless,411.52,104,0.546,0.728
10222,TXN101223,2024-11-01 18:00:00,Online,671.29,63,1.203,0.982
10413,TXN101224,2024-11-02 00:00:00,Online,624.54,154,0.515,0.713
10584,TXN101225,2024-11-02 06:00:00,POS,182.44,149,1.344,1.464
10202,TXN101226,2024-11-02 12:00:00,Online,638.71,11,0.81,0.97
10571,TXN101227,2024-11-02 18:00:00,ATM,373.7,89,0.612,0.348
11300,TXN101228,2024-11-03 00:00:00,POS,937.56,74,0.66,0.23
10221,TXN101229,2024-11-03 06:00:00,POS,338.05,61,0.853,0.234
10157,TXN101230,2024-11-03 12:00:00,Online,205.58,43,0.656,0.867
11205,TXN101231,2024-11-03 18:00:00,ATM,463.97,54,0.426,0.969
10129,TXN101232,2024-11-04 00:00:00,Contactless,332.33,138,0.971,-0.031
11267,TXN101233,2024-11-04 06:00:00,POS,420.79,109,1.097,1.042
11196,TXN101234,2024-11-04 12:00:00,Contactless,72.78,61,1.11,0.798
10877,TXN101235,2024-11-04 18:00:00,Online,670.81,76,0.694,1.153
10270,TXN101236,2024-11-05 00:00:00,Online,613.56,107,1.132,0.429
11445,TXN101237,2024-11-05 06:00:00,Contactless,1103.82,85,0.86,0.781
10163,TXN101238,2024-11-05 12:00:00,ATM,640.78,65,0.648,0.779
10955,TXN101239,2024-11-05 18:00:00,Online,408.42,118,0.554,0.483
10024,TXN101240,2024-11-06 00:00:00,POS,159.92,59,1.072,0.345
10497,TXN101241,2024-11-06 06:00:00,POS,944.13,110,0.161,0.961
10193,TXN101242,2024-11-06 12:00:00,ATM,387.96,128,1.236,0.764
10878,TXN101243,2024-11-06 18:00:00,ATM,185.54,149,0.794,0.81
10390,TXN101244,2024-11-07 00:00:00,Online,502.7,124,0.541,1.082
10497,TXN101245,2024-11-07 06:00:00,POS,297.01,82,0.5,0.689
10964,TXN101246,2024-11-07 12:00:00,POS,330.19,65,0.595,0.788
10806,TXN101247,2024-11-07 18:00:00,POS,984.78,59,0.997,0.799
10129,TXN101248,2024-11-08 00:00:00,POS,265.05,12,0.859,0.806
11021,TXN101249,2024-11-08 06:00:00,POS,836.78,73,0.589,0.306
10553,TXN101250,2024-11-08 12:00:00,Online,669.28,63,0.561,0.694
11060,TXN101251,2024-11-08 18:00:00,POS,527.12,45,0.86,1.024
11481,TXN101252,2024-11-09 00:00:00,Online,370.03,53,1.71,0.664
10361,TXN101253,2024-11-09 06:00:00,Online,254.21,128,1.707,0.568
10765,TXN101254,2024-11-09 12:00:00,POS,777.44,102,1.118,0.971
11239,TXN101255,2024-11-09 18:00:00,Online,661.53,150,0.479,0.704
10287,TXN101256,2024-11-10 00:00:00,POS,256.69,141,1.014,0.524
10768,TXN101257,2024-11-10 06:00:00,Online,335.11,79,0.49,0.459
10925,TXN101258,2024-11-10 12:00:00,POS,1293.77,111,0.67,0.685
10369,TXN101259,2024-11-10 18:00:00,Contactless,583.96,20,1.228,0.515
11493,TXN101260,2024-11-11 00:00:00,Online,251.67,119,0.665,0.952
10899,TXN101261,2024-11-11 06:00:00,POS,715.97,70,0.651,0.487
11210,TXN101262,2024-11-11 12:00:00,POS,547.59,141,0.573,0.778
11498,TXN101263,2024-11-11 18:00:00,Online,186.33,25,0.464,0.818
11085,TXN101264,2024-11-12 00:00:00,POS,545.51,16,0.658,0.877
10262,TXN101265,2024-11-12 06:00:00,Online,356.27,20,1.009,1.14
10788,TXN101266,2024-11-12 12:00:00,Online,117.61,73,0.987,0.321
10111,TXN101267,2024-11-12 18:00:00,Contactless,356.7,137,0.853,0.87
10942,TXN101268,2024-11-13 00:00:00,Online,306.29,15,1.162,0.874
10141,TXN101269,2024-11-13 06:00:00,POS,422.9,129,0.146,0.396
10745,TXN101270,2024-11-13 12:00:00,Online,402.51,57,0.768,0.773
10535,TXN101271,2024-11-13 18:00:00,Online,572.03,78,0.502,0.583
10079,TXN101272,2024-11-14 00:00:00,Online,492.52,130,1.445,1.093
11055,TXN101273,2024-11-14 06:00:00,Online,905.97,15,0.66,0.541
10509,TXN101274,2024-11-14 12:00:00,POS,399.67,94,1.01,0.64
10971,TXN101275,2024-11-14 18:00:00,ATM,933.32,119,1.099,0.593
10066,TXN101276,2024-11-15 00:00:00,POS,1023.77,37,0.619,0.465
11395,TXN101277,2024-11-15 06:00:00,POS,645.1,118,1.075,0.266
10287,TXN101278,2024-11-15 12:00:00,ATM,122.31,142,1.115,0.467
11200,TXN101279,2024-11-15 18:00:00,Contactless,412.01,90,1.026,0.74
10123,TXN101280,2024-11-16 00:00:00,POS,144.92,110,0.567,0.779
11255,TXN101281,2024-11-16 06:00:00,Contactless,469.01,67,0.249,0.927
10555,TXN101282,2024-11-16 12:00:00,POS,983.62,33,1.498,0.994
11004,TXN101283,2024-11-16 18:00:00,ATM,333.58,77,0.648,0.812
10004,TXN101284,2024-11-17 00:00:00,POS,984.55,116,1.102,0.923
10412,TXN101285,2024-11-17 06:00:00,Contactless,527.22,19,0.587,0.847
10250,TXN101286,2024-11-17 12:00:00,POS,623.37,158,1.484,0.392
11369,TXN101287,2024-11-17 18:00:00,POS,386.08,30,0.576,0.807
11357,TXN101288,2024-11-18 00:00:00,POS,296.57,133,0.785,0.703
10453,TXN101289,2024-11-18 06:00:00,Contactless,112.38,122,1.563,0.542
10158,TXN101290,2024-11-18 12:00:00,Contactless,261.57,106,0.191,0.703
10837,TXN101291,2024-11-18 18:00:00,Online,649.77,147,1.172,0.8
11014,TXN101292,2024-11-19 00:00:00,POS,256.67,91,0.741,0.643
11294,TXN101293,2024-11-19 06:00:00,Online,348.66,106,0.998,0.978
11442,TXN101294,2024-11-19 12:00:00,Online,1196.84,102,0.628,0.796
11464,TXN101295,2024-11-19 18:00:00,Contactless,896.38,104,1.323,0.945
11053,TXN101296,2024-11-20 00:00:00,POS,714.26,33,0.466,1.052
10978,TXN101297,2024-11-20 06:00:00,POS,705.95,133,0.763,0.589
10335,TXN101298,2024-11-20 12:00:00,POS,359.36,149,1.077,0.575
11262,TXN101299,2024-11-20 18:00:00,POS,891.17,157,0.463,1.024
10153,TXN101300,2024-11-21 00:00:00,Online,208.46,145,0.795,0.485
10749,TXN101301,2024-11-21 06:00:00,Online,195.69,87,0.391,0.672
10834,TXN101302,2024-11-21 12:00:00,POS,327.49,142,0.609,0.564
11139,TXN101303,2024-11-21 18:00:00,Online,325.3,63,1.669,0.423
10808,TXN101304,2024-11-22 00:00:00,Online,599.38,45,1.22,0.839
10758,TXN101305,2024-11-22 06:00:00,Online,526.57,121,0.983,0.625
11423,TXN101306,2024-11-22 12:00:00,Contactless,224.14,140,0.879,0.44
11056,TXN101307,2024-11-22 18:00:00,Online,723.95,31,0.202,0.959
10532,TXN101308,2024-11-23 00:00:00,ATM,98.87,17,0.685,0.329
10053,TXN101309,2024-11-23 06:00:00,POS,1107.95,135,1.073,0.659
10718,TXN101310,2024-11-23 12:00:00,Online,468.64,87,0.595,0.949
11219,TXN101311,2024-11-23 18:00:00,POS,614.84,16,0.876,0.956
11329,TXN101312,2024-11-24 00:00:00,POS,497.83,77,0.399,0.82
10345,TXN101313,2024-11-24 06:00:00,ATM,242.02,71,0.369,0.454
11106,TXN101314,2024-11-24 12:00:00,Contactless,243.54,156,1.548,0.745
10001,TXN101315,2024-11-24 18:00:00,Online,174.28,116,1.495,0.8
10167,TXN101316,2024-11-25 00:00:00,ATM,460.7,33,0.72,0.576
10317,TXN101317,2024-11-25 06:00:00,Online,675.47,143,0.478,0.805
11207,TXN101318,2024-11-25 12:00:00,Online,519.26,145,0.42,0.286
10965,TXN101319,2024-11-25 18:00:00,Online,1121.12,98,0.891,0.209
10898,TXN101320,2024-11-26 00:00:00,POS,248.66,116,1.427,0.52
10273,TXN101321,2024-11-26 06:00:00,Online,309.82,50,0.505,0.894
10373,TXN101322,2024-11-26 12:00:00,POS,704.3,119,0.82,0.941
11386,TXN101323,2024-11-26 18:00:00,ATM,1035.55,140,0.802,0.342
10900,TXN101324,2024-11-27 00:00:00,ATM,102.6,18,1.333,1.111
10201,TXN101325,2024-11-27 06:00:00,Contactless,102.1,91,0.848,0.725
11216,TXN101326,2024-11-27 12:00:00,Online,655.89,103,0.261,0.266
11365,TXN101327,2024-11-27 18:00:00,POS,545.29,142,1.013,0.785
11323,TXN101328,2024-11-28 00:00:00,Contactless,312.57,125,0.81,1.056
10140,TXN101329,2024-11-28 06:00:00,Online,289.27,36,0.446,0.564
10306,TXN101330,2024-11-28 12:00:00,ATM,176.87,153,1.121,0.974
11220,TXN101331,2024-11-28 18:00:00,Online,551.23,152,0.641,1.104
11085,TXN101332,2024-11-29 00:00:00,POS,120.6,34,0.867,0.711
10360,TXN101333,2024-11-29 06:00:00,ATM,682.24,13,0.801,0.491
10307,TXN101334,2024-11-29 12:00:00,Contactless,891.06,41,0.645,1.028
10333,TXN101335,2024-11-29 18:00:00,POS,63.64,44,0.466,1.027
11107,TXN101336,2024-11-30 00:00:00,ATM,296.18,39,0.946,0.348
10334,TXN101337,2024-11-30 06:00:00,Online,217.17,112,0.323,0.672
10517,TXN101338,2024-11-30 12:00:00,POS,137.16,121,1.075,0.902
10731,TXN101339,2024-11-30 18:00:00,POS,313.42,58,0.451,0.917
10924,TXN101340,2024-12-01 00:00:00,POS,694.14,103,0.342,0.619
10766,TXN101341,2024-12-01 06:00:00,POS,996.14,92,1.241,0.432
11498,TXN101342,2024-12-01 12:00:00,Contactless,184.85,139,0.783,1.14
11418,TXN101343,2024-12-01 18:00:00,Online,20.0,38,0.084,0.725
10785,TXN101344,2024-12-02 00:00:00,Online,525.63,127,0.746,0.65
11404,TXN101345,2024-12-02 06:00:00,Contactless,798.73,31,0.964,0.535
10021,TXN101346,2024-12-02 12:00:00,POS,768.66,111,0.974,0.644
10879,TXN101347,2024-12-02 18:00:00,POS,592.31,28,0.479,0.259
10177,TXN101348,2024-12-03 00:00:00,Online,88.81,76,0.529,0.98
11387,TXN101349,2024-12-03 06:00:00,Online,293.99,95,0.807,0.624
10022,TXN101350,2024-12-03 12:00:00,Online,376.49,27,1.113,0.112
10837,TXN101351,2024-12-03 18:00:00,Online,175.25,118,0.29,0.424
10960,TXN101352,2024-12-04 00:00:00,POS,513.92,122,0.31,0.968
10548,TXN101353,2024-12-04 06:00:00,ATM,847.9,142,1.23,0.66
10250,TXN101354,2024-12-04 12:00:00,Contactless,801.79,148,1.176,0.479
10661,TXN101355,2024-12-04 18:00:00,Online,1123.98,67,0.42,0.737
10952,TXN101356,2024-12-05 00:00:00,Online,733.69,27,0.614,0.616
11097,TXN101357,2024-12-05 06:00:00,POS,842.71,81,1.488,0.731
11115,TXN101358,2024-12-05 12:00:00,Online,504.88,102,1.058,0.789
11200,TXN101359,2024-12-05 18:00:00,ATM,1068.36,159,0.733,0.471
10126,TXN101360,2024-12-06 00:00:00,POS,447.73,65,1.15,0.539
11228,TXN101361,2024-12-06 06:00:00,Contactless,822.75,32,0.581,0.494
11270,TXN101362,2024-12-06 12:00:00,Online,766.56,25,0.805,0.503
10611,TXN101363,2024-12-06 18:00:00,Online,1266.57,53,0.642,0.524
11295,TXN101364,2024-12-07 00:00:00,Online,223.99,81,0.998,0.619
11010,TXN101365,2024-12-07 06:00:00,Online,114.53,23,0.996,0.53
10044,TXN101366,2024-12-07 12:00:00,POS,433.63,146,0.828,0.745
10548,TXN101367,2024-12-07 18:00:00,Contactless,256.05,84,0.926,0.612
11192,TXN101368,2024-12-08 00:00:00,Online,325.75,117,1.148,0.502
10435,TXN101369,2024-12-08 06:00:00,Online,452.17,153,0.913,0.161
11054,TXN101370,2024-12-08 12:00:00,Online,1027.15,150,0.829,0.447
10794,TXN101371,2024-12-08 18:00:00,POS,991.59,45,0.899,0.598
10357,TXN101372,2024-12-09 00:00:00,POS,125.94,53,1.174,0.968
11272,TXN101373,2024-12-09 06:00:00,ATM,716.37,109,0.427,0.68
10253,TXN101374,2024-12-09 12:00:00,ATM,101.01,90,0.896,0.276
10785,TXN101375,2024-12-09 18:00:00,POS,885.86,23,0.09,0.727
10721,TXN101376,2024-12-10 00:00:00,POS,990.47,102,0.651,0.573
11406,TXN101377,2024-12-10 06:00:00,ATM,236.62,26,1.41,0.86
10737,TXN101378,2024-12-10 12:00:00,POS,454.04,106,0.473,0.291
10900,TXN101379,2024-12-10 18:00:00,Online,285.98,135,0.179,1.039
11443,TXN101380,2024-12-11 00:00:00,Online,921.65,63,0.419,0.825
10123,TXN101381,2024-12-11 06:00:00,Online,926.63,135,0.999,0.642
11318,TXN101382,2024-12-11 12:00:00,POS,781.92,139,0.704,0.268
10685,TXN101383,2024-12-11 18:00:00,POS,1120.3,154,0.398,0.291
10143,TXN101384,2024-12-12 00:00:00,Online,183.13,32,1.173,0.892
11003,TXN101385,2024-12-12 06:00:00,ATM,147.83,138,0.9,0.925
10938,TXN101386,2024-12-12 12:00:00,POS,472.67,21,0.345,0.992
10511,TXN101387,2024-12-12 18:00:00,Online,139.49,150,0.672,1.167
10057,TXN101388,2024-12-13 00:00:00,ATM,343.33,21,1.496,0.91
10042,TXN101389,2024-12-13 06:00:00,POS,34.93,66,0.642,0.814
10821,TXN101390,2024-12-13 12:00:00,Online,407.4,95,0.157,1.369
11145,TXN101391,2024-12-13 18:00:00,Contactless,442.97,27,0.915,0.547
10343,TXN101392,2024-12-14 00:00:00,Online,391.65,112,0.884,0.672
10332,TXN101393,2024-12-14 06:00:00,ATM,560.19,92,1.216,0.268
11480,TXN101394,2024-12-14 12:00:00,Contactless,322.37,103,0.613,0.875
11461,TXN101395,2024-12-14 18:00:00,ATM,338.67,152,0.905,0.643
10341,TXN101396,2024-12-15 00:00:00,POS,460.63,87,0.836,0.526
10341,TXN101397,2024-12-15 06:00:00,Contactless,508.84,82,0.748,0.532
11440,TXN101398,2024-12-15 12:00:00,Online,764.68,142,0.863,0.477
10849,TXN101399,2024-12-15 18:00:00,Online,112.99,97,0.961,0.653
10182,TXN101400,2024-12-16 00:00:00,POS,1256.31,17,0.943,0.296
10984,TXN101401,2024-12-16 06:00:00,Contactless,275.4,156,1.071,0.322
11288,TXN101402,2024-12-16 12:00:00,POS,187.77,21,-0.048,0.39
11234,TXN101403,2024-12-16 18:00:00,Contactless,209.49,81,0.227,0.526
10523,TXN101404,2024-12-17 00:00:00,Online,239.6,145,0.825,0.57
10182,TXN101405,2024-12-17 06:00:00,ATM,153.92,64,0.791,0.126
11468,TXN101406,2024-12-17 12:00:00,Contactless,469.54,131,0.394,0.556
10251,TXN101407,2024-12-17 18:00:00,POS,1146.06,102,0.633,0.464
10138,TXN101408,2024-12-18 00:00:00,Contactless,65.69,91,0.461,0.919
11242,TXN101409,2024-12-18 06:00:00,Online,423.4,56,0.956,0.448
10751,TXN101410,2024-12-18 12:00:00,Contactless,996.62,117,0.438,0.981
10454,TXN101411,2024-12-18 18:00:00,Contactless,441.7,44,0.825,1.188
10883,TXN101412,2024-12-19 00:00:00,Online,518.4,115,1.109,1.027
10087,TXN101413,2024-12-19 06:00:00,POS,639.06,143,0.445,0.425
10293,TXN101414,2024-12-19 12:00:00,POS,594.58,146,0.281,0.845
10092,TXN101415,2024-12-19 18:00:00,Online,241.93,49,0.484,0.43
10208,TXN101416,2024-12-20 00:00:00,Online,511.7,105,0.445,0.469
11228,TXN101417,2024-12-20 06:00:00,Online,744.88,91,0.764,0.488
10186,TXN101418,2024-12-20 12:00:00,POS,570.76,46,0.155,0.738
11109,TXN101419,2024-12-20 18:00:00,POS,744.95,149,1.312,0.455
10156,TXN101420,2024-12-21 00:00:00,Contactless,632.8,25,0.31,0.711
10293,TXN101421,2024-12-21 06:00:00,Online,175.65,33,0.278,1.053
10533,TXN101422,2024-12-21 12:00:00,POS,1137.77,154,0.771,0.391
10161,TXN101423,2024-12-21 18:00:00,Online,1565.2,124,0.707,0.25
11410,TXN101424,2024-12-22 00:00:00,POS,418.24,104,1.23,0.521
10851,TXN101425,2024-12-22 06:00:00,Contactless,885.65,13,0.654,1.1
10156,TXN101426,2024-12-22 12:00:00,POS,671.13,59,0.65,0.893
10143,TXN101427,2024-12-22 18:00:00,Online,673.82,117,0.977,0.461
11308,TXN101428,2024-12-23 00:00:00,POS,35.4,111,1.082,0.407
10562,TXN101429,2024-12-23 06:00:00,Online,229.34,140,0.069,0.791
10035,TXN101430,2024-12-23 12:00:00,POS,294.96,17,0.773,0.727
10224,TXN101431,2024-12-23 18:00:00,Online,342.09,21,1.504,0.874
10668,TXN101432,2024-12-24 00:00:00,Online,298.74,75,0.532,0.377
10393,TXN101433,2024-12-24 06:00:00,POS,571.08,102,0.803,0.677
10408,TXN101434,2024-12-24 12:00:00,Contactless,745.87,123,1.107,0.951
11412,TXN101435,2024-12-24 18:00:00,POS,513.54,27,0.92,1.016
10297,TXN101436,2024-12-25 00:00:00,Online,960.82,113,0.382,0.353
10323,TXN101437,2024-12-25 06:00:00,Online,931.78,95,0.726,0.676
10039,TXN101438,2024-12-25 12:00:00,Contactless,144.23,102,0.316,0.62
10505,TXN101439,2024-12-25 18:00:00,Contactless,678.59,54,0.376,0.466
10753,TXN101440,2024-12-26 00:00:00,Online,431.5,152,1.138,0.494
11340,TXN101441,2024-12-26 06:00:00,Contactless,343.81,152,1.05,0.859
11141,TXN101442,2024-12-26 12:00:00,Contactless,69.21,54,1.375,0.486
11366,TXN101443,2024-12-26 18:00:00,Online,226.34,109,1.073,0.665
10240,TXN101444,2024-12-27 00:00:00,ATM,206.7,71,0.7,0.836
10687,TXN101445,2024-12-27 06:00:00,POS,329.31,93,0.395,1.191
11469,TXN101446,2024-12-27 12:00:00,Online,280.87,29,1.239,0.784
10740,TXN101447,2024-12-27 18:00:00,Online,1189.9,48,0.969,0.902
10997,TXN101448,2024-12-28 00:00:00,POS,306.21,138,1.03,0.774
10487,TXN101449,2024-12-28 06:00:00,Contactless,1491.55,117,0.951,0.642
10765,TXN101450,2024-12-28 12:00:00,ATM,809.08,76,1.165,0.637
11435,TXN101451,2024-12-28 18:00:00,Online,148.65,56,0.217,0.667
10623,TXN101452,2024-12-29 00:00:00,POS,676.54,127,0.325,0.101
10736,TXN101453,2024-12-29 06:00:00,POS,164.19,63,0.445,0.608
10298,TXN101454,2024-12-29 12:00:00,POS,516.98,157,0.877,0.823
11076,TXN101455,2024-12-29 18:00:00,ATM,424.12,146,0.59,0.494
10733,TXN101456,2024-12-30 00:00:00,POS,117.67,104,1.145,1.107
11001,TXN101457,2024-12-30 06:00:00,Online,309.0,37,0.744,0.735
10304,TXN101458,2024-12-30 12:00:00,Online,1193.54,73,1.562,0.663
11312,TXN101459,2024-12-30 18:00:00,POS,977.75,44,1.35,0.934
10664,TXN101460,2024-12-31 00:00:00,POS,256.55,49,0.799,0.858
10899,TXN101461,2024-12-31 06:00:00,POS,253.81,134,0.275,1.017
11142,TXN101462,2024-12-31 12:00:00,POS,793.38,111,0.991,1.072
11448,TXN101463,2024-12-31 18:00:00,ATM,102.84,11,0.36,1.11
10791,TXN101464,2025-01-01 00:00:00,POS,399.09,140,0.409,0.828
10647,TXN101465,2025-01-01 06:00:00,Contactless,356.22,23,0.612,0.41
10209,TXN101466,2025-01-01 12:00:00,Online,143.66,108,0.605,0.633
11151,TXN101467,2025-01-01 18:00:00,Contactless,1211.67,77,0.943,1.159
11317,TXN101468,2025-01-02 00:00:00,Online,566.87,56,0.865,0.773
10519,TXN101469,2025-01-02 06:00:00,POS,568.35,103,0.397,0.578
11246,TXN101470,2025-01-02 12:00:00,POS,853.85,60,0.647,0.547
10077,TXN101471,2025-01-02 18:00:00,POS,520.45,57,0.274,0.398
10338,TXN101472,2025-01-03 00:00:00,Contactless,373.29,86,0.891,0.957
10863,TXN101473,2025-01-03 06:00:00,Online,221.05,134,0.099,0.574
10913,TXN101474,2025-01-03 12:00:00,POS,955.7,122,0.668,0.425
11299,TXN101475,2025-01-03 18:00:00,ATM,568.87,19,0.524,0.456
10807,TXN101476,2025-01-04 00:00:00,Online,639.97,144,0.941,-0.031
11141,TXN101477,2025-01-04 06:00:00,Contactless,225.06,125,0.467,0.898
11316,TXN101478,2025-01-04 12:00:00,POS,989.03,26,0.453,0.634
11295,TXN101479,2025-01-04 18:00:00,Contactless,493.42,31,0.889,0.356
11471,TXN101480,2025-01-05 00:00:00,POS,570.23,68,0.907,1.088
11181,TXN101481,2025-01-05 06:00:00,POS,334.64,53,0.384,0.713
10572,TXN101482,2025-01-05 12:00:00,Online,426.97,20,0.956,0.072
11208,TXN101483,2025-01-05 18:00:00,ATM,224.34,51,1.61,0.902
10424,TXN101484,2025-01-06 00:00:00,Online,529.09,32,0.585,0.417
10673,TXN101485,2025-01-06 06:00:00,POS,854.04,127,0.32,0.867
11040,TXN101486,2025-01-06 12:00:00,Online,494.26,71,0.769,0.841
10926,TXN101487,2025-01-06 18:00:00,Online,522.53,120,0.266,0.738
10098,TXN101488,2025-01-07 00:00:00,Online,574.28,63,0.659,0.35
10300,TXN101489,2025-01-07 06:00:00,Contactless,577.93,91,0.573,0.355
10747,TXN101490,2025-01-07 12:00:00,POS,817.33,128,0.992,0.686
11446,TXN101491,2025-01-07 18:00:00,POS,267.61,118,0.135,0.436
11331,TXN101492,2025-01-08 00:00:00,Contactless,133.5,121,0.197,1.041
10274,TXN101493,2025-01-08 06:00:00,ATM,473.11,22,0.884,0.672
10261,TXN101494,2025-01-08 12:00:00,Online,665.77,77,0.94,0.419
11263,TXN101495,2025-01-08 18:00:00,POS,952.51,116,-0.001,0.98
10936,TXN101496,2025-01-09 00:00:00,Contactless,872.95,36,1.282,0.165
10332,TXN101497,2025-01-09 06:00:00,Online,168.03,124,1.056,0.663
10115,TXN101498,2025-01-09 12:00:00,POS,663.58,83,0.515,0.856
10268,TXN101499,2025-01-09 18:00:00,POS,204.98,101,0.783,0.412
10012,TXN101500,2025-01-10 00:00:00,POS,527.49,94,0.06,0.579
10073,TXN101501,2025-01-10 06:00:00,Contactless,162.16,125,0.996,0.511
11016,TXN101502,2025-01-10 12:00:00,POS,946.85,84,0.454,0.385
10874,TXN101503,2025-01-10 18:00:00,Online,937.37,93,0.625,0.721
10406,TXN101504,2025-01-11 00:00:00,Contactless,652.04,92,0.712,0.938
10178,TXN101505,2025-01-11 06:00:00,ATM,275.22,147,1.173,1.261
10772,TXN101506,2025-01-11 12:00:00,Online,834.42,24,0.914,0.913
10946,TXN101507,2025-01-11 18:00:00,Online,521.74,54,0.624,0.625
11283,TXN101508,2025-01-12 00:00:00,Contactless,462.81,91,0.544,1.012
10400,TXN101509,2025-01-12 06:00:00,Online,213.53,16,0.829,0.384
10270,TXN101510,2025-01-12 12:00:00,POS,841.84,87,0.72,0.55
10486,TXN101511,2025-01-12 18:00:00,Online,1162.97,39,0.665,0.967
10059,TXN101512,2025-01-13 00:00:00,Contactless,824.26,127,0.752,0.516
10642,TXN101513,2025-01-13 06:00:00,ATM,623.08,58,0.655,0.716
10887,TXN101514,2025-01-13 12:00:00,POS,324.68,110,0.202,0.504
10266,TXN101515,2025-01-13 18:00:00,ATM,437.79,90,0.73,0.64
10075,TXN101516,2025-01-14 00:00:00,Contactless,229.02,39,0.742,0.681
11114,TXN101517,2025-01-14 06:00:00,Contactless,816.98,12,0.797,0.832
10505,TXN101518,2025-01-14 12:00:00,ATM,656.92,46,0.399,0.746
10357,TXN101519,2025-01-14 18:00:00,ATM,177.97,39,0.47,0.9
10154,TXN101520,2025-01-15 00:00:00,POS,565.56,63,1.324,0.81
11242,TXN101521,2025-01-15 06:00:00,POS,449.84,122,0.491,0.644
10486,TXN101522,2025-01-15 12:00:00,ATM,453.27,95,0.928,0.529
11154,TXN101523,2025-01-15 18:00:00,ATM,74.65,109,0.471,0.444
10066,TXN101524,2025-01-16 00:00:00,Contactless,531.55,94,0.088,-0.064
11168,TXN101525,2025-01-16 06:00:00,Online,437.8,144,0.714,0.668
10380,TXN101526,2025-01-16 12:00:00,POS,391.75,17,0.964,0.38
11337,TXN101527,2025-01-16 18:00:00,POS,133.43,95,0.633,0.455
10407,TXN101528,2025-01-17 00:00:00,ATM,838.95,72,0.051,0.616
11431,TXN101529,2025-01-17 06:00:00,Online,474.43,102,-0.032,0.554
10277,TXN101530,2025-01-17 12:00:00,ATM,172.73,147,1.154,0.853
10615,TXN101531,2025-01-17 18:00:00,Online,567.74,58,0.745,0.653
11433,TXN101532,2025-01-18 00:00:00,POS,221.48,130,0.963,1.156
10314,TXN101533,2025-01-18 06:00:00,POS,191.34,48,0.831,1.314
10549,TXN101534,2025-01-18 12:00:00,POS,292.53,43,0.347,0.614
11273,TXN101535,2025-01-18 18:00:00,ATM,423.46,111,0.66,0.463
10461,TXN101536,2025-01-19 00:00:00,Contactless,290.42,19,0.156,0.206
10399,TXN101537,2025-01-19 06:00:00,Online,1100.79,18,1.081,1.212
10451,TXN101538,2025-01-19 12:00:00,ATM,1112.91,105,0.862,0.497
10471,TXN101539,2025-01-19 18:00:00,Online,1590.73,142,1.009,0.549
11458,TXN101540,2025-01-20 00:00:00,ATM,165.39,148,1.202,0.504
10956,TXN101541,2025-01-20 06:00:00,POS,223.3,51,0.625,0.609
11470,TXN101542,2025-01-20 12:00:00,POS,233.4,89,0.491,0.566
10707,TXN101543,2025-01-20 18:00:00,ATM,604.27,100,0.713,0.932
10103,TXN101544,2025-01-21 00:00:00,POS,129.86,157,1.194,-0.069
10328,TXN101545,2025-01-21 06:00:00,Online,725.82,10,0.202,0.647
10601,TXN101546,2025-01-21 12:00:00,Contactless,450.5,20,0.757,0.901
10246,TXN101547,2025-01-21 18:00:00,POS,805.35,70,1.032,0.507
11082,TXN101548,2025-01-22 00:00:00,POS,500.18,88,0.858,0.865
10105,TXN101549,2025-01-22 06:00:00,POS,344.35,113,1.126,0.725
10692,TXN101550,2025-01-22 12:00:00,Contactless,881.59,57,0.213,0.499
10972,TXN101551,2025-01-22 18:00:00,Online,1063.5,91,1.131,0.193
11093,TXN101552,2025-01-23 00:00:00,Online,294.53,37,0.532,0.814
10993,TXN101553,2025-01-23 06:00:00,POS,673.56,98,0.017,0.789
11326,TXN101554,2025-01-23 12:00:00,POS,481.65,84,0.636,0.493
10153,TXN101555,2025-01-23 18:00:00,Online,766.78,89,0.456,0.913
11059,TXN101556,2025-01-24 00:00:00,POS,486.33,45,0.693,0.564
10957,TXN101557,2025-01-24 06:00:00,Online,618.06,96,0.218,0.99
11039,TXN101558,2025-01-24 12:00:00,ATM,354.36,79,0.707,0.785
11130,TXN101559,2025-01-24 18:00:00,ATM,419.24,116,0.549,1.114
10730,TXN101560,2025-01-25 00:00:00,Online,1671.81,115,1.446,0.802
10074,TXN101561,2025-01-25 06:00:00,Online,468.43,79,0.811,0.708
10856,TXN101562,2025-01-25 12:00:00,ATM,106.03,19,0.83,0.172
10285,TXN101563,2025-01-25 18:00:00,ATM,134.85,14,0.67,0.715
11221,TXN101564,2025-01-26 00:00:00,ATM,260.38,37,1.187,0.633
10280,TXN101565,2025-01-26 06:00:00,Online,108.53,68,0.92,1.152
10787,TXN101566,2025-01-26 12:00:00,Contactless,325.75,146,1.28,0.76
10686,TXN101567,2025-01-26 18:00:00,ATM,457.28,101,1.119,0.919
10969,TXN101568,2025-01-27 00:00:00,Online,449.72,71,0.615,1.093
11177,TXN101569,2025-01-27 06:00:00,POS,874.51,98,1.005,1.075
10291,TXN101570,2025-01-27 12:00:00,POS,512.02,116,1.035,0.676
10932,TXN101571,2025-01-27 18:00:00,Online,31.28,47,1.081,1.296
11166,TXN101572,2025-01-28 00:00:00,Contactless,603.19,130,0.89,0.558
10768,TXN101573,2025-01-28 06:00:00,ATM,1679.9,119,0.28,1.073
10312,TXN101574,2025-01-28 12:00:00,Online,479.82,153,0.74,0.491
10646,TXN101575,2025-01-28 18:00:00,Contactless,819.08,75,0.789,0.941
11056,TXN101576,2025-01-29 00:00:00,POS,303.04,75,0.775,0.43
10026,TXN101577,2025-01-29 06:00:00,POS,614.25,55,1.152,0.873
10255,TXN101578,2025-01-29 12:00:00,ATM,846.9,158,0.525,0.461
11080,TXN101579,2025-01-29 18:00:00,POS,20.0,69,0.798,0.41
10293,TXN101580,2025-01-30 00:00:00,POS,409.0,147,0.726,0.429
10637,TXN101581,2025-01-30 06:00:00,Online,1261.79,155,0.989,0.839
10230,TXN101582,2025-01-30 12:00:00,POS,701.99,99,1.384,0.838
10053,TXN101583,2025-01-30 18:00:00,POS,859.26,122,0.968,0.837
10954,TXN101584,2025-01-31 00:00:00,POS,662.3,94,0.945,0.762
10101,TXN101585,2025-01-31 06:00:00,POS,643.8,75,0.393,0.564
11491,TXN101586,2025-01-31 12:00:00,POS,213.54,55,0.21,0.498
10804,TXN101587,2025-01-31 18:00:00,POS,1104.73,127,0.839,0.41
10869,TXN101588,2025-02-01 00:00:00,POS,1081.82,104,0.685,0.393
10267,TXN101589,2025-02-01 06:00:00,Online,357.39,13,0.911,1.04
10002,TXN101590,2025-02-01 12:00:00,Online,869.81,12,0.535,0.404
10022,TXN101591,2025-02-01 18:00:00,POS,269.53,129,1.241,0.439
10578,TXN101592,2025-02-02 00:00:00,Online,772.73,83,0.331,0.421
10212,TXN101593,2025-02-02 06:00:00,Online,503.83,115,0.681,0.329
11260,TXN101594,2025-02-02 12:00:00,Online,314.43,105,0.613,0.785
10529,TXN101595,2025-02-02 18:00:00,Online,163.93,45,1.134,0.55
10388,TXN101596,2025-02-03 00:00:00,POS,704.76,36,0.669,0.654
10014,TXN101597,2025-02-03 06:00:00,POS,994.87,62,0.548,0.667
10519,TXN101598,2025-02-03 12:00:00,Online,154.12,58,0.778,0.781
11246,TXN101599,2025-02-03 18:00:00,Online,463.13,111,0.474,0.728
10616,TXN101600,2025-02-04 00:00:00,Online,446.37,10,0.742,1.031
10962,TXN101601,2025-02-04 06:00:00,POS,89.58,71,0.705,0.513
10403,TXN101602,2025-02-04 12:00:00,ATM,304.7,108,1.761,0.534
10287,TXN101603,2025-02-04 18:00:00,Online,841.28,75,0.588,0.675
10384,TXN101604,2025-02-05 00:00:00,POS,164.65,159,0.719,0.679
11271,TXN101605,2025-02-05 06:00:00,Online,904.04,53,0.826,0.285
11115,TXN101606,2025-02-05 12:00:00,Online,773.83,11,0.846,0.259
10826,TXN101607,2025-02-05 18:00:00,POS,535.33,68,1.115,0.661
10312,TXN101608,2025-02-06 00:00:00,POS,118.74,23,1.422,1.088
11461,TXN101609,2025-02-06 06:00:00,Online,292.55,25,0.47,1.116
10726,TXN101610,2025-02-06 12:00:00,Online,922.29,60,0.904,0.387
10043,TXN101611,2025-02-06 18:00:00,Online,168.81,109,0.692,0.579
11098,TXN101612,2025-02-07 00:00:00,ATM,128.98,37,0.866,0.746
10754,TXN101613,2025-02-07 06:00:00,Online,781.42,62,1.139,0.785
10993,TXN101614,2025-02-07 12:00:00,Online,150.03,61,1.32,0.427
10876,TXN101615,2025-02-07 18:00:00,ATM,198.88,125,1.056,1.177
11340,TXN101616,2025-02-08 00:00:00,,762.59,18,0.86,0.54
10734,TXN101617,2025-02-08 06:00:00,Online,173.11,20,1.109,0.803
10144,TXN101618,2025-02-08 12:00:00,Online,223.97,116,0.456,0.608
11353,TXN101619,2025-02-08 18:00:00,Online,873.99,54,0.496,0.609
10209,TXN101620,2025-02-09 00:00:00,Online,193.09,94,0.809,0.912
11123,TXN101621,2025-02-09 06:00:00,Contactless,239.9,11,1.157,0.976
10700,TXN101622,2025-02-09 12:00:00,Contactless,1170.31,78,0.647,0.891
10114,TXN101623,2025-02-09 18:00:00,POS,925.16,148,0.683,0.453
10175,TXN101624,2025-02-10 00:00:00,POS,224.72,38,0.056,0.323
10271,TXN101625,2025-02-10 06:00:00,POS,199.34,120,1.586,1.445
10063,TXN101626,2025-02-10 12:00:00,POS,355.57,101,0.67,0.786
11008,TXN101627,2025-02-10 18:00:00,ATM,546.28,14,-0.209,0.449
10796,TXN101628,2025-02-11 00:00:00,POS,681.12,29,0.808,0.964
11428,TXN101629,2025-02-11 06:00:00,Online,452.74,110,0.916,0.446
10225,TXN101630,2025-02-11 12:00:00,Online,336.82,48,0.67,1.251
10161,TXN101631,2025-02-11 18:00:00,Contactless,913.3,136,0.431,0.586
11060,TXN101632,2025-02-12 00:00:00,Online,458.56,10,1.064,0.94
10381,TXN101633,2025-02-12 06:00:00,Contactless,507.97,128,1.024,0.687
10318,TXN101634,2025-02-12 12:00:00,POS,277.64,138,0.934,0.273
10708,TXN101635,2025-02-12 18:00:00,POS,1074.33,13,0.483,0.424
10456,TXN101636,2025-02-13 00:00:00,Online,353.05,152,0.537,0.485
11293,TXN101637,2025-02-13 06:00:00,Online,225.62,143,0.627,0.508
10344,TXN101638,2025-02-13 12:00:00,POS,173.44,111,0.605,0.752
11064,TXN101639,2025-02-13 18:00:00,POS,198.99,138,0.969,0.019
10414,TXN101640,2025-02-14 00:00:00,POS,523.21,71,0.612,0.754
11404,TXN101641,2025-02-14 06:00:00,POS,616.63,142,0.418,0.147
11246,TXN101642,2025-02-14 12:00:00,POS,1207.07,63,0.898,0.8
11305,TXN101643,2025-02-14 18:00:00,ATM,516.32,58,1.582,0.476
10225,TXN101644,2025-02-15 00:00:00,Contactless,283.97,16,0.475,0.738
11481,TXN101645,2025-02-15 06:00:00,Contactless,1390.27,109,0.502,0.326
11178,TXN101646,2025-02-15 12:00:00,POS,1053.93,12,0.707,0.524
10280,TXN101647,2025-02-15 18:00:00,Online,223.57,85,1.015,0.127
11377,TXN101648,2025-02-16 00:00:00,Online,124.55,132,0.948,0.351
11063,TXN101649,2025-02-16 06:00:00,POS,326.27,88,0.709,1.092
10729,TXN101650,2025-02-16 12:00:00,ATM,46.04,158,0.597,1.1
10621,TXN101651,2025-02-16 18:00:00,POS,134.88,41,1.485,0.352
10975,TXN101652,2025-02-17 00:00:00,POS,980.55,21,1.15,0.605
10573,TXN101653,2025-02-17 06:00:00,ATM,594.21,113,1.357,0.828
10489,TXN101654,2025-02-17 12:00:00,Online,425.58,120,0.996,0.723
11008,TXN101655,2025-02-17 18:00:00,Contactless,522.43,16,0.717,0.539
10937,TXN101656,2025-02-18 00:00:00,Online,225.03,104,0.89,0.264
11222,TXN101657,2025-02-18 06:00:00,Online,595.28,74,1.382,0.946
11300,TXN101658,2025-02-18 12:00:00,ATM,1385.71,54,0.93,0.558
11196,TXN101659,2025-02-18 18:00:00,Contactless,669.69,43,0.149,0.239
10784,TXN101660,2025-02-19 00:00:00,ATM,141.74,148,1.241,0.687
10508,TXN101661,2025-02-19 06:00:00,ATM,364.84,17,1.274,0.604
10405,TXN101662,2025-02-19 12:00:00,Contactless,813.37,54,1.183,0.558
11295,TXN101663,2025-02-19 18:00:00,POS,235.57,113,0.28,0.735
10772,TXN101664,2025-02-20 00:00:00,POS,435.55,87,0.885,0.64
10664,TXN101665,2025-02-20 06:00:00,Online,255.53,54,1.109,1.014
10131,TXN101666,2025-02-20 12:00:00,Online,1039.34,132,0.756,0.444
11409,TXN101667,2025-02-20 18:00:00,POS,586.67,147,0.883,0.484
11421,TXN101668,2025-02-21 00:00:00,ATM,320.12,52,0.946,0.916
11320,TXN101669,2025-02-21 06:00:00,POS,566.99,90,0.461,1.399
11407,TXN101670,2025-02-21 12:00:00,POS,517.84,20,0.915,1.355
11419,TXN101671,2025-02-21 18:00:00,Contactless,30.7,155,0.405,0.905
11284,TXN101672,2025-02-22 00:00:00,POS,251.82,14,0.714,0.602
10281,TXN101673,2025-02-22 06:00:00,Contactless,796.92,40,0.548,0.55
11380,TXN101674,2025-02-22 12:00:00,Contactless,650.22,25,1.056,0.592
10420,TXN101675,2025-02-22 18:00:00,POS,337.68,18,0.984,0.212
11216,TXN101676,2025-02-23 00:00:00,Online,653.21,11,0.949,0.891
10637,TXN101677,2025-02-23 06:00:00,Online,1050.64,46,0.849,1.07
11452,TXN101678,2025-02-23 12:00:00,POS,356.95,93,0.903,0.662
10808,TXN101679,2025-02-23 18:00:00,POS,359.16,67,1.453,1.286
10348,TXN101680,2025-02-24 00:00:00,POS,632.91,92,1.214,1.463
10429,TXN101681,2025-02-24 06:00:00,ATM,547.74,115,0.413,0.948
11416,TXN101682,2025-02-24 12:00:00,POS,1245.52,145,0.563,0.512
11365,TXN101683,2025-02-24 18:00:00,Online,1028.3,61,0.677,0.46
10547,TXN101684,2025-02-25 00:00:00,ATM,190.21,84,0.665,0.917
10940,TXN101685,2025-02-25 06:00:00,Online,468.58,86,0.461,0.995
10402,TXN101686,2025-02-25 12:00:00,Online,180.97,78,0.955,0.516
11071,TXN101687,2025-02-25 18:00:00,Online,336.14,134,0.729,0.375
10665,TXN101688,2025-02-26 00:00:00,Online,809.07,43,0.826,0.221
10750,TXN101689,2025-02-26 06:00:00,ATM,175.2,106,0.152,0.408
11449,TXN101690,2025-02-26 12:00:00,POS,1297.68,22,0.2,0.583
10960,TXN101691,2025-02-26 18:00:00,POS,866.93,59,0.561,1.005
10637,TXN101692,2025-02-27 00:00:00,POS,409.47,100,0.963,0.54
10879,TXN101693,2025-02-27 06:00:00,POS,247.07,13,0.917,-0.159
11352,TXN101694,2025-02-27 12:00:00,POS,962.86,73,1.103,0.517
10087,TXN101695,2025-02-27 18:00:00,ATM,343.06,83,0.505,0.607
10515,TXN101696,2025-02-28 00:00:00,POS,453.46,25,0.99,0.601
11004,TXN101697,2025-02-28 06:00:00,ATM,488.38,93,1.286,-0.023
11189,TXN101698,2025-02-28 12:00:00,ATM,401.78,147,1.074,0.604
11247,TXN101699,2025-02-28 18:00:00,Online,400.43,118,0.298,1.07
10861,TXN101700,2025-03-01 00:00:00,POS,525.97,71,1.138,0.569
11321,TXN101701,2025-03-01 06:00:00,ATM,351.65,53,0.864,0.511
10916,TXN101702,2025-03-01 12:00:00,ATM,178.39,95,0.909,0.484
10451,TXN101703,2025-03-01 18:00:00,Online,235.25,90,1.623,0.743
11367,TXN101704,2025-03-02 00:00:00,Online,1249.27,131,0.836,0.273
10341,TXN101705,2025-03-02 06:00:00,POS,306.54,113,0.971,0.383
11485,TXN101706,2025-03-02 12:00:00,Online,300.12,142,0.783,1.014
11416,TXN101707,2025-03-02 18:00:00,Online,1067.39,129,0.665,0.888
10421,TXN101708,2025-03-03 00:00:00,Online,139.88,155,0.878,0.548
10381,TXN101709,2025-03-03 06:00:00,Online,824.16,143,0.597,0.836
10005,TXN101710,2025-03-03 12:00:00,POS,250.83,115,0.801,0.442
10648,TXN101711,2025-03-03 18:00:00,ATM,166.94,136,0.644,0.439
11028,TXN101712,2025-03-04 00:00:00,Online,1140.78,37,0.023,0.433
10316,TXN101713,2025-03-04 06:00:00,POS,507.81,116,0.578,0.26
11102,TXN101714,2025-03-04 12:00:00,POS,199.28,33,1.084,0.673
10531,TXN101715,2025-03-04 18:00:00,ATM,1375.93,37,0.932,1.257
10355,TXN101716,2025-03-05 00:00:00,POS,173.15,155,0.668,0.141
11057,TXN101717,2025-03-05 06:00:00,Online,517.08,13,0.785,1.172
10662,TXN101718,2025-03-05 12:00:00,Contactless,203.04,113,0.468,-0.06
11163,TXN101719,2025-03-05 18:00:00,ATM,788.66,137,0.506,0.84
11296,TXN101720,2025-03-06 00:00:00,POS,742.8,137,0.752,0.18
11220,TXN101721,2025-03-06 06:00:00,Online,475.17,115,0.674,0.843
10127,TXN101722,2025-03-06 12:00:00,Online,857.63,105,0.486,0.472
10349,TXN101723,2025-03-06 18:00:00,Online,117.27,136,0.727,0.901
11068,TXN101724,2025-03-07 00:00:00,Online,556.99,102,0.361,0.475
10742,TXN101725,2025-03-07 06:00:00,Online,669.92,75,1.301,0.838
10728,TXN101726,2025-03-07 12:00:00,Online,182.73,67,1.063,0.639
10244,TXN101727,2025-03-07 18:00:00,Online,610.66,20,-0.01,1.038
10009,TXN101728,2025-03-08 00:00:00,ATM,483.2,120,1.044,0.646
10712,TXN101729,2025-03-08 06:00:00,ATM,954.04,113,0.62,0.758
10846,TXN101730,2025-03-08 12:00:00,Online,526.19,74,0.559,0.716
11103,TXN101731,2025-03-08 18:00:00,Contactless,437.99,137,1.014,0.944
11214,TXN101732,2025-03-09 00:00:00,ATM,184.85,26,0.7,0.961
10086,TXN101733,2025-03-09 06:00:00,Online,530.47,123,0.615,0.71
10271,TXN101734,2025-03-09 12:00:00,Online,765.3,89,0.285,0.214
10513,TXN101735,2025-03-09 18:00:00,Online,1328.14,75,1.07,0.426
11044,TXN101736,2025-03-10 00:00:00,ATM,526.5,127,1.113,0.919
10130,TXN101737,2025-03-10 06:00:00,Online,1076.59,122,0.806,0.265
10838,TXN101738,2025-03-10 12:00:00,Online,457.04,141,0.342,0.493
10770,TXN101739,2025-03-10 18:00:00,POS,155.53,80,0.856,0.528
11031,TXN101740,2025-03-11 00:00:00,ATM,2250.84,70,0.974,0.633
10852,TXN101741,2025-03-11 06:00:00,Online,696.66,67,0.741,0.593
10937,TXN101742,2025-03-11 12:00:00,POS,128.2,62,1.059,0.709
11334,TXN101743,2025-03-11 18:00:00,Online,796.41,14,0.809,0.399
10901,TXN101744,2025-03-12 00:00:00,POS,328.16,123,0.856,0.455
10473,TXN101745,2025-03-12 06:00:00,POS,306.16,70,1.268,1.196
11126,TXN101746,2025-03-12 12:00:00,POS,1085.32,30,0.578,1.091
10338,TXN101747,2025-03-12 18:00:00,POS,226.65,23,0.201,0.842
10319,TXN101748,2025-03-13 00:00:00,Online,95.38,105,0.691,0.871
11049,TXN101749,2025-03-13 06:00:00,Online,235.62,88,0.553,0.772
10721,TXN101750,2025-03-13 12:00:00,Online,732.02,87,0.252,0.68
11454,TXN101751,2025-03-13 18:00:00,Online,602.83,50,0.968,0.451
10143,TXN101752,2025-03-14 00:00:00,Online,699.23,25,0.75,1.101
10657,TXN101753,2025-03-14 06:00:00,Online,916.28,60,0.113,1.218
11173,TXN101754,2025-03-14 12:00:00,POS,558.18,10,1.291,0.54
11079,TXN101755,2025-03-14 18:00:00,Online,198.08,49,0.495,1.002
10471,TXN101756,2025-03-15 00:00:00,Contactless,301.77,27,0.534,0.572
10363,TXN101757,2025-03-15 06:00:00,Contactless,938.98,43,1.08,0.471
10650,TXN101758,2025-03-15 12:00:00,Online,20.0,109,0.9,0.569
10209,TXN101759,2025-03-15 18:00:00,POS,722.01,158,1.132,0.585
11209,TXN101760,2025-03-16 00:00:00,Contactless,229.55,138,-0.013,0.858
11089,TXN101761,2025-03-16 06:00:00,POS,1294.18,148,0.65,0.564
10549,TXN101762,2025-03-16 12:00:00,ATM,130.21,129,0.797,0.928
11136,TXN101763,2025-03-16 18:00:00,ATM,351.09,111,1.206,0.484
10263,TXN101764,2025-03-17 00:00:00,Contactless,1058.11,124,0.454,0.672
11100,TXN101765,2025-03-17 06:00:00,Online,802.61,23,0.631,0.372
11320,TXN101766,2025-03-17 12:00:00,Online,269.3,101,0.799,0.324
11202,TXN101767,2025-03-17 18:00:00,Online,399.15,159,1.016,0.792
10766,TXN101768,2025-03-18 00:00:00,POS,1252.96,30,0.362,0.719
10001,TXN101769,2025-03-18 06:00:00,POS,221.78,129,1.034,0.56
10148,TXN101770,2025-03-18 12:00:00,Online,808.73,28,0.543,0.429
10876,TXN101771,2025-03-18 18:00:00,Online,170.33,33,0.881,0.364
10986,TXN101772,2025-03-19 00:00:00,ATM,310.11,35,0.682,0.789
11153,TXN101773,2025-03-19 06:00:00,Online,518.02,54,0.846,0.496
10513,TXN101774,2025-03-19 12:00:00,POS,452.48,117,0.824,1.147
10629,TXN101775,2025-03-19 18:00:00,,625.34,148,1.197,0.74
10972,TXN101776,2025-03-20 00:00:00,POS,361.58,33,0.668,0.838
11173,TXN101777,2025-03-20 06:00:00,Online,383.6,33,0.644,1.086
11293,TXN101778,2025-03-20 12:00:00,Contactless,446.66,21,1.124,0.459
10653,TXN101779,2025-03-20 18:00:00,Online,400.91,144,1.24,0.817
11129,TXN101780,2025-03-21 00:00:00,ATM,1232.82,90,0.611,0.832
10466,TXN101781,2025-03-21 06:00:00,ATM,329.18,108,0.992,0.547
10764,TXN101782,2025-03-21 12:00:00,POS,449.11,79,0.451,0.262
11020,TXN101783,2025-03-21 18:00:00,POS,1868.64,88,0.994,0.088
10929,TXN101784,2025-03-22 00:00:00,POS,613.28,32,1.072,0.438
11305,TXN101785,2025-03-22 06:00:00,ATM,65.78,132,0.654,1.004
11431,TXN101786,2025-03-22 12:00:00,Online,483.9,47,1.139,0.472
10794,TXN101787,2025-03-22 18:00:00,POS,766.17,38,0.658,0.961
10900,TXN101788,2025-03-23 00:00:00,Online,603.7,85,0.758,0.478
11382,TXN101789,2025-03-23 06:00:00,Contactless,804.34,77,0.887,0.704
10675,TXN101790,2025-03-23 12:00:00,Contactless,1395.17,30,0.414,0.84
11009,TXN101791,2025-03-23 18:00:00,ATM,506.61,18,0.274,0.98
11227,TXN101792,2025-03-24 00:00:00,POS,200.17,58,0.848,0.563
10281,TXN101793,2025-03-24 06:00:00,Online,230.03,107,0.49,0.512
10916,TXN101794,2025-03-24 12:00:00,POS,393.58,46,0.323,0.138
11281,TXN101795,2025-03-24 18:00:00,ATM,1376.48,30,1.019,0.572
11118,TXN101796,2025-03-25 00:00:00,POS,295.62,32,1.281,1.622
10324,TXN101797,2025-03-25 06:00:00,POS,509.51,147,1.05,0.631
10791,TXN101798,2025-03-25 12:00:00,ATM,832.7,79,0.335,0.294
11386,TXN101799,2025-03-25 18:00:00,Online,181.95,158,0.812,0.65
11375,TXN101800,2025-03-26 00:00:00,Contactless,1442.12,110,0.642,0.899
11086,TXN101801,2025-03-26 06:00:00,POS,884.36,38,0.452,0.524
10187,TXN101802,2025-03-26 12:00:00,Online,1112.4,68,0.78,0.388
10915,TXN101803,2025-03-26 18:00:00,ATM,229.97,30,0.726,1.404
10542,TXN101804,2025-03-27 00:00:00,Contactless,478.69,95,0.669,0.804
10897,TXN101805,2025-03-27 06:00:00,POS,716.58,108,1.096,1.129
11328,TXN101806,2025-03-27 12:00:00,POS,385.29,72,1.205,0.588
10639,TXN101807,2025-03-27 18:00:00,ATM,74.23,55,0.637,1.197
10436,TXN101808,2025-03-28 00:00:00,Contactless,661.07,142,0.687,0.954
10213,TXN101809,2025-03-28 06:00:00,Contactless,197.62,24,0.663,0.843
11430,TXN101810,2025-03-28 12:00:00,Online,660.41,114,0.93,0.356
10818,TXN101811,2025-03-28 18:00:00,POS,235.66,120,0.866,0.494
10962,TXN101812,2025-03-29 00:00:00,ATM,537.37,92,0.502,0.826
11158,TXN101813,2025-03-29 06:00:00,POS,511.28,89,0.705,0.603
10960,TXN101814,2025-03-29 12:00:00,POS,158.07,120,0.226,0.804
10917,TXN101815,2025-03-29 18:00:00,POS,164.14,116,0.2,0.567
10993,TXN101816,2025-03-30 00:00:00,POS,1599.94,96,0.337,0.818
10915,TXN101817,2025-03-30 06:00:00,Online,404.33,13,0.662,0.517
11243,TXN101818,2025-03-30 12:00:00,Online,222.99,51,0.964,0.826
10421,TXN101819,2025-03-30 18:00:00,POS,793.85,128,0.476,0.418
10319,TXN101820,2025-03-31 00:00:00,POS,287.77,35,0.706,0.604
11181,TXN101821,2025-03-31 06:00:00,Contactless,568.3,115,0.827,0.64
10188,TXN101822,2025-03-31 12:00:00,Online,602.9,113,1.288,0.447
11500,TXN101823,2025-03-31 18:00:00,Online,698.76,17,0.77,0.52
10162,TXN101824,2025-04-01 00:00:00,Contactless,180.27,82,0.785,0.778
10129,TXN101825,2025-04-01 06:00:00,POS,1116.98,87,0.538,0.898
10304,TXN101826,2025-04-01 12:00:00,Online,398.71,157,1.393,0.77
11113,TXN101827,2025-04-01 18:00:00,Contactless,508.65,75,1.018,0.842
10917,TXN101828,2025-04-02 00:00:00,ATM,352.85,77,0.361,0.724
11186,TXN101829,2025-04-02 06:00:00,POS,677.58,108,1.274,0.505
10922,TXN101830,2025-04-02 12:00:00,Contactless,890.16,87,1.001,0.216
11060,TXN101831,2025-04-02 18:00:00,Online,195.08,94,0.832,0.552
11251,TXN101832,2025-04-03 00:00:00,POS,606.84,88,0.981,0.666
10151,TXN101833,2025-04-03 06:00:00,ATM,359.04,48,1.148,0.524
10593,TXN101834,2025-04-03 12:00:00,POS,636.34,59,0.486,1.135
10047,TXN101835,2025-04-03 18:00:00,Contactless,522.43,29,0.614,0.777
10940,TXN101836,2025-04-04 00:00:00,Online,764.13,79,0.737,0.674
10660,TXN101837,2025-04-04 06:00:00,Online,582.02,126,0.316,0.853
10231,TXN101838,2025-04-04 12:00:00,POS,120.23,121,1.005,1.266
11002,TXN101839,2025-04-04 18:00:00,POS,949.59,37,0.654,0.621
10165,TXN101840,2025-04-05 00:00:00,Online,355.62,128,0.615,0.43
10724,TXN101841,2025-04-05 06:00:00,Online,747.46,107,0.525,0.79
10820,TXN101842,2025-04-05 12:00:00,Contactless,248.52,82,0.738,0.378
11090,TXN101843,2025-04-05 18:00:00,Contactless,135.8,117,0.805,0.433
11104,TXN101844,2025-04-06 00:00:00,Online,870.0,31,1.099,1.099
10140,TXN101845,2025-04-06 06:00:00,POS,499.25,14,1.108,1.063
10400,TXN101846,2025-04-06 12:00:00,POS,347.18,69,0.353,0.882
10130,TXN101847,2025-04-06 18:00:00,Contactless,287.8,123,0.911,0.809
10985,TXN101848,2025-04-07 00:00:00,POS,820.78,107,1.18,0.358
10766,TXN101849,2025-04-07 06:00:00,ATM,1058.07,54,0.672,0.474
10446,TXN101850,2025-04-07 12:00:00,Contactless,1333.88,122,0.691,1.07
10029,TXN101851,2025-04-07 18:00:00,POS,141.42,146,0.611,0.558
11226,TXN101852,2025-04-08 00:00:00,Online,326.89,23,0.938,0.476
11261,TXN101853,2025-04-08 06:00:00,POS,794.02,78,0.851,0.647
10799,TXN101854,2025-04-08 12:00:00,Contactless,216.67,123,1.093,0.862
11363,TXN101855,2025-04-08 18:00:00,POS,680.62,65,0.711,0.642
11423,TXN101856,2025-04-09 00:00:00,Contactless,1756.68,120,1.191,0.65
11463,TXN101857,2025-04-09 06:00:00,Contactless,232.59,100,0.959,0.09
10289,TXN101858,2025-04-09 12:00:00,POS,562.38,20,1.162,0.68
11276,TXN101859,2025-04-09 18:00:00,POS,38.41,124,0.541,0.979
10977,TXN101860,2025-04-10 00:00:00,POS,382.18,110,1.299,0.681
10100,TXN101861,2025-04-10 06:00:00,Online,551.68,107,0.556,1.28
10422,TXN101862,2025-04-10 12:00:00,POS,574.42,124,0.572,0.498
10643,TXN101863,2025-04-10 18:00:00,Online,568.45,89,0.612,0.563
10694,TXN101864,2025-04-11 00:00:00,ATM,179.51,67,0.575,0.512
10706,TXN101865,2025-04-11 06:00:00,Contactless,370.81,39,1.413,0.504
10018,TXN101866,2025-04-11 12:00:00,Online,358.81,76,0.933,0.85
10471,TXN101867,2025-04-11 18:00:00,POS,644.1,38,0.924,0.623
10723,TXN101868,2025-04-12 00:00:00,POS,1209.72,51,0.088,1.244
11031,TXN101869,2025-04-12 06:00:00,ATM,20.0,128,1.2,0.769
10419,TXN101870,2025-04-12 12:00:00,POS,448.09,71,0.387,0.456
10380,TXN101871,2025-04-12 18:00:00,Online,781.58,38,0.737,0.422
10508,TXN101872,2025-04-13 00:00:00,Online,1058.77,38,0.504,1.167
10114,TXN101873,2025-04-13 06:00:00,Online,593.08,113,0.834,0.762
10852,TXN101874,2025-04-13 12:00:00,Contactless,1256.1,66,1.287,1.065
10511,TXN101875,2025-04-13 18:00:00,POS,137.92,64,0.414,0.719
10851,TXN101876,2025-04-14 00:00:00,Contactless,111.89,125,0.498,0.704
10976,TXN101877,2025-04-14 06:00:00,POS,153.04,137,0.799,1.075
10614,TXN101878,2025-04-14 12:00:00,POS,435.21,86,1.299,0.804
10469,TXN101879,2025-04-14 18:00:00,ATM,1002.86,78,0.601,0.801
10093,TXN101880,2025-04-15 00:00:00,ATM,399.65,67,0.499,0.587
11126,TXN101881,2025-04-15 06:00:00,Online,174.94,94,0.807,0.944
10493,TXN101882,2025-04-15 12:00:00,Online,632.13,78,0.753,0.679
10763,TXN101883,2025-04-15 18:00:00,Online,1048.73,110,0.391,0.545
10989,TXN101884,2025-04-16 00:00:00,ATM,1105.99,45,0.608,1.303
10479,TXN101885,2025-04-16 06:00:00,ATM,969.72,137,0.061,0.616
10877,TXN101886,2025-04-16 12:00:00,Online,817.19,96,0.739,0.479
10167,TXN101887,2025-04-16 18:00:00,Online,321.63,83,0.314,1.018
10140,TXN101888,2025-04-17 00:00:00,POS,540.1,102,1.614,0.89
10094,TXN101889,2025-04-17 06:00:00,POS,1012.18,108,0.944,0.514
11205,TXN101890,2025-04-17 12:00:00,POS,327.39,33,0.839,0.678
10576,TXN101891,2025-04-17 18:00:00,Contactless,880.6,96,0.934,0.887
11028,TXN101892,2025-04-18 00:00:00,ATM,1181.71,76,0.578,0.759
10606,TXN101893,2025-04-18 06:00:00,Online,251.53,151,0.7,0.92
11413,TXN101894,2025-04-18 12:00:00,Online,735.74,77,0.927,0.698
11296,TXN101895,2025-04-18 18:00:00,Online,155.54,115,0.408,0.929
11156,TXN101896,2025-04-19 00:00:00,Online,495.69,128,0.989,0.614
10584,TXN101897,2025-04-19 06:00:00,ATM,1324.38,41,1.487,0.519
10816,TXN101898,2025-04-19 12:00:00,POS,220.96,129,0.232,0.995
10593,TXN101899,2025-04-19 18:00:00,POS,126.76,154,0.936,0.782
10686,TXN101900,2025-04-20 00:00:00,POS,560.24,139,0.464,0.892
10963,TXN101901,2025-04-20 06:00:00,Online,255.91,87,0.992,1.043
10987,TXN101902,2025-04-20 12:00:00,Online,1008.08,47,0.869,0.54
11076,TXN101903,2025-04-20 18:00:00,ATM,1231.88,64,1.408,0.849
11314,TXN101904,2025-04-21 00:00:00,Contactless,335.63,43,1.346,1.35
10446,TXN101905,2025-04-21 06:00:00,Online,278.81,55,0.243,0.655
10237,TXN101906,2025-04-21 12:00:00,POS,212.4,139,1.017,0.362
11304,TXN101907,2025-04-21 18:00:00,POS,306.41,79,1.011,0.93
11068,TXN101908,2025-04-22 00:00:00,ATM,122.42,45,1.166,0.234
10882,TXN101909,2025-04-22 06:00:00,POS,77.07,159,0.915,0.393
10766,TXN101910,2025-04-22 12:00:00,Contactless,477.26,78,0.959,0.702
10937,TXN101911,2025-04-22 18:00:00,Online,879.1,114,0.389,0.692
10359,TXN101912,2025-04-23 00:00:00,POS,728.05,63,0.898,0.753
10646,TXN101913,2025-04-23 06:00:00,ATM,288.17,159,0.674,1.318
10690,TXN101914,2025-04-23 12:00:00,ATM,1010.16,121,0.989,0.724
10462,TXN101915,2025-04-23 18:00:00,Online,417.31,116,0.717,0.538
10101,TXN101916,2025-04-24 00:00:00,POS,60.64,62,0.907,0.52
10692,TXN101917,2025-04-24 06:00:00,Online,622.42,126,0.966,0.572
10984,TXN101918,2025-04-24 12:00:00,Contactless,285.11,115,0.972,0.36
11485,TXN101919,2025-04-24 18:00:00,ATM,708.33,102,0.49,0.857
10769,TXN101920,2025-04-25 00:00:00,Online,425.78,68,1.597,0.784
10268,TXN101921,2025-04-25 06:00:00,POS,835.32,106,0.839,0.831
10883,TXN101922,2025-04-25 12:00:00,POS,972.29,95,0.971,0.924
11386,TXN101923,2025-04-25 18:00:00,Online,360.32,36,0.771,0.873
10408,TXN101924,2025-04-26 00:00:00,Contactless,256.09,81,0.362,0.313
11061,TXN101925,2025-04-26 06:00:00,Online,324.19,131,1.024,0.621
10468,TXN101926,2025-04-26 12:00:00,POS,274.5,143,0.844,0.633
10259,TXN101927,2025-04-26 18:00:00,POS,393.11,34,1.061,1.086
10509,TXN101928,2025-04-27 00:00:00,ATM,522.07,107,0.517,1.11
10309,TXN101929,2025-04-27 06:00:00,Online,652.18,146,0.634,0.581
11297,TXN101930,2025-04-27 12:00:00,POS,529.91,73,0.844,0.422
10625,TXN101931,2025-04-27 18:00:00,Online,400.81,156,0.767,0.744
10110,TXN101932,2025-04-28 00:00:00,ATM,649.08,122,0.65,0.611
10679,TXN101933,2025-04-28 06:00:00,Online,337.08,74,0.844,0.677
11284,TXN101934,2025-04-28 12:00:00,ATM,393.31,107,1.25,1.04
10742,TXN101935,2025-04-28 18:00:00,POS,218.91,154,0.91,0.775
10907,TXN101936,2025-04-29 00:00:00,Online,49.45,43,1.161,0.566
10268,TXN101937,2025-04-29 06:00:00,Online,420.69,150,0.691,0.516
11056,TXN101938,2025-04-29 12:00:00,Online,443.54,68,0.769,0.298
10940,TXN101939,2025-04-29 18:00:00,Contactless,286.77,98,0.835,0.857
10811,TXN101940,2025-04-30 00:00:00,POS,659.16,85,0.594,0.779
11201,TXN101941,2025-04-30 06:00:00,Contactless,1521.45,158,0.838,0.858
10104,TXN101942,2025-04-30 12:00:00,Online,190.18,110,1.299,0.695
11260,TXN101943,2025-04-30 18:00:00,Online,829.68,119,1.361,0.404
11117,TXN101944,2025-05-01 00:00:00,Contactless,730.04,15,1.231,0.716
10201,TXN101945,2025-05-01 06:00:00,ATM,191.92,118,0.857,1.019
10899,TXN101946,2025-05-01 12:00:00,ATM,181.82,20,0.498,0.716
10743,TXN101947,2025-05-01 18:00:00,Contactless,139.92,89,1.606,1.16
10925,TXN101948,2025-05-02 00:00:00,Contactless,1257.88,159,0.57,0.771
10597,TXN101949,2025-05-02 06:00:00,Online,1347.23,148,1.284,1.251
11059,TXN101950,2025-05-02 12:00:00,Online,1270.73,35,0.878,1.274
11141,TXN101951,2025-05-02 18:00:00,Online,826.97,115,0.388,0.449
10688,TXN101952,2025-05-03 00:00:00,ATM,480.58,158,0.231,0.519
11482,TXN101953,2025-05-03 06:00:00,POS,502.28,24,1.237,0.572
11495,TXN101954,2025-05-03 12:00:00,POS,69.07,112,0.549,0.222
10920,TXN101955,2025-05-03 18:00:00,Contactless,243.75,148,0.309,0.83
10788,TXN101956,2025-05-04 00:00:00,POS,275.09,115,0.656,0.822
10399,TXN101957,2025-05-04 06:00:00,Online,163.83,77,0.748,0.754
10597,TXN101958,2025-05-04 12:00:00,POS,592.72,98,0.88,0.357
10117,TXN101959,2025-05-04 18:00:00,Online,344.58,38,0.862,1.145
10362,TXN101960,2025-05-05 00:00:00,POS,350.75,73,0.494,0.173
10204,TXN101961,2025-05-05 06:00:00,Online,613.87,105,0.751,0.33
11170,TXN101962,2025-05-05 12:00:00,Online,415.21,37,1.351,0.948
10444,TXN101963,2025-05-05 18:00:00,ATM,479.04,93,0.382,0.788
10727,TXN101964,2025-05-06 00:00:00,Contactless,154.43,32,0.915,0.528
10861,TXN101965,2025-05-06 06:00:00,Contactless,170.28,48,0.381,0.715
11321,TXN101966,2025-05-06 12:00:00,Online,122.25,78,0.606,0.736
10868,TXN101967,2025-05-06 18:00:00,ATM,1255.85,30,1.146,1.03
10767,TXN101968,2025-05-07 00:00:00,POS,863.73,129,0.038,0.359
11255,TXN101969,2025-05-07 06:00:00,ATM,341.2,95,1.484,0.782
11227,TXN101970,2025-05-07 12:00:00,ATM,372.77,103,0.297,1.002
10362,TXN101971,2025-05-07 18:00:00,Contactless,1109.4,101,0.047,0.421
10395,TXN101972,2025-05-08 00:00:00,Online,401.82,90,0.757,0.686
10248,TXN101973,2025-05-08 06:00:00,ATM,423.41,94,0.6,0.683
11464,TXN101974,2025-05-08 12:00:00,ATM,470.46,136,0.534,0.248
10914,TXN101975,2025-05-08 18:00:00,Online,437.08,97,0.975,0.782
11420,TXN101976,2025-05-09 00:00:00,POS,112.7,103,0.426,0.799
10761,TXN101977,2025-05-09 06:00:00,Online,270.78,137,0.949,1.119
10656,TXN101978,2025-05-09 12:00:00,Contactless,180.1,51,1.04,0.694
10356,TXN101979,2025-05-09 18:00:00,Contactless,272.63,108,0.27,0.823
11425,TXN101980,2025-05-10 00:00:00,POS,544.17,143,1.109,1.112
10241,TXN101981,2025-05-10 06:00:00,POS,672.47,145,1.021,0.52
11365,TXN101982,2025-05-10 12:00:00,Online,412.55,78,1.293,0.369
10229,TXN101983,2025-05-10 18:00:00,ATM,286.22,49,0.752,0.734
10621,TXN101984,2025-05-11 00:00:00,Online,227.78,147,0.458,0.645
10931,TXN101985,2025-05-11 06:00:00,POS,361.45,40,1.189,0.675
10855,TXN101986,2025-05-11 12:00:00,Contactless,470.64,39,0.767,0.582
10529,TXN101987,2025-05-11 18:00:00,POS,225.02,94,1.388,0.465
10267,TXN101988,2025-05-12 00:00:00,POS,395.29,70,0.998,0.962
11153,TXN101989,2025-05-12 06:00:00,Online,228.52,36,0.741,0.694
10220,TXN101990,2025-05-12 12:00:00,Online,688.04,44,0.441,1.329
11106,TXN101991,2025-05-12 18:00:00,POS,286.3,69,0.713,0.409
10561,TXN101992,2025-05-13 00:00:00,Online,354.85,41,1.078,1.262
11044,TXN101993,2025-05-13 06:00:00,Online,498.51,99,0.222,0.782
11351,TXN101994,2025-05-13 12:00:00,POS,800.65,141,0.608,0.705
11061,TXN101995,2025-05-13 18:00:00,POS,355.09,100,0.185,0.392
10382,TXN101996,2025-05-14 00:00:00,POS,286.63,109,0.386,0.514
10039,TXN101997,2025-05-14 06:00:00,POS,691.19,36,0.536,1.052
11133,TXN101998,2025-05-14 12:00:00,POS,258.91,56,0.655,-0.046
10429,TXN101999,2025-05-14 18:00:00,Online,187.42,143,0.874,0.197
11088,TXN102000,2025-05-15 00:00:00,Online,369.65,35,0.996,0.249
11199,TXN102001,2025-05-15 06:00:00,ATM,441.45,33,1.234,1.028
10791,TXN102002,2025-05-15 12:00:00,POS,1332.17,128,1.311,0.891
10032,TXN102003,2025-05-15 18:00:00,POS,168.74,53,1.165,0.416
10945,TXN102004,2025-05-16 00:00:00,POS,222.99,151,0.617,0.568
10531,TXN102005,2025-05-16 06:00:00,Online,546.6,150,0.832,0.736
10106,TXN102006,2025-05-16 12:00:00,Online,476.32,52,0.553,0.986
10482,TXN102007,2025-05-16 18:00:00,POS,1002.71,52,0.838,0.416
10206,TXN102008,2025-05-17 00:00:00,POS,154.87,75,0.694,0.737
11271,TXN102009,2025-05-17 06:00:00,POS,750.83,119,0.35,0.604
10835,TXN102010,2025-05-17 12:00:00,Online,649.31,120,1.258,0.671
10089,TXN102011,2025-05-17 18:00:00,Online,162.49,10,1.348,0.449
11340,TXN102012,2025-05-18 00:00:00,POS,368.01,149,0.485,0.759
11035,TXN102013,2025-05-18 06:00:00,POS,252.37,119,0.932,0.481
11073,TXN102014,2025-05-18 12:00:00,Contactless,161.34,69,0.5,0.727
10896,TXN102015,2025-05-18 18:00:00,Online,649.67,35,0.722,1.137
11195,TXN102016,2025-05-19 00:00:00,Contactless,979.95,66,0.564,0.992
10143,TXN102017,2025-05-19 06:00:00,Contactless,570.23,149,0.53,1.089
10207,TXN102018,2025-05-19 12:00:00,POS,285.86,142,0.817,0.789
11487,TXN102019,2025-05-19 18:00:00,ATM,435.07,144,0.115,1.017
10509,TXN102020,2025-05-20 00:00:00,Contactless,862.3,153,0.567,0.195
11225,TXN102021,2025-05-20 06:00:00,Online,1183.5,61,2.155,0.226
10005,TXN102022,2025-05-20 12:00:00,Online,360.98,90,0.211,0.419
10211,TXN102023,2025-05-20 18:00:00,Online,639.73,158,0.617,0.438
10029,TXN102024,2025-05-21 00:00:00,POS,494.52,36,0.851,0.993
11214,TXN102025,2025-05-21 06:00:00,Online,155.17,120,0.687,0.278
10188,TXN102026,2025-05-21 12:00:00,Contactless,746.52,125,0.483,0.32
11174,TXN102027,2025-05-21 18:00:00,POS,630.34,88,1.089,0.666
10525,TXN102028,2025-05-22 00:00:00,Contactless,873.24,32,0.802,0.738
10946,TXN102029,2025-05-22 06:00:00,Online,499.96,136,0.532,0.945
11390,TXN102030,2025-05-22 12:00:00,POS,244.06,34,1.05,0.625
10157,TXN102031,2025-05-22 18:00:00,POS,397.68,148,0.565,0.649
10080,TXN102032,2025-05-23 00:00:00,POS,286.74,72,0.444,0.948
11297,TXN102033,2025-05-23 06:00:00,Contactless,461.85,94,0.956,0.448
10660,TXN102034,2025-05-23 12:00:00,POS,421.3,128,0.293,0.734
10626,TXN102035,2025-05-23 18:00:00,Online,1407.52,19,1.365,0.86
10232,TXN102036,2025-05-24 00:00:00,Contactless,1859.16,121,1.281,0.596
10160,TXN102037,2025-05-24 06:00:00,POS,158.37,138,0.941,0.941
10344,TXN102038,2025-05-24 12:00:00,Online,428.02,79,0.546,0.46
11313,TXN102039,2025-05-24 18:00:00,POS,665.63,64,0.376,1.137
10205,TXN102040,2025-05-25 00:00:00,POS,233.75,107,-0.15,0.612
10995,TXN102041,2025-05-25 06:00:00,POS,444.36,95,1.316,0.577
10838,TXN102042,2025-05-25 12:00:00,POS,436.28,143,0.411,0.291
10305,TXN102043,2025-05-25 18:00:00,POS,978.01,114,0.874,0.386
11384,TXN102044,2025-05-26 00:00:00,Online,987.28,33,0.82,0.473
10670,TXN102045,2025-05-26 06:00:00,Online,260.61,94,0.165,0.384
10400,TXN102046,2025-05-26 12:00:00,ATM,488.3,112,0.538,0.369
11473,TXN102047,2025-05-26 18:00:00,POS,548.09,142,0.353,0.712
10106,TXN102048,2025-05-27 00:00:00,Online,50.23,144,1.028,0.868
11106,TXN102049,2025-05-27 06:00:00,Online,353.0,140,1.043,0.778
10342,TXN102050,2025-05-27 12:00:00,Contactless,39.85,150,0.665,-0.195
10986,TXN102051,2025-05-27 18:00:00,Contactless,476.75,85,0.455,0.408
10952,TXN102052,2025-05-28 00:00:00,POS,258.12,143,0.816,1.018
11445,TXN102053,2025-05-28 06:00:00,Online,554.58,107,1.138,0.324
10049,TXN102054,2025-05-28 12:00:00,POS,376.78,56,0.231,0.666
10206,TXN102055,2025-05-28 18:00:00,Online,645.61,64,1.489,0.393
11242,TXN102056,2025-05-29 00:00:00,POS,1373.57,58,0.665,1.066
11460,TXN102057,2025-05-29 06:00:00,ATM,180.2,12,0.708,0.478
10791,TXN102058,2025-05-29 12:00:00,POS,530.1,31,1.311,0.893
11346,TXN102059,2025-05-29 18:00:00,Online,403.94,44,0.73,0.497
10231,TXN102060,2025-05-30 00:00:00,POS,616.91,37,0.713,0.021
11453,TXN102061,2025-05-30 06:00:00,ATM,484.8,149,0.43,0.832
10883,TXN102062,2025-05-30 12:00:00,POS,234.64,138,0.548,0.163
10726,TXN102063,2025-05-30 18:00:00,ATM,565.9,109,0.503,0.444
10284,TXN102064,2025-05-31 00:00:00,Online,473.81,126,0.132,1.222
10276,TXN102065,2025-05-31 06:00:00,ATM,465.52,32,0.022,1.576
10433,TXN102066,2025-05-31 12:00:00,POS,421.55,110,0.669,0.706
11209,TXN102067,2025-05-31 18:00:00,Online,716.52,37,0.267,0.45
10633,TXN102068,2025-06-01 00:00:00,POS,312.52,122,0.978,0.707
10216,TXN102069,2025-06-01 06:00:00,POS,606.61,126,0.673,0.332
10097,TXN102070,2025-06-01 12:00:00,POS,458.71,134,0.192,0.582
10955,TXN102071,2025-06-01 18:00:00,Online,365.97,63,1.284,1.149
11143,TXN102072,2025-06-02 00:00:00,Online,464.19,65,0.601,0.759
10365,TXN102073,2025-06-02 06:00:00,Contactless,680.49,19,0.93,0.302
11427,TXN102074,2025-06-02 12:00:00,POS,1558.85,142,1.325,0.814
11008,TXN102075,2025-06-02 18:00:00,Online,507.61,151,0.738,0.221
10618,TXN102076,2025-06-03 00:00:00,Contactless,436.91,37,0.755,0.174
10397,TXN102077,2025-06-03 06:00:00,Online,399.46,30,1.253,0.914
10458,TXN102078,2025-06-03 12:00:00,POS,287.78,85,0.647,0.486
10318,TXN102079,2025-06-03 18:00:00,Online,1185.73,29,1.126,1.141
10382,TXN102080,2025-06-04 00:00:00,Contactless,2244.82,124,0.724,0.405
10142,TXN102081,2025-06-04 06:00:00,POS,368.98,105,0.81,1.044
10457,TXN102082,2025-06-04 12:00:00,ATM,258.23,60,0.805,1.16
10501,TXN102083,2025-06-04 18:00:00,POS,118.69,111,0.621,0.744
10323,TXN102084,2025-06-05 00:00:00,Online,1571.02,49,0.563,0.615
11000,TXN102085,2025-06-05 06:00:00,POS,863.44,94,0.522,0.532
10268,TXN102086,2025-06-05 12:00:00,POS,378.07,90,0.297,0.549
10487,TXN102087,2025-06-05 18:00:00,Contactless,684.44,124,0.594,0.251
10878,TXN102088,2025-06-06 00:00:00,ATM,417.76,117,0.657,0.879
10679,TXN102089,2025-06-06 06:00:00,Contactless,241.73,11,0.893,0.87
11184,TXN102090,2025-06-06 12:00:00,Online,808.01,23,0.718,0.636
10014,TXN102091,2025-06-06 18:00:00,Online,835.97,23,1.127,0.708
11004,TXN102092,2025-06-07 00:00:00,POS,130.84,53,1.111,0.573
10705,TXN102093,2025-06-07 06:00:00,POS,112.33,49,1.221,0.359
10155,TXN102094,2025-06-07 12:00:00,ATM,674.14,43,0.679,0.335
10101,TXN102095,2025-06-07 18:00:00,ATM,149.31,74,0.571,0.541
10572,TXN102096,2025-06-08 00:00:00,Contactless,217.69,27,0.271,0.59
11067,TXN102097,2025-06-08 06:00:00,Online,680.14,121,1.208,1.024
11217,TXN102098,2025-06-08 12:00:00,ATM,577.63,43,0.346,0.887
11335,TXN102099,2025-06-08 18:00:00,POS,401.53,96,0.435,1.131
10621,TXN102100,2025-06-09 00:00:00,POS,350.79,89,0.829,0.893
11015,TXN102101,2025-06-09 06:00:00,POS,283.74,133,0.642,0.256
10465,TXN102102,2025-06-09 12:00:00,Contactless,174.53,71,1.257,0.284
11187,TXN102103,2025-06-09 18:00:00,POS,573.85,137,0.481,0.403
10351,TXN102104,2025-06-10 00:00:00,Online,333.32,79,0.76,0.601
10234,TXN102105,2025-06-10 06:00:00,POS,423.13,57,0.102,0.483
10403,TXN102106,2025-06-10 12:00:00,Contactless,229.29,89,1.181,0.894
10351,TXN102107,2025-06-10 18:00:00,ATM,117.2,48,0.163,1.03
11191,TXN102108,2025-06-11 00:00:00,Online,204.22,79,1.621,0.362
11172,TXN102109,2025-06-11 06:00:00,ATM,211.14,89,0.709,0.24
10028,TXN102110,2025-06-11 12:00:00,Online,716.53,18,0.649,1.16
10259,TXN102111,2025-06-11 18:00:00,Online,835.85,38,0.739,0.765
10620,TXN102112,2025-06-12 00:00:00,POS,162.04,127,0.374,0.55
11466,TXN102113,2025-06-12 06:00:00,POS,560.69,71,0.98,1.143
10876,TXN102114,2025-06-12 12:00:00,Online,122.56,151,0.607,1.049
11235,TXN102115,2025-06-12 18:00:00,ATM,295.28,52,0.641,0.534
10543,TXN102116,2025-06-13 00:00:00,ATM,1225.29,97,1.2,0.944
11469,TXN102117,2025-06-13 06:00:00,POS,343.29,17,0.148,1.023
10453,TXN102118,2025-06-13 12:00:00,Online,765.22,34,0.681,0.935
10697,TXN102119,2025-06-13 18:00:00,Online,338.65,141,0.712,1.055
10404,TXN102120,2025-06-14 00:00:00,Online,508.63,24,0.798,0.434
11019,TXN102121,2025-06-14 06:00:00,Online,306.49,25,0.555,0.707
11090,TXN102122,2025-06-14 12:00:00,Contactless,377.03,63,0.638,1.161
11429,TXN102123,2025-06-14 18:00:00,POS,1372.71,136,1.397,0.591
10883,TXN102124,2025-06-15 00:00:00,Online,1015.79,20,0.925,0.519
10575,TXN102125,2025-06-15 06:00:00,Online,366.1,37,0.477,0.731
11459,TXN102126,2025-06-15 12:00:00,Contactless,593.57,16,0.978,0.257
11252,TXN102127,2025-06-15 18:00:00,POS,869.3,123,0.766,0.791
11500,TXN102128,2025-06-16 00:00:00,POS,865.52,137,1.01,0.234
11492,TXN102129,2025-06-16 06:00:00,POS,597.08,47,0.679,1.055
11125,TXN102130,2025-06-16 12:00:00,Online,54.66,77,0.467,0.246
10423,TXN102131,2025-06-16 18:00:00,Contactless,1266.48,46,0.166,0.938
11380,TXN102132,2025-06-17 00:00:00,Online,835.24,129,1.153,0.496
11163,TXN102133,2025-06-17 06:00:00,ATM,409.59,44,0.989,0.404
11155,TXN102134,2025-06-17 12:00:00,Online,522.42,143,0.875,0.707
10549,TXN102135,2025-06-17 18:00:00,POS,830.46,119,0.977,0.784
10468,TXN102136,2025-06-18 00:00:00,Contactless,1051.13,125,1.183,0.726
10111,TXN102137,2025-06-18 06:00:00,ATM,368.97,119,0.161,0.795
10153,TXN102138,2025-06-18 12:00:00,Online,269.17,111,0.779,0.893
10917,TXN102139,2025-06-18 18:00:00,POS,391.28,108,0.116,0.137
10762,TXN102140,2025-06-19 00:00:00,Online,690.88,151,0.612,0.738
11266,TXN102141,2025-06-19 06:00:00,Contactless,340.29,156,0.865,0.318
10720,TXN102142,2025-06-19 12:00:00,ATM,117.5,148,0.627,0.345
10880,TXN102143,2025-06-19 18:00:00,POS,534.93,80,1.367,0.392
10682,TXN102144,2025-06-20 00:00:00,Online,694.45,97,0.648,0.148
10769,TXN102145,2025-06-20 06:00:00,Online,578.1,97,0.48,0.697
10279,TXN102146,2025-06-20 12:00:00,ATM,587.52,87,0.761,0.205
10363,TXN102147,2025-06-20 18:00:00,POS,774.74,20,0.387,0.813
11432,TXN102148,2025-06-21 00:00:00,Online,902.19,136,0.443,1.125
11199,TXN102149,2025-06-21 06:00:00,Contactless,693.16,88,1.078,1.138
10601,TXN102150,2025-06-21 12:00:00,Online,589.24,83,1.097,0.395
11159,TXN102151,2025-06-21 18:00:00,Online,626.97,26,0.805,0.368
10294,TXN102152,2025-06-22 00:00:00,Online,156.45,147,0.964,0.919
10871,TXN102153,2025-06-22 06:00:00,Online,223.39,15,1.481,0.716
11443,TXN102154,2025-06-22 12:00:00,POS,1855.49,157,0.73,0.679
11230,TXN102155,2025-06-22 18:00:00,POS,923.53,10,0.447,0.334
11342,TXN102156,2025-06-23 00:00:00,Online,417.71,73,0.938,0.734
10073,TXN102157,2025-06-23 06:00:00,Online,633.78,10,1.042,0.942
10259,TXN102158,2025-06-23 12:00:00,Online,299.95,110,1.077,0.484
11382,TXN102159,2025-06-23 18:00:00,Online,667.62,10,1.15,0.83
11172,TXN102160,2025-06-24 00:00:00,Online,851.71,118,1.098,0.745
11249,TXN102161,2025-06-24 06:00:00,Online,1031.69,69,0.932,0.517
11129,TXN102162,2025-06-24 12:00:00,Online,564.07,52,0.973,0.686
10356,TXN102163,2025-06-24 18:00:00,ATM,153.06,47,0.894,0.407
11285,TXN102164,2025-06-25 00:00:00,Online,914.11,116,0.194,0.94
10571,TXN102165,2025-06-25 06:00:00,POS,625.5,11,0.149,0.412
10573,TXN102166,2025-06-25 12:00:00,Online,240.22,91,0.381,0.533
10817,TXN102167,2025-06-25 18:00:00,POS,227.57,149,1.037,0.953
11094,TXN102168,2025-06-26 00:00:00,ATM,986.72,120,0.597,0.553
11471,TXN102169,2025-06-26 06:00:00,POS,291.84,18,0.798,0.438
10447,TXN102170,2025-06-26 12:00:00,Online,666.34,145,1.297,0.751
10783,TXN102171,2025-06-26 18:00:00,Online,1018.96,89,1.129,1.203
11281,TXN102172,2025-06-27 00:00:00,ATM,517.85,71,-0.011,1.026
10909,TXN102173,2025-06-27 06:00:00,POS,658.26,32,1.006,0.871
10944,TXN102174,2025-06-27 12:00:00,Online,329.42,102,0.77,0.978
10896,TXN102175,2025-06-27 18:00:00,Contactless,681.34,68,0.52,0.845
10930,TXN102176,2025-06-28 00:00:00,POS,468.69,19,0.635,0.764
10637,TXN102177,2025-06-28 06:00:00,ATM,172.52,149,0.64,0.956
10926,TXN102178,2025-06-28 12:00:00,Online,81.15,134,0.291,0.797
10531,TXN102179,2025-06-28 18:00:00,Online,762.81,125,0.836,0.685
10119,TXN102180,2025-06-29 00:00:00,POS,902.43,83,1.512,0.752
10066,TXN102181,2025-06-29 06:00:00,POS,396.6,50,1.106,0.793
10245,TXN102182,2025-06-29 12:00:00,Online,209.01,112,0.041,0.786
10057,TXN102183,2025-06-29 18:00:00,POS,408.54,16,0.852,0.802
11068,TXN102184,2025-06-30 00:00:00,POS,970.2,103,0.852,0.424
10524,TXN102185,2025-06-30 06:00:00,Online,451.87,125,0.402,0.642
10424,TXN102186,2025-06-30 12:00:00,POS,552.04,114,0.326,0.345
10395,TXN102187,2025-06-30 18:00:00,POS,424.94,61,1.064,0.774
10450,TXN102188,2025-07-01 00:00:00,POS,303.83,54,0.787,0.796
11281,TXN102189,2025-07-01 06:00:00,Online,498.76,47,0.583,1.069
10954,TXN102190,2025-07-01 12:00:00,POS,650.41,90,0.961,0.784
11385,TXN102191,2025-07-01 18:00:00,Online,561.8,94,1.491,0.596
10763,TXN102192,2025-07-02 00:00:00,ATM,1378.31,67,0.84,0.582
11404,TXN102193,2025-07-02 06:00:00,POS,689.81,55,0.852,0.881
10443,TXN102194,2025-07-02 12:00:00,POS,914.87,132,0.742,0.509
10967,TXN102195,2025-07-02 18:00:00,Contactless,311.43,155,0.613,0.743
10892,TXN102196,2025-07-03 00:00:00,Online,406.82,139,1.037,0.967
10534,TXN102197,2025-07-03 06:00:00,POS,243.78,113,0.683,1.267
11498,TXN102198,2025-07-03 12:00:00,POS,445.65,121,0.925,1.024
10157,TXN102199,2025-07-03 18:00:00,Contactless,260.9,141,1.275,0.553
10089,TXN102200,2025-07-04 00:00:00,ATM,1241.26,105,1.011,0.491
10202,TXN102201,2025-07-04 06:00:00,ATM,347.01,92,0.304,0.876
10980,TXN102202,2025-07-04 12:00:00,Online,631.62,58,0.284,0.64
10462,TXN102203,2025-07-04 18:00:00,Online,59.85,126,1.189,0.286
10709,TXN102204,2025-07-05 00:00:00,Online,1434.91,144,0.711,1.426
10454,TXN102205,2025-07-05 06:00:00,POS,338.79,18,0.841,0.748
11494,TXN102206,2025-07-05 12:00:00,POS,608.61,36,0.473,1.05
10380,TXN102207,2025-07-05 18:00:00,Online,457.79,158,0.966,0.607
10401,TXN102208,2025-07-06 00:00:00,POS,277.35,44,1.411,0.691
11103,TXN102209,2025-07-06 06:00:00,ATM,492.71,97,0.803,0.742
10551,TXN102210,2025-07-06 12:00:00,Online,258.73,102,0.977,0.624
10936,TXN102211,2025-07-06 18:00:00,Contactless,1042.42,76,1.186,0.487
11013,TXN102212,2025-07-07 00:00:00,Online,293.25,52,1.338,1.315
11410,TXN102213,2025-07-07 06:00:00,Online,219.83,17,0.512,0.799
10978,TXN102214,2025-07-07 12:00:00,ATM,574.5,130,0.895,0.258
10661,TXN102215,2025-07-07 18:00:00,POS,1213.3,87,1.196,0.728
11367,TXN102216,2025-07-08 00:00:00,Contactless,220.86,45,1.294,0.297
10903,TXN102217,2025-07-08 06:00:00,POS,323.06,136,0.602,0.463
10445,TXN102218,2025-07-08 12:00:00,Contactless,377.72,57,0.515,0.73
10052,TXN102219,2025-07-08 18:00:00,Online,1281.14,144,0.696,0.851
11275,TXN102220,2025-07-09 00:00:00,POS,637.14,83,0.638,-0.006
10329,TXN102221,2025-07-09 06:00:00,Contactless,67.04,149,0.652,1.18
11374,TXN102222,2025-07-09 12:00:00,POS,525.46,64,0.894,0.516
10770,TXN102223,2025-07-09 18:00:00,Online,586.01,32,0.561,0.637
11483,TXN102224,2025-07-10 00:00:00,Online,198.55,22,1.296,1.129
10498,TXN102225,2025-07-10 06:00:00,Contactless,260.32,62,0.608,1.179
10125,TXN102226,2025-07-10 12:00:00,POS,500.32,72,0.54,0.527
10204,TXN102227,2025-07-10 18:00:00,POS,510.36,83,0.341,0.998
10768,TXN102228,2025-07-11 00:00:00,ATM,291.37,60,1.19,0.744
10643,TXN102229,2025-07-11 06:00:00,ATM,229.08,16,0.297,1.443
11045,TXN102230,2025-07-11 12:00:00,POS,175.23,128,0.91,0.511
10590,TXN102231,2025-07-11 18:00:00,Contactless,604.14,59,0.993,1.162
10362,TXN102232,2025-07-12 00:00:00,POS,607.0,96,-0.271,0.536
10361,TXN102233,2025-07-12 06:00:00,POS,56.83,53,0.292,0.399
11140,TXN102234,2025-07-12 12:00:00,Online,688.36,45,0.618,0.615
10055,TXN102235,2025-07-12 18:00:00,Online,408.6,106,1.413,0.241
10292,TXN102236,2025-07-13 00:00:00,Contactless,290.67,112,0.618,0.439
11075,TXN102237,2025-07-13 06:00:00,Online,644.34,134,0.574,0.61
10842,TXN102238,2025-07-13 12:00:00,Online,197.29,16,0.488,0.629
10785,TXN102239,2025-07-13 18:00:00,POS,56.67,103,0.482,0.957
10254,TXN102240,2025-07-14 00:00:00,POS,485.95,130,0.528,0.93
10492,TXN102241,2025-07-14 06:00:00,Online,711.71,118,0.515,0.69
10985,TXN102242,2025-07-14 12:00:00,ATM,829.7,46,0.5,0.214
10573,TXN102243,2025-07-14 18:00:00,POS,645.82,30,0.499,0.102
10859,TXN102244,2025-07-15 00:00:00,Contactless,351.18,107,0.617,0.552
10993,TXN102245,2025-07-15 06:00:00,POS,113.63,55,1.083,0.466
10961,TXN102246,2025-07-15 12:00:00,,1846.21,30,0.358,0.534
10225,TXN102247,2025-07-15 18:00:00,POS,106.68,107,0.524,1.154
11493,TXN102248,2025-07-16 00:00:00,Online,293.64,81,0.568,0.53
10103,TXN102249,2025-07-16 06:00:00,Online,875.82,105,0.75,0.458
10970,TXN102250,2025-07-16 12:00:00,Online,250.59,61,0.483,0.699
11072,TXN102251,2025-07-16 18:00:00,Contactless,230.73,38,1.476,0.554
10737,TXN102252,2025-07-17 00:00:00,Contactless,89.08,78,0.954,0.867
11366,TXN102253,2025-07-17 06:00:00,POS,752.93,36,1.091,0.769
10233,TXN102254,2025-07-17 12:00:00,Online,1254.55,120,0.834,1.219
10228,TXN102255,2025-07-17 18:00:00,Online,194.74,147,1.242,0.618
11007,TXN102256,2025-07-18 00:00:00,Online,110.51,45,0.35,1.241
10522,TXN102257,2025-07-18 06:00:00,Contactless,431.78,104,0.555,0.895
10013,TXN102258,2025-07-18 12:00:00,POS,271.91,25,0.464,0.849
10445,TXN102259,2025-07-18 18:00:00,ATM,418.34,99,0.69,0.143
10340,TXN102260,2025-07-19 00:00:00,POS,164.36,117,1.304,0.101
11348,TXN102261,2025-07-19 06:00:00,POS,239.13,93,1.52,0.249
10598,TXN102262,2025-07-19 12:00:00,POS,1283.21,77,1.084,0.76
10157,TXN102263,2025-07-19 18:00:00,Online,103.55,68,0.716,0.911
10656,TXN102264,2025-07-20 00:00:00,POS,345.53,40,1.142,0.85
11003,TXN102265,2025-07-20 06:00:00,Contactless,306.63,75,1.269,0.711
11455,TXN102266,2025-07-20 12:00:00,POS,723.05,98,1.162,0.953
11431,TXN102267,2025-07-20 18:00:00,POS,414.34,12,0.703,1.034
11182,TXN102268,2025-07-21 00:00:00,POS,187.55,116,0.713,0.614
11209,TXN102269,2025-07-21 06:00:00,POS,456.04,78,0.52,0.856
10798,TXN102270,2025-07-21 12:00:00,POS,272.37,31,0.664,0.808
10491,TXN102271,2025-07-21 18:00:00,Online,1020.32,89,0.47,0.926
10835,TXN102272,2025-07-22 00:00:00,Contactless,459.94,62,0.727,0.792
10952,TXN102273,2025-07-22 06:00:00,Online,224.98,85,0.742,0.774
10357,TXN102274,2025-07-22 12:00:00,POS,132.57,51,0.448,0.531
10717,TXN102275,2025-07-22 18:00:00,Online,576.17,13,1.69,0.758
10362,TXN102276,2025-07-23 00:00:00,Online,358.72,122,0.854,0.605
11248,TXN102277,2025-07-23 06:00:00,POS,707.34,51,1.202,0.401
11228,TXN102278,2025-07-23 12:00:00,Contactless,75.6,106,1.17,0.784
10008,TXN102279,2025-07-23 18:00:00,ATM,379.08,135,1.43,0.414
10472,TXN102280,2025-07-24 00:00:00,Online,139.13,12,0.433,0.688
10172,TXN102281,2025-07-24 06:00:00,POS,343.7,90,0.559,0.597
10096,TXN102282,2025-07-24 12:00:00,Online,109.01,148,0.115,0.543
10674,TXN102283,2025-07-24 18:00:00,POS,311.68,90,0.184,1.093
10608,TXN102284,2025-07-25 00:00:00,Online,743.36,114,0.397,1.159
11330,TXN102285,2025-07-25 06:00:00,ATM,887.02,133,0.697,0.617
11282,TXN102286,2025-07-25 12:00:00,Online,327.53,108,0.717,0.979
10474,TXN102287,2025-07-25 18:00:00,Online,1053.49,15,1.861,0.257
11324,TXN102288,2025-07-26 00:00:00,Contactless,224.39,41,0.926,0.369
11489,TXN102289,2025-07-26 06:00:00,Contactless,127.58,20,1.09,0.683
10614,TXN102290,2025-07-26 12:00:00,Online,1162.34,52,0.8,0.401
10689,TXN102291,2025-07-26 18:00:00,Online,753.26,48,0.291,0.805
10898,TXN102292,2025-07-27 00:00:00,ATM,321.66,150,0.854,0.781
11352,TXN102293,2025-07-27 06:00:00,POS,315.73,22,0.185,0.687
10110,TXN102294,2025-07-27 12:00:00,Contactless,760.48,48,0.687,1.363
10710,TXN102295,2025-07-27 18:00:00,POS,289.86,77,0.977,0.803
11153,TXN102296,2025-07-28 00:00:00,Online,247.54,113,0.544,0.861
10965,TXN102297,2025-07-28 06:00:00,Online,572.18,74,0.818,0.836
10871,TXN102298,2025-07-28 12:00:00,POS,248.66,122,0.539,0.448
11161,TXN102299,2025-07-28 18:00:00,ATM,1303.41,16,0.363,1.246
10649,TXN102300,2025-07-29 00:00:00,ATM,441.26,12,0.921,0.307
11188,TXN102301,2025-07-29 06:00:00,Contactless,302.89,95,1.116,0.78
10349,TXN102302,2025-07-29 12:00:00,Online,121.13,58,1.115,0.908
10463,TXN102303,2025-07-29 18:00:00,ATM,492.36,67,0.666,0.975
10885,TXN102304,2025-07-30 00:00:00,ATM,413.48,37,-0.012,0.613
11175,TXN102305,2025-07-30 06:00:00,ATM,520.36,124,0.781,0.908
10246,TXN102306,2025-07-30 12:00:00,POS,944.36,31,1.194,0.406
11134,TXN102307,2025-07-30 18:00:00,POS,539.93,103,0.29,1.168
10798,TXN102308,2025-07-31 00:00:00,POS,320.33,110,1.373,0.654
11299,TXN102309,2025-07-31 06:00:00,POS,30.52,80,0.029,0.561
10870,TXN102310,2025-07-31 12:00:00,Online,1196.23,123,0.889,0.521
11091,TXN102311,2025-07-31 18:00:00,POS,737.52,22,1.04,0.783
11074,TXN102312,2025-08-01 00:00:00,ATM,632.89,159,1.264,0.258
10816,TXN102313,2025-08-01 06:00:00,Online,389.96,14,0.911,0.948
10515,TXN102314,2025-08-01 12:00:00,POS,410.59,31,0.636,0.533
10226,TXN102315,2025-08-01 18:00:00,POS,223.81,136,0.809,1.065
10578,TXN102316,2025-08-02 00:00:00,ATM,441.42,62,0.511,0.352
10506,TXN102317,2025-08-02 06:00:00,POS,419.04,48,0.054,0.737
10155,TXN102318,2025-08-02 12:00:00,,559.4,46,0.665,0.855
10111,TXN102319,2025-08-02 18:00:00,POS,544.83,40,0.922,0.885
10483,TXN102320,2025-08-03 00:00:00,Online,241.32,71,1.109,0.555
10808,TXN102321,2025-08-03 06:00:00,Online,297.52,112,0.58,0.354
10274,TXN102322,2025-08-03 12:00:00,Online,478.76,90,1.267,0.572
10155,TXN102323,2025-08-03 18:00:00,Online,940.87,136,0.691,1.027
11191,TXN102324,2025-08-04 00:00:00,POS,63.39,15,0.917,1.286
11043,TXN102325,2025-08-04 06:00:00,Contactless,635.33,114,1.011,0.246
10345,TXN102326,2025-08-04 12:00:00,Online,568.31,90,0.769,0.493
10735,TXN102327,2025-08-04 18:00:00,Contactless,759.26,96,0.718,0.215
10569,TXN102328,2025-08-05 00:00:00,POS,448.47,61,1.295,0.546
10294,TXN102329,2025-08-05 06:00:00,Online,253.35,22,0.155,0.521
10645,TXN102330,2025-08-05 12:00:00,Online,343.21,62,0.765,0.365
11486,TXN102331,2025-08-05 18:00:00,ATM,478.45,157,0.108,1.166
10338,TXN102332,2025-08-06 00:00:00,POS,94.32,143,0.121,1.021
10452,TXN102333,2025-08-06 06:00:00,Online,549.44,64,0.731,0.768
10344,TXN102334,2025-08-06 12:00:00,Online,502.93,68,0.566,0.669
10717,TXN102335,2025-08-06 18:00:00,Contactless,611.2,156,1.478,0.95
10631,TXN102336,2025-08-07 00:00:00,Online,329.41,107,0.661,0.42
10765,TXN102337,2025-08-07 06:00:00,ATM,1205.07,150,1.147,0.767
10085,TXN102338,2025-08-07 12:00:00,Online,20.0,83,0.768,0.531
10737,TXN102339,2025-08-07 18:00:00,POS,571.16,70,0.329,1.356
10660,TXN102340,2025-08-08 00:00:00,POS,672.37,54,0.133,0.32
11413,TXN102341,2025-08-08 06:00:00,POS,398.51,144,0.273,0.624
10227,TXN102342,2025-08-08 12:00:00,Online,354.69,95,0.865,0.338
11310,TXN102343,2025-08-08 18:00:00,Online,928.7,23,1.309,0.911
11308,TXN102344,2025-08-09 00:00:00,ATM,759.85,45,0.43,0.91
10109,TXN102345,2025-08-09 06:00:00,Online,287.71,17,1.043,0.505
10135,TXN102346,2025-08-09 12:00:00,POS,191.76,21,0.686,0.352
10938,TXN102347,2025-08-09 18:00:00,ATM,655.71,115,0.377,0.592
10291,TXN102348,2025-08-10 00:00:00,ATM,468.68,151,0.874,0.505
10822,TXN102349,2025-08-10 06:00:00,Online,1007.18,60,1.307,0.718
11053,TXN102350,2025-08-10 12:00:00,POS,101.44,14,0.724,1.154
10394,TXN102351,2025-08-10 18:00:00,POS,48.58,10,1.04,0.885
10027,TXN102352,2025-08-11 00:00:00,Online,341.61,113,0.858,0.913
11491,TXN102353,2025-08-11 06:00:00,POS,910.09,114,0.859,0.699
10013,TXN102354,2025-08-11 12:00:00,Online,495.34,110,0.469,1.44
10554,TXN102355,2025-08-11 18:00:00,POS,271.19,137,0.922,0.733
10933,TXN102356,2025-08-12 00:00:00,ATM,553.44,106,0.238,0.903
10445,TXN102357,2025-08-12 06:00:00,Contactless,672.02,58,0.876,1.008
10224,TXN102358,2025-08-12 12:00:00,ATM,566.39,154,1.23,0.686
11487,TXN102359,2025-08-12 18:00:00,POS,1234.21,104,1.381,0.758
10021,TXN102360,2025-08-13 00:00:00,Contactless,860.55,44,0.385,0.54
11411,TXN102361,2025-08-13 06:00:00,POS,955.99,22,0.905,0.705
11350,TXN102362,2025-08-13 12:00:00,POS,144.15,125,0.503,1.11
10467,TXN102363,2025-08-13 18:00:00,Contactless,169.72,47,0.799,1.026
11249,TXN102364,2025-08-14 00:00:00,Online,718.61,87,1.423,0.893
10653,TXN102365,2025-08-14 06:00:00,Online,665.33,143,1.057,0.955
11499,TXN102366,2025-08-14 12:00:00,ATM,140.01,72,0.522,0.69
10618,TXN102367,2025-08-14 18:00:00,Contactless,412.85,18,0.502,0.965
10780,TXN102368,2025-08-15 00:00:00,Online,446.44,32,0.756,0.657
10458,TXN102369,2025-08-15 06:00:00,ATM,457.93,88,0.78,0.243
10640,TXN102370,2025-08-15 12:00:00,POS,1555.94,127,0.797,1.213
11237,TXN102371,2025-08-15 18:00:00,ATM,1178.04,68,0.229,0.643
10663,TXN102372,2025-08-16 00:00:00,Online,192.71,123,1.45,0.995
10961,TXN102373,2025-08-16 06:00:00,Contactless,806.48,144,1.484,0.598
10180,TXN102374,2025-08-16 12:00:00,Contactless,181.18,56,0.918,-0.053
10538,TXN102375,2025-08-16 18:00:00,POS,603.08,98,0.445,0.68
10527,TXN102376,2025-08-17 00:00:00,Contactless,644.69,96,0.531,0.184
10022,TXN102377,2025-08-17 06:00:00,Contactless,211.46,84,0.42,0.912
11369,TXN102378,2025-08-17 12:00:00,POS,230.5,145,0.389,0.636
10577,TXN102379,2025-08-17 18:00:00,Contactless,604.34,45,0.528,1.041
10763,TXN102380,2025-08-18 00:00:00,Contactless,877.26,48,0.898,0.765
10922,TXN102381,2025-08-18 06:00:00,Online,715.6,74,0.795,0.412
11045,TXN102382,2025-08-18 12:00:00,Online,452.51,53,1.283,0.888
10745,TXN102383,2025-08-18 18:00:00,Online,378.27,86,0.217,0.263
11432,TXN102384,2025-08-19 00:00:00,POS,240.71,89,0.442,0.614
11440,TXN102385,2025-08-19 06:00:00,Online,421.99,150,0.05,0.178
11296,TXN102386,2025-08-19 12:00:00,Online,92.01,46,0.801,0.798
11229,TXN102387,2025-08-19 18:00:00,Contactless,68.8,23,1.31,0.769
11322,TXN102388,2025-08-20 00:00:00,ATM,315.64,131,0.585,0.735
10672,TXN102389,2025-08-20 06:00:00,Contactless,439.36,150,1.228,0.438
11132,TXN102390,2025-08-20 12:00:00,Contactless,939.57,149,0.993,1.079
10637,TXN102391,2025-08-20 18:00:00,POS,647.51,64,1.053,0.954
11024,TXN102392,2025-08-21 00:00:00,POS,193.16,31,0.955,0.766
10152,TXN102393,2025-08-21 06:00:00,Online,745.56,93,1.381,0.537
10013,TXN102394,2025-08-21 12:00:00,POS,188.19,156,0.68,0.602
10715,TXN102395,2025-08-21 18:00:00,Online,320.65,99,0.99,0.696
11103,TXN102396,2025-08-22 00:00:00,Online,241.65,24,1.396,0.392
10906,TXN102397,2025-08-22 06:00:00,Online,339.71,39,0.392,0.939
11193,TXN102398,2025-08-22 12:00:00,POS,1442.34,38,0.675,1.053
10249,TXN102399,2025-08-22 18:00:00,Contactless,492.28,126,0.951,1.179
11145,TXN102400,2025-08-23 00:00:00,Online,1737.51,117,0.449,0.604
10387,TXN102401,2025-08-23 06:00:00,POS,136.74,124,0.435,1.086
10439,TXN102402,2025-08-23 12:00:00,POS,149.13,25,1.46,1.103
11296,TXN102403,2025-08-23 18:00:00,POS,781.1,91,0.466,0.523
10300,TXN102404,2025-08-24 00:00:00,Contactless,438.53,37,0.622,0.419
10721,TXN102405,2025-08-24 06:00:00,Online,210.61,71,0.826,1.004
10473,TXN102406,2025-08-24 12:00:00,Online,451.53,65,0.9,0.546
11182,TXN102407,2025-08-24 18:00:00,POS,95.55,84,0.559,0.495
11007,TXN102408,2025-08-25 00:00:00,POS,390.82,26,0.677,0.929
10633,TXN102409,2025-08-25 06:00:00,Online,86.39,30,0.399,0.312
11251,TXN102410,2025-08-25 12:00:00,Online,435.56,124,0.556,0.575
10421,TXN102411,2025-08-25 18:00:00,ATM,198.65,38,0.993,0.178
10956,TXN102412,2025-08-26 00:00:00,Online,224.3,77,1.067,0.465
10973,TXN102413,2025-08-26 06:00:00,POS,1076.1,20,1.106,0.516
10024,TXN102414,2025-08-26 12:00:00,Contactless,368.15,91,0.748,0.49
10538,TXN102415,2025-08-26 18:00:00,POS,171.68,137,0.681,0.58
10777,TXN102416,2025-08-27 00:00:00,POS,983.4,126,0.292,0.125
10638,TXN102417,2025-08-27 06:00:00,POS,185.94,105,0.625,0.418
10540,TXN102418,2025-08-27 12:00:00,POS,289.33,83,0.811,1.077
10903,TXN102419,2025-08-27 18:00:00,ATM,240.32,117,1.131,0.783
11152,TXN102420,2025-08-28 00:00:00,ATM,434.98,147,0.073,0.557
11118,TXN102421,2025-08-28 06:00:00,POS,1129.32,69,0.632,0.516
10421,TXN102422,2025-08-28 12:00:00,ATM,914.5,35,-0.043,0.914
11296,TXN102423,2025-08-28 18:00:00,Online,157.84,115,0.189,0.724
10484,TXN102424,2025-08-29 00:00:00,Online,485.09,34,1.211,0.386
11029,TXN102425,2025-08-29 06:00:00,ATM,345.63,11,0.294,0.551
10157,TXN102426,2025-08-29 12:00:00,Online,289.35,99,0.788,0.354
10052,TXN102427,2025-08-29 18:00:00,Contactless,1156.75,93,1.109,0.506
10243,TXN102428,2025-08-30 00:00:00,POS,1033.89,12,0.586,0.892
10774,TXN102429,2025-08-30 06:00:00,POS,429.85,41,0.322,0.864
10420,TXN102430,2025-08-30 12:00:00,ATM,364.52,10,0.792,0.988
10425,TXN102431,2025-08-30 18:00:00,ATM,606.29,33,1.296,0.74
10080,TXN102432,2025-08-31 00:00:00,ATM,439.13,59,1.097,0.277
10695,TXN102433,2025-08-31 06:00:00,POS,1064.47,53,0.663,0.351
10354,TXN102434,2025-08-31 12:00:00,POS,516.42,42,0.555,0.833
10293,TXN102435,2025-08-31 18:00:00,Contactless,1908.66,47,1.155,0.728
10717,TXN102436,2025-09-01 00:00:00,Contactless,434.0,121,0.238,0.375
11140,TXN102437,2025-09-01 06:00:00,Online,378.17,61,1.078,0.604
10529,TXN102438,2025-09-01 12:00:00,ATM,198.45,44,0.564,1.232
10480,TXN102439,2025-09-01 18:00:00,Contactless,353.93,26,0.229,0.961
11312,TXN102440,2025-09-02 00:00:00,POS,180.29,67,0.132,1.12
10477,TXN102441,2025-09-02 06:00:00,POS,182.14,57,1.322,0.37
10025,TXN102442,2025-09-02 12:00:00,POS,453.96,52,0.68,1.168
10431,TXN102443,2025-09-02 18:00:00,Online,722.47,57,0.437,0.554
11302,TXN102444,2025-09-03 00:00:00,Online,419.8,53,0.735,1.14
10317,TXN102445,2025-09-03 06:00:00,ATM,719.73,42,0.55,0.8
10638,TXN102446,2025-09-03 12:00:00,POS,703.07,96,0.562,0.876
10358,TXN102447,2025-09-03 18:00:00,Online,449.66,92,0.576,0.895
11300,TXN102448,2025-09-04 00:00:00,POS,280.68,139,0.753,0.728
10690,TXN102449,2025-09-04 06:00:00,Online,816.34,147,1.015,0.863
10344,TXN102450,2025-09-04 12:00:00,Contactless,439.87,92,0.215,0.415
11455,TXN102451,2025-09-04 18:00:00,POS,476.74,145,1.223,0.664
10559,TXN102452,2025-09-05 00:00:00,POS,1054.26,116,0.419,0.919
10712,TXN102453,2025-09-05 06:00:00,Online,114.38,118,0.84,0.73
10563,TXN102454,2025-09-05 12:00:00,ATM,1072.51,101,0.73,0.602
10439,TXN102455,2025-09-05 18:00:00,Contactless,1043.42,72,0.468,0.765
11486,TXN102456,2025-09-06 00:00:00,ATM,381.42,86,1.147,0.318
11294,TXN102457,2025-09-06 06:00:00,POS,441.82,46,0.472,0.993
11455,TXN102458,2025-09-06 12:00:00,ATM,539.11,21,1.247,0.118
11045,TXN102459,2025-09-06 18:00:00,Online,61.38,83,0.984,0.693
10143,TXN102460,2025-09-07 00:00:00,Online,861.17,124,0.488,0.913
10868,TXN102461,2025-09-07 06:00:00,POS,236.65,90,0.331,0.723
10353,TXN102462,2025-09-07 12:00:00,Online,330.16,24,1.123,0.569
11489,TXN102463,2025-09-07 18:00:00,Online,1303.6,89,0.351,1.008
11017,TXN102464,2025-09-08 00:00:00,POS,473.68,93,0.703,0.507
10468,TXN102465,2025-09-08 06:00:00,POS,753.96,128,0.994,1.172
11488,TXN102466,2025-09-08 12:00:00,Contactless,1001.78,19,0.912,0.641
10877,TXN102467,2025-09-08 18:00:00,Online,214.02,51,0.679,0.631
11418,TXN102468,2025-09-09 00:00:00,Contactless,183.35,58,0.495,0.904
10919,TXN102469,2025-09-09 06:00:00,POS,1152.41,26,1.003,0.613
11082,TXN102470,2025-09-09 12:00:00,POS,518.35,114,0.092,0.727
11150,TXN102471,2025-09-09 18:00:00,Online,710.1,66,0.841,0.86
10841,TXN102472,2025-09-10 00:00:00,POS,754.83,95,0.296,0.357
10878,TXN102473,2025-09-10 06:00:00,Contactless,523.56,141,0.443,0.872
11485,TXN102474,2025-09-10 12:00:00,ATM,342.57,78,0.879,0.226
10052,TXN102475,2025-09-10 18:00:00,Online,951.72,104,0.488,0.696
11012,TXN102476,2025-09-11 00:00:00,POS,292.52,92,1.155,0.6
10814,TXN102477,2025-09-11 06:00:00,POS,759.04,59,0.997,0.333
10269,TXN102478,2025-09-11 12:00:00,Online,1155.15,135,0.506,1.174
10096,TXN102479,2025-09-11 18:00:00,Contactless,284.4,76,0.671,0.747
10273,TXN102480,2025-09-12 00:00:00,POS,1945.49,97,0.364,0.517
11347,TXN102481,2025-09-12 06:00:00,POS,194.09,137,0.916,0.74
10133,TXN102482,2025-09-12 12:00:00,Online,388.83,122,1.299,1.396
10928,TXN102483,2025-09-12 18:00:00,Online,381.53,114,0.332,0.421
10089,TXN102484,2025-09-13 00:00:00,Contactless,607.41,124,0.816,0.884
10685,TXN102485,2025-09-13 06:00:00,Online,226.94,72,0.863,0.444
10824,TXN102486,2025-09-13 12:00:00,POS,641.4,35,0.312,0.835
10005,TXN102487,2025-09-13 18:00:00,ATM,980.13,137,0.397,0.515
10357,TXN102488,2025-09-14 00:00:00,Online,402.93,10,0.117,0.654
11367,TXN102489,2025-09-14 06:00:00,POS,267.63,103,0.946,0.744
10204,TXN102490,2025-09-14 12:00:00,POS,113.03,124,0.624,1.07
10471,TXN102491,2025-09-14 18:00:00,Contactless,536.57,155,0.496,0.287
10464,TXN102492,2025-09-15 00:00:00,ATM,813.12,21,1.473,1.176
10497,TXN102493,2025-09-15 06:00:00,Contactless,135.05,51,0.119,0.163
10702,TXN102494,2025-09-15 12:00:00,POS,142.52,25,1.2,0.792
10837,TXN102495,2025-09-15 18:00:00,Online,772.83,76,-0.004,0.717
10063,TXN102496,2025-09-16 00:00:00,Online,582.31,108,0.568,0.663
10239,TXN102497,2025-09-16 06:00:00,ATM,225.46,68,0.156,0.71
10540,TXN102498,2025-09-16 12:00:00,POS,455.66,47,0.463,0.846
10198,TXN102499,2025-09-16 18:00:00,POS,373.76,153,0.561,0.829
10781,TXN102500,2025-09-17 00:00:00,Contactless,508.47,148,0.502,0.65
10030,TXN102501,2025-09-17 06:00:00,Online,546.21,37,0.838,0.897
10666,TXN102502,2025-09-17 12:00:00,POS,441.12,100,1.057,0.636
11233,TXN102503,2025-09-17 18:00:00,ATM,357.13,120,0.71,0.726
11087,TXN102504,2025-09-18 00:00:00,ATM,690.42,103,0.863,1.024
11081,TXN102505,2025-09-18 06:00:00,POS,535.27,86,1.296,1.032
11457,TXN102506,2025-09-18 12:00:00,POS,631.28,89,0.506,0.993
11332,TXN102507,2025-09-18 18:00:00,Online,967.0,139,1.066,0.413
11490,TXN102508,2025-09-19 00:00:00,POS,735.42,157,1.634,0.819
11131,TXN102509,2025-09-19 06:00:00,POS,856.81,81,1.385,0.829
10600,TXN102510,2025-09-19 12:00:00,Contactless,332.33,47,1.32,1.195
11018,TXN102511,2025-09-19 18:00:00,Online,274.39,40,1.005,0.922
11325,TXN102512,2025-09-20 00:00:00,ATM,731.76,89,1.153,0.524
10620,TXN102513,2025-09-20 06:00:00,ATM,1212.79,105,0.581,0.593
11070,TXN102514,2025-09-20 12:00:00,POS,1045.98,26,0.722,-0.012
10077,TXN102515,2025-09-20 18:00:00,POS,378.27,116,0.681,0.678
10729,TXN102516,2025-09-21 00:00:00,POS,1695.34,33,0.518,0.597
11193,TXN102517,2025-09-21 06:00:00,ATM,689.02,127,0.801,0.553
10814,TXN102518,2025-09-21 12:00:00,Contactless,176.52,145,0.566,0.482
11153,TXN102519,2025-09-21 18:00:00,POS,289.32,96,0.772,1.13
10708,TXN102520,2025-09-22 00:00:00,Contactless,244.05,158,0.267,-0.053
10268,TXN102521,2025-09-22 06:00:00,POS,278.01,28,0.563,0.345
10765,TXN102522,2025-09-22 12:00:00,Contactless,423.24,59,1.21,1.368
10585,TXN102523,2025-09-22 18:00:00,Online,86.68,80,0.818,0.976
10419,TXN102524,2025-09-23 00:00:00,ATM,231.58,121,1.217,0.786
10870,TXN102525,2025-09-23 06:00:00,ATM,1060.83,33,0.538,0.699
11185,TXN102526,2025-09-23 12:00:00,ATM,968.62,55,0.663,0.536
11082,TXN102527,2025-09-23 18:00:00,ATM,976.08,145,0.825,0.343
10384,TXN102528,2025-09-24 00:00:00,Online,606.19,86,0.682,0.803
10803,TXN102529,2025-09-24 06:00:00,POS,650.89,12,0.262,0.924
10510,TXN102530,2025-09-24 12:00:00,Online,477.75,86,0.948,0.506
10430,TXN102531,2025-09-24 18:00:00,Online,22.14,127,0.405,0.191
11364,TXN102532,2025-09-25 00:00:00,Online,176.44,67,0.746,0.886
10578,TXN102533,2025-09-25 06:00:00,Online,181.46,30,0.004,0.917
10940,TXN102534,2025-09-25 12:00:00,POS,643.99,74,0.523,0.933
11050,TXN102535,2025-09-25 18:00:00,POS,1320.67,75,0.706,0.656
10589,TXN102536,2025-09-26 00:00:00,Online,756.09,51,0.946,0.096
10798,TXN102537,2025-09-26 06:00:00,POS,1054.44,52,0.318,0.357
10372,TXN102538,2025-09-26 12:00:00,Online,788.13,35,0.438,1.06
10928,TXN102539,2025-09-26 18:00:00,Online,288.31,145,1.368,0.322
11060,TXN102540,2025-09-27 00:00:00,ATM,431.51,91,1.438,0.896
11291,TXN102541,2025-09-27 06:00:00,POS,423.37,155,0.93,0.414
11456,TXN102542,2025-09-27 12:00:00,POS,238.54,113,1.198,0.386
11043,TXN102543,2025-09-27 18:00:00,Online,636.67,139,0.612,1.211
11363,TXN102544,2025-09-28 00:00:00,POS,1067.75,93,0.979,1.222
10140,TXN102545,2025-09-28 06:00:00,Online,535.44,129,0.961,0.746
10067,TXN102546,2025-09-28 12:00:00,Online,769.54,12,0.42,0.564
11015,TXN102547,2025-09-28 18:00:00,POS,239.04,113,0.819,0.989
11393,TXN102548,2025-09-29 00:00:00,ATM,332.93,117,0.647,0.258
10261,TXN102549,2025-09-29 06:00:00,Online,421.65,43,0.879,1.039
10974,TXN102550,2025-09-29 12:00:00,Online,404.97,135,0.563,1.266
10627,TXN102551,2025-09-29 18:00:00,Online,631.85,122,0.241,0.863
10579,TXN102552,2025-09-30 00:00:00,POS,238.69,119,0.756,0.374
11022,TXN102553,2025-09-30 06:00:00,Online,204.68,79,1.041,1.127
11227,TXN102554,2025-09-30 12:00:00,Online,231.86,147,1.041,0.788
10639,TXN102555,2025-09-30 18:00:00,Contactless,861.46,97,0.128,0.661
10410,TXN102556,2025-10-01 00:00:00,Online,642.68,27,0.814,0.429
10833,TXN102557,2025-10-01 06:00:00,POS,256.42,144,0.991,0.381
11104,TXN102558,2025-10-01 12:00:00,Contactless,98.94,54,0.798,1.023
10113,TXN102559,2025-10-01 18:00:00,Online,412.61,121,1.053,0.679
10623,TXN102560,2025-10-02 00:00:00,POS,405.49,92,0.256,0.676
10821,TXN102561,2025-10-02 06:00:00,POS,356.46,48,0.349,0.735
11161,TXN102562,2025-10-02 12:00:00,Contactless,338.18,154,0.956,0.153
10840,TXN102563,2025-10-02 18:00:00,Contactless,1089.83,70,0.628,0.694
10189,TXN102564,2025-10-03 00:00:00,POS,292.36,60,1.161,0.698
10277,TXN102565,2025-10-03 06:00:00,Online,637.48,46,0.857,1.119
10103,TXN102566,2025-10-03 12:00:00,POS,250.05,76,0.437,0.932
10107,TXN102567,2025-10-03 18:00:00,Contactless,603.67,33,0.419,0.36
10757,TXN102568,2025-10-04 00:00:00,Online,247.1,131,0.093,0.59
10173,TXN102569,2025-10-04 06:00:00,Contactless,149.36,58,0.991,0.993
10999,TXN102570,2025-10-04 12:00:00,ATM,48.65,158,0.709,0.335
11355,TXN102571,2025-10-04 18:00:00,Online,373.93,154,1.071,1.175
10722,TXN102572,2025-10-05 00:00:00,ATM,432.05,118,0.84,0.689
11215,TXN102573,2025-10-05 06:00:00,Online,406.9,111,0.79,0.85
10831,TXN102574,2025-10-05 12:00:00,POS,481.61,158,1.035,0.576
10225,TXN102575,2025-10-05 18:00:00,POS,374.21,77,0.716,0.572
11347,TXN102576,2025-10-06 00:00:00,POS,401.24,53,0.634,0.442
10134,TXN102577,2025-10-06 06:00:00,POS,333.38,133,0.75,1.13
11061,TXN102578,2025-10-06 12:00:00,POS,199.88,37,1.045,0.866
10093,TXN102579,2025-10-06 18:00:00,POS,366.35,45,0.42,0.429
10075,TXN102580,2025-10-07 00:00:00,POS,852.08,136,1.074,0.898
10756,TXN102581,2025-10-07 06:00:00,Contactless,449.11,53,0.772,0.963
10183,TXN102582,2025-10-07 12:00:00,ATM,1012.33,59,0.616,1.003
10717,TXN102583,2025-10-07 18:00:00,POS,636.02,122,0.814,0.779
10459,TXN102584,2025-10-08 00:00:00,POS,443.19,97,1.162,0.748
10627,TXN102585,2025-10-08 06:00:00,Online,278.97,147,1.159,0.439
10409,TXN102586,2025-10-08 12:00:00,Online,148.76,47,0.887,1.073
10207,TXN102587,2025-10-08 18:00:00,POS,387.53,58,0.969,0.887
11269,TXN102588,2025-10-09 00:00:00,POS,1331.27,81,0.765,0.977
11357,TXN102589,2025-10-09 06:00:00,POS,979.84,11,0.545,0.173
10673,TXN102590,2025-10-09 12:00:00,Contactless,145.56,53,0.906,0.968
11318,TXN102591,2025-10-09 18:00:00,POS,233.69,44,0.593,0.707
11013,TXN102592,2025-10-10 00:00:00,POS,516.77,125,0.391,0.932
10748,TXN102593,2025-10-10 06:00:00,Contactless,1341.6,158,0.602,0.365
10273,TXN102594,2025-10-10 12:00:00,POS,52.8,66,0.175,1.208
10379,TXN102595,2025-10-10 18:00:00,POS,540.07,100,0.317,0.517
10626,TXN102596,2025-10-11 00:00:00,Contactless,802.62,32,1.46,1.023
10664,TXN102597,2025-10-11 06:00:00,POS,499.45,41,1.144,0.643
11050,TXN102598,2025-10-11 12:00:00,ATM,1270.62,80,0.666,1.218
10680,TXN102599,2025-10-11 18:00:00,Contactless,283.02,26,0.933,0.783
10544,TXN102600,2025-10-12 00:00:00,POS,387.83,136,0.417,1.228
10733,TXN102601,2025-10-12 06:00:00,Online,455.4,26,0.982,0.68
10091,TXN102602,2025-10-12 12:00:00,ATM,414.4,57,0.841,0.388
10476,TXN102603,2025-10-12 18:00:00,ATM,1592.73,66,0.503,0.783
10726,TXN102604,2025-10-13 00:00:00,Online,507.41,112,0.637,0.663
11212,TXN102605,2025-10-13 06:00:00,POS,1129.2,53,0.613,0.531
11219,TXN102606,2025-10-13 12:00:00,POS,373.95,131,1.048,1.048
10534,TXN102607,2025-10-13 18:00:00,ATM,162.96,62,0.722,0.321
10698,TXN102608,2025-10-14 00:00:00,Online,743.76,42,0.198,1.235
10880,TXN102609,2025-10-14 06:00:00,POS,169.94,65,0.593,0.648
10085,TXN102610,2025-10-14 12:00:00,POS,324.42,37,0.476,0.319
10592,TXN102611,2025-10-14 18:00:00,POS,582.42,72,0.233,0.809
10841,TXN102612,2025-10-15 00:00:00,Contactless,517.27,16,0.484,0.751
10077,TXN102613,2025-10-15 06:00:00,Contactless,398.54,120,-0.005,0.657
10330,TXN102614,2025-10-15 12:00:00,Online,135.05,139,0.424,0.524
10383,TXN102615,2025-10-15 18:00:00,Online,207.74,141,0.819,1.068
11457,TXN102616,2025-10-16 00:00:00,Online,663.3,17,0.909,0.851
10377,TXN102617,2025-10-16 06:00:00,POS,148.7,135,0.926,0.564
10341,TXN102618,2025-10-16 12:00:00,POS,892.01,58,1.085,0.812
11201,TXN102619,2025-10-16 18:00:00,POS,1095.42,38,1.166,0.482
11450,TXN102620,2025-10-17 00:00:00,Online,344.3,91,0.391,0.974
10424,TXN102621,2025-10-17 06:00:00,Online,245.86,64,0.268,1.287
10174,TXN102622,2025-10-17 12:00:00,Online,1210.83,104,0.765,1.01
10406,TXN102623,2025-10-17 18:00:00,POS,620.01,15,0.941,0.515
10082,TXN102624,2025-10-18 00:00:00,POS,808.85,121,0.458,0.431
10021,TXN102625,2025-10-18 06:00:00,Online,1024.55,114,0.843,0.728
10691,TXN102626,2025-10-18 12:00:00,Online,398.87,49,1.388,0.249
11010,TXN102627,2025-10-18 18:00:00,ATM,507.38,21,0.282,0.956
10398,TXN102628,2025-10-19 00:00:00,Contactless,449.38,73,0.752,0.886
10330,TXN102629,2025-10-19 06:00:00,Online,379.08,55,1.114,0.657
10225,TXN102630,2025-10-19 12:00:00,POS,998.74,23,0.681,0.619
11426,TXN102631,2025-10-19 18:00:00,Online,277.0,125,0.895,0.669
10781,TXN102632,2025-10-20 00:00:00,Online,369.82,46,1.069,1.137
10894,TXN102633,2025-10-20 06:00:00,ATM,719.16,119,0.644,0.586
10438,TXN102634,2025-10-20 12:00:00,POS,584.32,71,0.379,0.365
11296,TXN102635,2025-10-20 18:00:00,POS,1243.19,76,0.715,0.481
11304,TXN102636,2025-10-21 00:00:00,Contactless,865.51,89,0.367,0.977
10223,TXN102637,2025-10-21 06:00:00,ATM,283.32,85,0.557,0.431
10509,TXN102638,2025-10-21 12:00:00,POS,377.64,23,0.905,1.036
11366,TXN102639,2025-10-21 18:00:00,POS,1136.94,107,0.813,0.644
10617,TXN102640,2025-10-22 00:00:00,Online,765.21,142,1.099,0.198
11066,TXN102641,2025-10-22 06:00:00,ATM,313.78,85,0.831,0.91
11200,TXN102642,2025-10-22 12:00:00,Online,267.85,35,0.477,0.624
11269,TXN102643,2025-10-22 18:00:00,Online,164.41,90,0.401,0.804
11277,TXN102644,2025-10-23 00:00:00,Online,777.54,117,0.97,0.525
11298,TXN102645,2025-10-23 06:00:00,Online,1137.21,62,0.834,1.045
10959,TXN102646,2025-10-23 12:00:00,POS,895.36,72,0.683,0.825
11358,TXN102647,2025-10-23 18:00:00,Contactless,919.72,20,0.869,1.307
10604,TXN102648,2025-10-24 00:00:00,Contactless,307.45,42,0.504,0.899
11035,TXN102649,2025-10-24 06:00:00,ATM,143.31,50,-0.106,0.635
10152,TXN102650,2025-10-24 12:00:00,Online,613.36,49,1.115,0.458
10189,TXN102651,2025-10-24 18:00:00,Online,205.82,13,0.977,0.303
10960,TXN102652,2025-10-25 00:00:00,Online,314.92,20,0.72,0.664
10676,TXN102653,2025-10-25 06:00:00,Online,578.7,17,0.435,0.675
10638,TXN102654,2025-10-25 12:00:00,POS,489.75,158,0.675,1.145
10211,TXN102655,2025-10-25 18:00:00,Contactless,1042.27,136,0.145,0.585
11121,TXN102656,2025-10-26 00:00:00,POS,447.76,136,0.79,0.984
10339,TXN102657,2025-10-26 06:00:00,ATM,754.53,14,0.072,0.67
10047,TXN102658,2025-10-26 12:00:00,POS,926.64,41,0.787,1.23
10820,TXN102659,2025-10-26 18:00:00,POS,655.77,98,0.503,0.262
10975,TXN102660,2025-10-27 00:00:00,Contactless,478.74,67,0.698,1.079
11081,TXN102661,2025-10-27 06:00:00,ATM,345.72,81,0.351,0.56
11099,TXN102662,2025-10-27 12:00:00,POS,414.51,35,1.278,0.95
11278,TXN102663,2025-10-27 18:00:00,Online,457.56,38,0.876,1.14
10837,TXN102664,2025-10-28 00:00:00,Online,682.25,91,0.509,0.602
10952,TXN102665,2025-10-28 06:00:00,ATM,280.05,16,0.687,0.393
10598,TXN102666,2025-10-28 12:00:00,Online,301.08,115,1.312,0.366
10170,TXN102667,2025-10-28 18:00:00,POS,1132.32,30,0.418,0.461
11170,TXN102668,2025-10-29 00:00:00,POS,517.66,105,0.361,0.02
10839,TXN102669,2025-10-29 06:00:00,ATM,185.41,19,0.346,0.636
11057,TXN102670,2025-10-29 12:00:00,Online,389.79,71,0.512,0.882
10796,TXN102671,2025-10-29 18:00:00,Online,326.45,145,1.273,0.769
11281,TXN102672,2025-10-30 00:00:00,ATM,335.5,123,0.554,0.594
11150,TXN102673,2025-10-30 06:00:00,POS,435.52,13,0.604,0.452
10959,TXN102674,2025-10-30 12:00:00,Online,473.79,149,0.821,0.54
11137,TXN102675,2025-10-30 18:00:00,Contactless,374.39,109,0.739,0.779
10815,TXN102676,2025-10-31 00:00:00,ATM,496.96,28,1.089,0.931
10342,TXN102677,2025-10-31 06:00:00,POS,920.96,120,1.037,0.281
10048,TXN102678,2025-10-31 12:00:00,ATM,951.32,40,0.865,0.744
10364,TXN102679,2025-10-31 18:00:00,Online,542.02,117,0.67,0.774
11422,TXN102680,2025-11-01 00:00:00,Contactless,370.44,35,1.086,0.436
11219,TXN102681,2025-11-01 06:00:00,Contactless,371.2,118,0.474,0.853
10725,TXN102682,2025-11-01 12:00:00,POS,1754.88,143,0.452,0.961
11345,TXN102683,2025-11-01 18:00:00,POS,329.3,38,0.607,0.54
10138,TXN102684,2025-11-02 00:00:00,ATM,713.56,26,1.157,0.457
10355,TXN102685,2025-11-02 06:00:00,POS,333.5,157,0.457,1.304
11094,TXN102686,2025-11-02 12:00:00,POS,975.73,119,0.54,0.924
10811,TXN102687,2025-11-02 18:00:00,POS,701.82,83,0.811,0.75
10712,TXN102688,2025-11-03 00:00:00,Online,129.24,105,0.73,0.511
10059,TXN102689,2025-11-03 06:00:00,POS,233.65,11,0.617,0.484
10771,TXN102690,2025-11-03 12:00:00,POS,885.58,46,0.913,0.86
10389,TXN102691,2025-11-03 18:00:00,Online,584.04,100,0.584,0.47
11375,TXN102692,2025-11-04 00:00:00,ATM,2047.12,156,1.12,0.458
10846,TXN102693,2025-11-04 06:00:00,POS,138.21,50,0.833,0.662
10869,TXN102694,2025-11-04 12:00:00,POS,254.36,153,1.106,0.879
10339,TXN102695,2025-11-04 18:00:00,Online,643.05,124,0.473,1.194
10757,TXN102696,2025-11-05 00:00:00,POS,51.56,73,0.698,0.767
10596,TXN102697,2025-11-05 06:00:00,ATM,135.33,14,0.086,0.47
10436,TXN102698,2025-11-05 12:00:00,POS,585.18,155,1.218,0.625
11474,TXN102699,2025-11-05 18:00:00,POS,620.55,81,1.553,1.065
10377,TXN102700,2025-11-06 00:00:00,ATM,487.97,150,0.649,1.037
10391,TXN102701,2025-11-06 06:00:00,POS,709.28,114,0.88,1.049
10481,TXN102702,2025-11-06 12:00:00,POS,320.13,83,0.79,0.984
10821,TXN102703,2025-11-06 18:00:00,Online,402.0,45,0.298,1.236
10114,TXN102704,2025-11-07 00:00:00,POS,100.84,156,1.187,0.758
10774,TXN102705,2025-11-07 06:00:00,ATM,397.75,102,0.654,0.91
10172,TXN102706,2025-11-07 12:00:00,POS,661.73,118,0.033,0.474
10018,TXN102707,2025-11-07 18:00:00,Online,189.85,32,0.499,0.765
10235,TXN102708,2025-11-08 00:00:00,Online,361.09,122,0.262,0.776
11334,TXN102709,2025-11-08 06:00:00,Online,167.92,20,0.793,0.921
10723,TXN102710,2025-11-08 12:00:00,Online,644.67,142,0.791,0.525
10281,TXN102711,2025-11-08 18:00:00,POS,142.32,104,1.165,0.262
10831,TXN102712,2025-11-09 00:00:00,Online,901.2,22,1.39,0.537
11220,TXN102713,2025-11-09 06:00:00,POS,158.01,95,1.419,0.997
11139,TXN102714,2025-11-09 12:00:00,Contactless,298.61,44,0.391,0.641
11421,TXN102715,2025-11-09 18:00:00,Online,183.96,92,0.967,0.831
10418,TXN102716,2025-11-10 00:00:00,Contactless,1407.55,38,1.029,0.532
10284,TXN102717,2025-11-10 06:00:00,POS,281.45,92,0.567,0.991
10585,TXN102718,2025-11-10 12:00:00,Contactless,1222.19,89,0.85,0.67
11352,TXN102719,2025-11-10 18:00:00,Online,403.66,104,0.89,0.666
11365,TXN102720,2025-11-11 00:00:00,,1662.51,153,0.58,1.072
10622,TXN102721,2025-11-11 06:00:00,Contactless,140.92,12,1.199,1.141
10221,TXN102722,2025-11-11 12:00:00,Contactless,359.68,131,0.832,1.077
10009,TXN102723,2025-11-11 18:00:00,ATM,1065.37,133,0.69,0.608
11106,TXN102724,2025-11-12 00:00:00,Online,257.02,32,0.322,0.533
10832,TXN102725,2025-11-12 06:00:00,Online,423.62,146,1.153,0.445
11318,TXN102726,2025-11-12 12:00:00,Contactless,217.41,42,0.776,0.283
10375,TXN102727,2025-11-12 18:00:00,Online,1529.15,101,0.777,0.439
10534,TXN102728,2025-11-13 00:00:00,Online,715.3,33,0.454,0.462
11439,TXN102729,2025-11-13 06:00:00,Online,157.19,116,1.063,0.347
11123,TXN102730,2025-11-13 12:00:00,POS,435.75,59,0.353,0.275
10702,TXN102731,2025-11-13 18:00:00,POS,388.62,61,-0.023,0.335
10832,TXN102732,2025-11-14 00:00:00,Contactless,263.82,47,0.502,0.686
10777,TXN102733,2025-11-14 06:00:00,Contactless,176.85,53,0.871,0.823
11406,TXN102734,2025-11-14 12:00:00,POS,145.87,98,0.868,0.799
10940,TXN102735,2025-11-14 18:00:00,POS,681.12,135,0.799,0.554
10447,TXN102736,2025-11-15 00:00:00,POS,442.66,65,0.69,0.602
10680,TXN102737,2025-11-15 06:00:00,Online,177.8,54,0.806,0.803
10344,TXN102738,2025-11-15 12:00:00,Contactless,187.88,138,1.751,0.754
10425,TXN102739,2025-11-15 18:00:00,POS,2490.8,96,0.837,0.857
10625,TXN102740,2025-11-16 00:00:00,POS,615.01,125,0.602,0.431
10306,TXN102741,2025-11-16 06:00:00,Online,972.73,73,0.713,1.185
10148,TXN102742,2025-11-16 12:00:00,POS,479.64,145,0.677,0.877
10849,TXN102743,2025-11-16 18:00:00,POS,705.07,145,0.774,0.908
10732,TXN102744,2025-11-17 00:00:00,Online,1368.71,38,0.431,0.403
10454,TXN102745,2025-11-17 06:00:00,Contactless,156.74,22,1.03,0.396
10938,TXN102746,2025-11-17 12:00:00,Online,1376.23,138,0.854,0.505
10033,TXN102747,2025-11-17 18:00:00,POS,227.78,38,0.474,0.906
11343,TXN102748,2025-11-18 00:00:00,ATM,204.93,46,1.107,0.376
11217,TXN102749,2025-11-18 06:00:00,ATM,215.78,10,0.084,0.825
11204,TXN102750,2025-11-18 12:00:00,ATM,465.52,117,1.503,1.108
10984,TXN102751,2025-11-18 18:00:00,Contactless,368.17,78,1.41,0.502
10391,TXN102752,2025-11-19 00:00:00,Online,102.49,126,1.354,0.438
10357,TXN102753,2025-11-19 06:00:00,Contactless,367.92,120,0.576,0.495
10573,TXN102754,2025-11-19 12:00:00,Online,217.51,72,0.834,0.654
10464,TXN102755,2025-11-19 18:00:00,Online,614.32,31,0.532,0.966
10930,TXN102756,2025-11-20 00:00:00,Online,609.95,103,0.901,0.983
10099,TXN102757,2025-11-20 06:00:00,Contactless,287.58,20,0.756,0.924
10148,TXN102758,2025-11-20 12:00:00,POS,235.45,38,0.589,0.156
10570,TXN102759,2025-11-20 18:00:00,Online,661.15,115,0.585,0.648
10727,TXN102760,2025-11-21 00:00:00,Online,275.21,12,0.779,0.453
11340,TXN102761,2025-11-21 06:00:00,Online,472.47,12,1.778,0.813
11002,TXN102762,2025-11-21 12:00:00,POS,740.23,83,1.207,0.952
11206,TXN102763,2025-11-21 18:00:00,Online,312.08,23,0.78,0.56
10303,TXN102764,2025-11-22 00:00:00,POS,232.89,90,0.687,1.238
10004,TXN102765,2025-11-22 06:00:00,ATM,306.35,74,0.968,0.446
10778,TXN102766,2025-11-22 12:00:00,POS,696.1,152,0.535,0.849
10107,TXN102767,2025-11-22 18:00:00,ATM,424.44,126,0.67,1.3
10075,TXN102768,2025-11-23 00:00:00,Online,603.37,139,0.067,0.957
11064,TXN102769,2025-11-23 06:00:00,Online,237.86,91,0.782,0.866
10639,TXN102770,2025-11-23 12:00:00,ATM,1095.38,37,0.791,0.652
10695,TXN102771,2025-11-23 18:00:00,ATM,326.74,103,0.56,0.871
11143,TXN102772,2025-11-24 00:00:00,POS,787.05,76,0.908,0.545
10073,TXN102773,2025-11-24 06:00:00,ATM,425.9,12,0.794,1.016
10552,TXN102774,2025-11-24 12:00:00,POS,1330.71,13,0.564,0.497
11228,TXN102775,2025-11-24 18:00:00,Online,193.15,153,1.038,0.63
10977,TXN102776,2025-11-25 00:00:00,POS,504.6,101,0.687,0.465
10096,TXN102777,2025-11-25 06:00:00,Online,1100.19,81,0.383,0.604
11303,TXN102778,2025-11-25 12:00:00,POS,238.78,113,0.134,0.572
11167,TXN102779,2025-11-25 18:00:00,Online,913.29,25,1.252,0.135
11139,TXN102780,2025-11-26 00:00:00,Online,119.89,40,0.794,0.709
11500,TXN102781,2025-11-26 06:00:00,Contactless,459.81,96,0.779,0.564
10884,TXN102782,2025-11-26 12:00:00,Online,483.45,139,0.735,0.333
11157,TXN102783,2025-11-26 18:00:00,Online,167.62,82,1.176,0.508
11192,TXN102784,2025-11-27 00:00:00,Contactless,434.28,100,0.8,0.801
11269,TXN102785,2025-11-27 06:00:00,POS,847.76,63,1.292,0.203
10277,TXN102786,2025-11-27 12:00:00,POS,362.83,159,0.801,0.655
10259,TXN102787,2025-11-27 18:00:00,ATM,443.72,82,-0.186,1.021
10046,TXN102788,2025-11-28 00:00:00,POS,621.66,137,1.193,0.579
10346,TXN102789,2025-11-28 06:00:00,Online,755.53,108,0.86,1.109
10847,TXN102790,2025-11-28 12:00:00,POS,905.37,85,0.573,1.001
10895,TXN102791,2025-11-28 18:00:00,ATM,44.07,158,0.66,0.802
11261,TXN102792,2025-11-29 00:00:00,Contactless,793.9,95,0.642,0.693
11077,TXN102793,2025-11-29 06:00:00,Online,58.74,48,0.315,0.702
11172,TXN102794,2025-11-29 12:00:00,Online,882.79,150,1.057,0.837
11114,TXN102795,2025-11-29 18:00:00,Online,365.9,54,0.594,1.26
10233,TXN102796,2025-11-30 00:00:00,POS,446.39,96,0.446,0.84
10051,TXN102797,2025-11-30 06:00:00,Online,838.25,128,2.255,1.117
10665,TXN102798,2025-11-30 12:00:00,Contactless,1053.14,26,0.346,0.375
11418,TXN102799,2025-11-30 18:00:00,Contactless,1426.99,93,0.719,0.549
11238,TXN102800,2025-12-01 00:00:00,POS,192.89,144,-0.055,0.705
10451,TXN102801,2025-12-01 06:00:00,Contactless,582.87,141,1.189,1.076
11363,TXN102802,2025-12-01 12:00:00,Online,975.84,40,0.651,0.198
10351,TXN102803,2025-12-01 18:00:00,ATM,256.9,103,1.036,1.545
10649,TXN102804,2025-12-02 00:00:00,POS,164.01,104,0.42,0.7
11309,TXN102805,2025-12-02 06:00:00,Online,431.71,141,0.185,1.03
10878,TXN102806,2025-12-02 12:00:00,Online,334.43,91,0.489,0.696
10583,TXN102807,2025-12-02 18:00:00,POS,342.82,93,1.221,0.472
10245,TXN102808,2025-12-03 00:00:00,ATM,888.72,49,0.952,1.18
10550,TXN102809,2025-12-03 06:00:00,Contactless,467.26,113,0.184,0.646
10728,TXN102810,2025-12-03 12:00:00,POS,681.91,121,-0.097,0.497
10639,TXN102811,2025-12-03 18:00:00,ATM,787.81,56,0.638,0.808
10584,TXN102812,2025-12-04 00:00:00,Online,635.27,59,1.132,0.867
10226,TXN102813,2025-12-04 06:00:00,ATM,419.05,60,0.485,0.794
10827,TXN102814,2025-12-04 12:00:00,POS,745.98,47,1.127,0.817
10441,TXN102815,2025-12-04 18:00:00,Online,359.21,146,0.794,0.807
11498,TXN102816,2025-12-05 00:00:00,Contactless,231.77,158,1.363,1.045
11468,TXN102817,2025-12-05 06:00:00,POS,1610.3,18,0.512,0.716
10412,TXN102818,2025-12-05 12:00:00,ATM,639.12,125,0.729,0.519
10814,TXN102819,2025-12-05 18:00:00,POS,699.96,34,0.521,0.902
10246,TXN102820,2025-12-06 00:00:00,Contactless,419.66,122,1.095,0.01
10583,TXN102821,2025-12-06 06:00:00,Online,1142.06,45,0.957,0.869
10500,TXN102822,2025-12-06 12:00:00,POS,675.08,120,0.156,1.122
10982,TXN102823,2025-12-06 18:00:00,Online,389.85,87,0.992,0.913
10550,TXN102824,2025-12-07 00:00:00,Online,648.62,90,0.229,0.255
10117,TXN102825,2025-12-07 06:00:00,Online,477.91,37,0.431,1.104
11388,TXN102826,2025-12-07 12:00:00,POS,724.21,54,1.011,0.545
10204,TXN102827,2025-12-07 18:00:00,ATM,848.36,114,0.311,0.756
10351,TXN102828,2025-12-08 00:00:00,POS,422.94,57,0.62,1.061
10319,TXN102829,2025-12-08 06:00:00,POS,132.18,145,1.016,0.527
11383,TXN102830,2025-12-08 12:00:00,Contactless,1130.63,151,0.895,0.739
10940,TXN102831,2025-12-08 18:00:00,ATM,35.8,24,0.875,0.335
10489,TXN102832,2025-12-09 00:00:00,Online,316.51,137,1.027,0.648
10107,TXN102833,2025-12-09 06:00:00,Online,370.29,72,1.207,0.373
10654,TXN102834,2025-12-09 12:00:00,Online,55.28,68,0.316,0.835
10172,TXN102835,2025-12-09 18:00:00,Online,386.94,12,0.867,0.294
10519,TXN102836,2025-12-10 00:00:00,Online,150.62,48,1.088,0.675
10958,TXN102837,2025-12-10 06:00:00,ATM,339.27,31,1.019,0.541
10813,TXN102838,2025-12-10 12:00:00,Online,302.53,110,0.694,0.5
10528,TXN102839,2025-12-10 18:00:00,POS,710.2,136,0.674,1.008
10320,TXN102840,2025-12-11 00:00:00,POS,616.74,29,1.039,0.399
11061,TXN102841,2025-12-11 06:00:00,POS,214.5,156,0.825,0.548
10499,TXN102842,2025-12-11 12:00:00,Contactless,195.34,150,1.133,0.754
10265,TXN102843,2025-12-11 18:00:00,Contactless,777.57,100,0.788,0.88
10908,TXN102844,2025-12-12 00:00:00,POS,228.95,28,0.619,0.194
10402,TXN102845,2025-12-12 06:00:00,POS,404.28,75,0.133,0.65
10987,TXN102846,2025-12-12 12:00:00,POS,361.85,140,0.669,0.912
10602,TXN102847,2025-12-12 18:00:00,POS,913.12,47,0.319,1.166
10952,TXN102848,2025-12-13 00:00:00,POS,1103.22,139,0.11,0.709
10218,TXN102849,2025-12-13 06:00:00,ATM,221.22,46,0.447,0.308
10330,TXN102850,2025-12-13 12:00:00,POS,559.81,141,0.996,0.696
10186,TXN102851,2025-12-13 18:00:00,Contactless,914.48,87,0.665,0.565
11405,TXN102852,2025-12-14 00:00:00,Online,284.37,54,0.812,0.795
10209,TXN102853,2025-12-14 06:00:00,POS,854.37,90,0.986,1.215
10288,TXN102854,2025-12-14 12:00:00,POS,448.33,93,0.737,0.372
10088,TXN102855,2025-12-14 18:00:00,ATM,433.75,133,0.509,1.007
11003,TXN102856,2025-12-15 00:00:00,Online,806.56,102,0.594,0.953
10136,TXN102857,2025-12-15 06:00:00,POS,2236.49,115,1.02,0.883
10158,TXN102858,2025-12-15 12:00:00,POS,206.23,111,0.741,0.773
10794,TXN102859,2025-12-15 18:00:00,POS,803.32,101,-0.14,1.281
10920,TXN102860,2025-12-16 00:00:00,POS,691.43,146,0.626,1.061
10155,TXN102861,2025-12-16 06:00:00,POS,196.65,105,0.936,0.537
11487,TXN102862,2025-12-16 12:00:00,ATM,146.4,89,0.814,0.714
10220,TXN102863,2025-12-16 18:00:00,POS,204.93,57,0.393,0.396
11483,TXN102864,2025-12-17 00:00:00,Contactless,398.51,40,0.489,1.089
11191,TXN102865,2025-12-17 06:00:00,ATM,1071.43,10,0.068,0.713
10322,TXN102866,2025-12-17 12:00:00,Online,412.2,135,0.942,0.161
10691,TXN102867,2025-12-17 18:00:00,POS,163.12,148,0.968,0.012
10841,TXN102868,2025-12-18 00:00:00,Online,386.96,139,0.703,0.544
10512,TXN102869,2025-12-18 06:00:00,POS,957.4,55,0.627,0.464
10087,TXN102870,2025-12-18 12:00:00,POS,654.46,10,0.371,0.576
10275,TXN102871,2025-12-18 18:00:00,Contactless,528.64,79,0.866,0.642
10141,TXN102872,2025-12-19 00:00:00,Online,167.74,75,0.175,1.063
10625,TXN102873,2025-12-19 06:00:00,POS,421.88,11,1.022,1.099
10916,TXN102874,2025-12-19 12:00:00,Online,802.15,78,0.953,1.325
10353,TXN102875,2025-12-19 18:00:00,Contactless,284.09,22,1.159,1.178
11029,TXN102876,2025-12-20 00:00:00,POS,165.8,156,0.768,0.876
10382,TXN102877,2025-12-20 06:00:00,ATM,942.09,92,0.568,0.308
11358,TXN102878,2025-12-20 12:00:00,POS,1588.56,56,0.901,0.925
10475,TXN102879,2025-12-20 18:00:00,Online,386.11,138,1.023,0.258
10928,TXN102880,2025-12-21 00:00:00,Contactless,819.05,155,0.345,0.793
10030,TXN102881,2025-12-21 06:00:00,POS,691.69,122,0.726,0.283
11371,TXN102882,2025-12-21 12:00:00,POS,583.86,41,0.843,1.244
10922,TXN102883,2025-12-21 18:00:00,POS,447.26,105,0.918,0.808
10594,TXN102884,2025-12-22 00:00:00,Contactless,551.04,20,0.627,0.642
10493,TXN102885,2025-12-22 06:00:00,Online,855.13,157,0.971,0.574
10495,TXN102886,2025-12-22 12:00:00,POS,545.32,17,0.414,0.69
10388,TXN102887,2025-12-22 18:00:00,ATM,975.49,111,1.456,0.496
10873,TXN102888,2025-12-23 00:00:00,Online,412.71,15,0.531,0.608
10835,TXN102889,2025-12-23 06:00:00,POS,651.63,11,0.893,0.139
11277,TXN102890,2025-12-23 12:00:00,POS,745.25,82,0.557,0.442
10630,TXN102891,2025-12-23 18:00:00,Online,20.0,12,0.784,0.375
10939,TXN102892,2025-12-24 00:00:00,POS,589.61,75,0.372,0.846
10030,TXN102893,2025-12-24 06:00:00,ATM,624.35,35,1.126,0.709
10623,TXN102894,2025-12-24 12:00:00,POS,454.67,103,0.464,0.943
10807,TXN102895,2025-12-24 18:00:00,Online,571.99,111,0.779,0.582
10342,TXN102896,2025-12-25 00:00:00,Online,506.97,145,0.728,0.732
11311,TXN102897,2025-12-25 06:00:00,Contactless,72.58,84,0.504,0.131
11421,TXN102898,2025-12-25 12:00:00,Online,642.81,98,-0.141,0.955
11001,TXN102899,2025-12-25 18:00:00,Online,724.81,125,1.121,1.055
10244,TXN102900,2025-12-26 00:00:00,Contactless,1232.47,39,0.801,0.882
10221,TXN102901,2025-12-26 06:00:00,Contactless,200.87,52,0.141,0.453
11180,TXN102902,2025-12-26 12:00:00,ATM,231.69,142,0.08,0.855
11407,TXN102903,2025-12-26 18:00:00,Online,1269.78,29,0.637,0.749
11344,TXN102904,2025-12-27 00:00:00,Online,907.53,61,0.721,0.151
10373,TXN102905,2025-12-27 06:00:00,Online,642.31,30,0.675,1.048
10531,TXN102906,2025-12-27 12:00:00,POS,110.48,140,1.255,0.401
10215,TXN102907,2025-12-27 18:00:00,POS,231.42,50,0.166,0.861
10367,TXN102908,2025-12-28 00:00:00,Online,381.73,133,0.824,0.708
10114,TXN102909,2025-12-28 06:00:00,Online,599.5,117,0.976,1.077
11224,TXN102910,2025-12-28 12:00:00,Contactless,141.63,61,0.969,0.458
10025,TXN102911,2025-12-28 18:00:00,ATM,788.17,11,1.063,0.558
10934,TXN102912,2025-12-29 00:00:00,POS,634.64,53,0.791,0.893
11145,TXN102913,2025-12-29 06:00:00,Online,465.47,50,0.836,0.533
10611,TXN102914,2025-12-29 12:00:00,Contactless,233.41,79,0.635,1.098
10858,TXN102915,2025-12-29 18:00:00,POS,154.12,16,0.222,0.488
11027,TXN102916,2025-12-30 00:00:00,POS,402.92,47,0.865,0.865
10898,TXN102917,2025-12-30 06:00:00,Contactless,540.34,18,0.609,0.699
10773,TXN102918,2025-12-30 12:00:00,Online,681.25,62,0.49,0.516
10445,TXN102919,2025-12-30 18:00:00,POS,400.16,37,0.88,1.069
11278,TXN102920,2025-12-31 00:00:00,ATM,573.21,137,0.912,0.405
10020,TXN102921,2025-12-31 06:00:00,Online,612.22,28,0.503,0.849
11228,TXN102922,2025-12-31 12:00:00,POS,228.51,141,0.838,0.001
10806,TXN102923,2025-12-31 18:00:00,Contactless,718.83,22,0.722,0.79
11381,TXN102924,2026-01-01 00:00:00,Online,679.52,20,0.816,1.042
10128,TXN102925,2026-01-01 06:00:00,POS,826.06,11,1.189,0.658
10358,TXN102926,2026-01-01 12:00:00,ATM,383.11,149,0.905,0.759
11316,TXN102927,2026-01-01 18:00:00,POS,954.72,135,0.878,1.178
11198,TXN102928,2026-01-02 00:00:00,POS,304.15,65,0.44,0.996
11379,TXN102929,2026-01-02 06:00:00,Online,919.32,97,0.489,0.077
10881,TXN102930,2026-01-02 12:00:00,Online,246.69,61,0.919,0.548
11061,TXN102931,2026-01-02 18:00:00,Contactless,936.05,134,0.194,0.62
11334,TXN102932,2026-01-03 00:00:00,ATM,429.08,141,0.625,0.787
10917,TXN102933,2026-01-03 06:00:00,Online,271.26,114,0.483,0.682
11108,TXN102934,2026-01-03 12:00:00,POS,677.99,141,0.7,0.553
10510,TXN102935,2026-01-03 18:00:00,POS,1018.63,61,0.675,0.535
10444,TXN102936,2026-01-04 00:00:00,Online,643.59,43,0.796,0.297
11444,TXN102937,2026-01-04 06:00:00,POS,453.27,31,0.913,0.418
11229,TXN102938,2026-01-04 12:00:00,Online,350.77,150,1.088,0.935
10779,TXN102939,2026-01-04 18:00:00,Contactless,299.35,72,1.115,0.406
11112,TXN102940,2026-01-05 00:00:00,Online,264.82,24,0.667,0.475
10252,TXN102941,2026-01-05 06:00:00,Contactless,111.81,47,0.543,0.292
11055,TXN102942,2026-01-05 12:00:00,POS,300.48,114,0.474,0.808
10421,TXN102943,2026-01-05 18:00:00,ATM,314.76,64,0.637,0.969
10061,TXN102944,2026-01-06 00:00:00,ATM,716.64,126,0.404,1.026
10579,TXN102945,2026-01-06 06:00:00,Online,295.36,129,0.914,0.591
11250,TXN102946,2026-01-06 12:00:00,POS,795.5,75,1.108,0.682
11359,TXN102947,2026-01-06 18:00:00,POS,756.85,75,0.216,0.708
10579,TXN102948,2026-01-07 00:00:00,POS,175.44,81,0.753,0.583
10640,TXN102949,2026-01-07 06:00:00,POS,1409.47,84,1.295,0.792
10111,TXN102950,2026-01-07 12:00:00,Online,150.0,143,0.231,1.017
10491,TXN102951,2026-01-07 18:00:00,Online,1711.91,18,1.267,0.979
11296,TXN102952,2026-01-08 00:00:00,POS,541.31,159,0.449,0.653
10034,TXN102953,2026-01-08 06:00:00,Online,202.51,98,0.537,0.55
10212,TXN102954,2026-01-08 12:00:00,Contactless,96.01,40,0.966,0.377
11324,TXN102955,2026-01-08 18:00:00,POS,690.46,30,0.928,0.214
11397,TXN102956,2026-01-09 00:00:00,POS,192.36,47,0.713,0.852
10125,TXN102957,2026-01-09 06:00:00,Online,1382.28,61,0.483,0.7
11127,TXN102958,2026-01-09 12:00:00,POS,475.39,156,0.315,0.702
11144,TXN102959,2026-01-09 18:00:00,,482.52,147,0.723,1.385
10894,TXN102960,2026-01-10 00:00:00,POS,1026.93,85,0.676,1.144
10331,TXN102961,2026-01-10 06:00:00,Online,295.73,92,0.473,0.712
11333,TXN102962,2026-01-10 12:00:00,POS,873.79,88,0.661,0.758
10412,TXN102963,2026-01-10 18:00:00,POS,1102.11,47,0.838,0.389
11423,TXN102964,2026-01-11 00:00:00,POS,248.65,71,1.124,0.881
10934,TXN102965,2026-01-11 06:00:00,Online,631.38,81,0.818,0.764
11330,TXN102966,2026-01-11 12:00:00,Online,599.29,111,0.689,0.453
11187,TXN102967,2026-01-11 18:00:00,Online,971.78,137,0.462,0.77
10664,TXN102968,2026-01-12 00:00:00,POS,250.43,82,0.489,0.992
11089,TXN102969,2026-01-12 06:00:00,Online,157.31,72,0.826,1.279
11240,TXN102970,2026-01-12 12:00:00,Online,384.08,122,0.845,0.276
10603,TXN102971,2026-01-12 18:00:00,Online,1099.31,92,0.672,0.38
10026,TXN102972,2026-01-13 00:00:00,ATM,124.58,31,1.067,0.672
10669,TXN102973,2026-01-13 06:00:00,POS,591.08,35,0.771,0.764
10584,TXN102974,2026-01-13 12:00:00,Contactless,690.94,96,0.58,1.171
11068,TXN102975,2026-01-13 18:00:00,POS,513.33,139,0.521,1.044
11114,TXN102976,2026-01-14 00:00:00,Online,988.49,106,0.497,0.119
11157,TXN102977,2026-01-14 06:00:00,POS,349.89,149,0.918,0.582
11185,TXN102978,2026-01-14 12:00:00,POS,342.28,82,0.533,0.275
10380,TXN102979,2026-01-14 18:00:00,POS,650.55,52,0.788,0.335
11285,TXN102980,2026-01-15 00:00:00,Contactless,292.89,97,0.453,0.863
11407,TXN102981,2026-01-15 06:00:00,POS,733.11,106,0.692,0.739
10369,TXN102982,2026-01-15 12:00:00,POS,280.4,49,0.731,1.165
11135,TXN102983,2026-01-15 18:00:00,ATM,178.6,159,1.577,0.306
11101,TXN102984,2026-01-16 00:00:00,ATM,794.12,28,0.293,0.693
10209,TXN102985,2026-01-16 06:00:00,POS,266.73,29,1.033,0.549
11037,TXN102986,2026-01-16 12:00:00,Online,1184.26,128,0.481,1.141
10025,TXN102987,2026-01-16 18:00:00,Contactless,506.64,82,1.222,0.449
10546,TXN102988,2026-01-17 00:00:00,POS,211.08,91,0.506,0.761
11164,TXN102989,2026-01-17 06:00:00,Online,599.91,114,1.113,0.31
10275,TXN102990,2026-01-17 12:00:00,Contactless,202.42,63,0.828,1.105
11394,TXN102991,2026-01-17 18:00:00,Contactless,103.01,91,0.284,1.214
10874,TXN102992,2026-01-18 00:00:00,Online,451.58,49,0.82,0.505
10222,TXN102993,2026-01-18 06:00:00,Online,283.76,109,0.93,0.471
11061,TXN102994,2026-01-18 12:00:00,ATM,430.44,36,0.956,0.774
10875,TXN102995,2026-01-18 18:00:00,Online,265.82,150,0.667,0.471
11153,TXN102996,2026-01-19 00:00:00,Online,377.62,56,1.658,1.021
11340,TXN102997,2026-01-19 06:00:00,Contactless,514.95,121,1.431,0.828
11347,TXN102998,2026-01-19 12:00:00,POS,131.91,128,0.868,1.055
11457,TXN102999,2026-01-19 18:00:00,ATM,170.34,68,0.289,0.397
10218,TXN103000,2026-01-20 00:00:00,ATM,188.37,86,0.4,0.315
11272,TXN103001,2026-01-20 06:00:00,ATM,268.76,135,0.656,0.802
10111,TXN103002,2026-01-20 12:00:00,Contactless,165.78,16,0.716,1.173
10816,TXN103003,2026-01-20 18:00:00,POS,694.9,59,0.461,0.438
10708,TXN103004,2026-01-21 00:00:00,ATM,301.06,113,0.56,0.829
10147,TXN103005,2026-01-21 06:00:00,ATM,190.68,75,0.054,0.514
11368,TXN103006,2026-01-21 12:00:00,Contactless,455.11,140,-0.006,0.996
10552,TXN103007,2026-01-21 18:00:00,ATM,291.95,115,0.755,0.452
10134,TXN103008,2026-01-22 00:00:00,Contactless,920.17,16,1.307,0.777
10464,TXN103009,2026-01-22 06:00:00,Online,261.65,17,0.207,1.014
10864,TXN103010,2026-01-22 12:00:00,Online,1204.35,41,0.675,0.324
11215,TXN103011,2026-01-22 18:00:00,Online,423.5,28,0.744,0.869
11187,TXN103012,2026-01-23 00:00:00,Online,404.39,127,0.88,0.6
10456,TXN103013,2026-01-23 06:00:00,Online,193.62,149,0.571,0.937
11085,TXN103014,2026-01-23 12:00:00,Online,512.27,66,0.365,0.803
11029,TXN103015,2026-01-23 18:00:00,Contactless,988.33,147,0.976,0.583
11061,TXN103016,2026-01-24 00:00:00,Online,631.78,100,0.066,0.674
10460,TXN103017,2026-01-24 06:00:00,POS,838.3,30,0.884,0.186
11241,TXN103018,2026-01-24 12:00:00,ATM,32.2,157,0.469,0.944
10139,TXN103019,2026-01-24 18:00:00,Online,230.61,130,0.835,1.232
10618,TXN103020,2026-01-25 00:00:00,Online,691.51,141,1.156,0.548
11123,TXN103021,2026-01-25 06:00:00,Online,530.93,156,0.51,0.689
10680,TXN103022,2026-01-25 12:00:00,Online,376.44,38,0.621,1.14
10961,TXN103023,2026-01-25 18:00:00,Contactless,2746.39,80,0.603,0.198
11288,TXN103024,2026-01-26 00:00:00,Contactless,177.08,73,1.547,0.841
10599,TXN103025,2026-01-26 06:00:00,Contactless,378.7,148,0.705,1.169
10596,TXN103026,2026-01-26 12:00:00,Contactless,351.56,42,0.689,0.524
11248,TXN103027,2026-01-26 18:00:00,Online,491.05,34,0.72,0.548
10011,TXN103028,2026-01-27 00:00:00,ATM,222.55,35,1.224,1.072
10327,TXN103029,2026-01-27 06:00:00,ATM,130.24,45,0.527,0.394
11374,TXN103030,2026-01-27 12:00:00,Contactless,274.55,20,1.028,0.941
10379,TXN103031,2026-01-27 18:00:00,,439.24,39,0.484,0.805
10231,TXN103032,2026-01-28 00:00:00,POS,503.26,66,0.46,1.018
11165,TXN103033,2026-01-28 06:00:00,Online,508.94,106,0.88,0.664
10618,TXN103034,2026-01-28 12:00:00,Online,681.51,147,1.175,1.13
10765,TXN103035,2026-01-28 18:00:00,POS,523.43,34,0.616,0.592
10049,TXN103036,2026-01-29 00:00:00,Online,501.39,105,0.613,0.287
10451,TXN103037,2026-01-29 06:00:00,POS,416.42,66,0.972,0.269
10491,TXN103038,2026-01-29 12:00:00,POS,341.77,132,0.746,0.394
11229,TXN103039,2026-01-29 18:00:00,Online,1394.26,43,0.988,0.889
11433,TXN103040,2026-01-30 00:00:00,Online,581.72,95,0.181,0.49
10407,TXN103041,2026-01-30 06:00:00,Contactless,510.75,63,0.386,0.695
11075,TXN103042,2026-01-30 12:00:00,ATM,363.5,60,0.728,0.725
10175,TXN103043,2026-01-30 18:00:00,POS,538.16,15,0.908,0.483
11285,TXN103044,2026-01-31 00:00:00,Contactless,594.94,63,0.705,0.744
10480,TXN103045,2026-01-31 06:00:00,Online,246.68,26,0.778,0.963
10223,TXN103046,2026-01-31 12:00:00,Online,424.51,97,0.962,0.71
10269,TXN103047,2026-01-31 18:00:00,Online,484.47,146,0.314,0.957
10810,TXN103048,2026-02-01 00:00:00,POS,872.24,11,0.962,0.594
10893,TXN103049,2026-02-01 06:00:00,POS,226.05,29,1.118,0.774
10901,TXN103050,2026-02-01 12:00:00,Online,88.25,100,0.63,0.727
10919,TXN103051,2026-02-01 18:00:00,Online,677.18,15,0.449,1.001
10318,TXN103052,2026-02-02 00:00:00,ATM,123.21,128,1.061,0.819
10385,TXN103053,2026-02-02 06:00:00,POS,300.99,88,1.352,0.52
10626,TXN103054,2026-02-02 12:00:00,Contactless,402.68,64,0.802,0.837
11243,TXN103055,2026-02-02 18:00:00,Online,135.17,57,0.441,0.432
11078,TXN103056,2026-02-03 00:00:00,POS,171.01,67,0.748,0.813
11224,TXN103057,2026-02-03 06:00:00,ATM,96.32,158,0.458,0.691
10643,TXN103058,2026-02-03 12:00:00,Contactless,191.99,15,1.001,0.742
11363,TXN103059,2026-02-03 18:00:00,Online,963.86,39,0.732,0.689
10704,TXN103060,2026-02-04 00:00:00,Online,1225.7,45,0.425,0.53
10305,TXN103061,2026-02-04 06:00:00,Online,498.48,119,0.82,0.495
11269,TXN103062,2026-02-04 12:00:00,POS,249.61,130,0.521,1.003
10842,TXN103063,2026-02-04 18:00:00,POS,455.03,12,0.29,1.227
11232,TXN103064,2026-02-05 00:00:00,POS,564.55,99,1.016,0.776
10511,TXN103065,2026-02-05 06:00:00,Online,182.53,39,0.855,0.709
11283,TXN103066,2026-02-05 12:00:00,POS,203.29,124,0.586,0.356
11404,TXN103067,2026-02-05 18:00:00,Online,1075.12,158,1.195,0.207
10163,TXN103068,2026-02-06 00:00:00,Contactless,878.05,127,0.489,0.25
10738,TXN103069,2026-02-06 06:00:00,ATM,418.27,97,0.598,0.849
10341,TXN103070,2026-02-06 12:00:00,POS,190.0,13,0.881,0.203
10932,TXN103071,2026-02-06 18:00:00,POS,182.12,60,1.057,0.884
10530,TXN103072,2026-02-07 00:00:00,Online,206.17,33,0.887,0.393
10034,TXN103073,2026-02-07 06:00:00,POS,440.92,55,0.553,0.745
10998,TXN103074,2026-02-07 12:00:00,Online,470.14,125,0.667,0.586
10323,TXN103075,2026-02-07 18:00:00,ATM,137.77,36,0.524,0.403
11205,TXN103076,2026-02-08 00:00:00,POS,248.26,104,0.634,0.312
10347,TXN103077,2026-02-08 06:00:00,Online,194.34,120,0.66,0.218
11216,TXN103078,2026-02-08 12:00:00,POS,466.06,108,0.896,0.397
10721,TXN103079,2026-02-08 18:00:00,Online,835.08,125,0.508,1.323
11270,TXN103080,2026-02-09 00:00:00,Online,152.19,29,1.084,1.065
10245,TXN103081,2026-02-09 06:00:00,Contactless,21.6,89,0.741,0.751
10678,TXN103082,2026-02-09 12:00:00,POS,136.79,104,0.451,0.597
10915,TXN103083,2026-02-09 18:00:00,POS,252.59,155,0.886,0.536
10723,TXN103084,2026-02-10 00:00:00,POS,613.94,145,0.708,0.731
11004,TXN103085,2026-02-10 06:00:00,POS,655.33,23,0.589,0.54
10133,TXN103086,2026-02-10 12:00:00,POS,170.97,155,1.246,0.538
11221,TXN103087,2026-02-10 18:00:00,Online,270.09,74,0.641,0.836
10910,TXN103088,2026-02-11 00:00:00,POS,446.2,29,0.591,0.417
11371,TXN103089,2026-02-11 06:00:00,ATM,270.89,79,1.086,0.005
10049,TXN103090,2026-02-11 12:00:00,Contactless,584.67,54,0.926,0.536
11088,TXN103091,2026-02-11 18:00:00,Online,603.19,10,1.014,1.107
11128,TXN103092,2026-02-12 00:00:00,Online,1017.67,156,0.553,0.244
10213,TXN103093,2026-02-12 06:00:00,Contactless,534.58,48,0.827,0.353
10119,TXN103094,2026-02-12 12:00:00,POS,1026.67,128,0.265,0.522
10856,TXN103095,2026-02-12 18:00:00,Contactless,858.49,65,0.078,0.253
10761,TXN103096,2026-02-13 00:00:00,POS,1142.07,153,0.543,1.121
10679,TXN103097,2026-02-13 06:00:00,POS,500.2,16,0.767,0.727
10895,TXN103098,2026-02-13 12:00:00,Online,172.84,29,1.59,0.202
11266,TXN103099,2026-02-13 18:00:00,Online,766.09,93,1.187,0.664
10280,TXN103100,2026-02-14 00:00:00,POS,20.0,88,0.367,0.689
10424,TXN103101,2026-02-14 06:00:00,Online,389.25,119,1.056,0.632
10363,TXN103102,2026-02-14 12:00:00,POS,482.71,10,0.279,0.654
11021,TXN103103,2026-02-14 18:00:00,ATM,570.62,154,1.287,0.664
11330,TXN103104,2026-02-15 00:00:00,Online,129.73,89,0.573,0.787
10314,TXN103105,2026-02-15 06:00:00,Online,156.49,36,0.549,0.805
11191,TXN103106,2026-02-15 12:00:00,Contactless,261.74,128,1.107,0.281
11418,TXN103107,2026-02-15 18:00:00,Online,685.37,132,0.554,0.717
10770,TXN103108,2026-02-16 00:00:00,POS,878.35,33,1.362,0.751
11087,TXN103109,2026-02-16 06:00:00,ATM,440.06,61,0.55,0.529
10272,TXN103110,2026-02-16 12:00:00,Online,1004.05,60,1.061,1.178
11061,TXN103111,2026-02-16 18:00:00,ATM,665.7,66,0.791,0.677
11040,TXN103112,2026-02-17 00:00:00,POS,556.76,64,0.988,0.841
10343,TXN103113,2026-02-17 06:00:00,Online,289.77,62,0.397,0.574
10346,TXN103114,2026-02-17 12:00:00,Contactless,943.62,98,0.108,0.615
10233,TXN103115,2026-02-17 18:00:00,POS,647.1,28,0.421,0.796
10990,TXN103116,2026-02-18 00:00:00,POS,895.6,118,0.609,0.312
10576,TXN103117,2026-02-18 06:00:00,POS,458.84,150,0.68,0.909
10416,TXN103118,2026-02-18 12:00:00,Online,436.88,38,0.581,0.355
10905,TXN103119,2026-02-18 18:00:00,Online,1298.74,143,0.002,0.947
10267,TXN103120,2026-02-19 00:00:00,Online,697.15,129,0.526,0.625
10997,TXN103121,2026-02-19 06:00:00,Online,170.81,138,0.764,1.277
11350,TXN103122,2026-02-19 12:00:00,Online,205.94,83,0.665,0.975
10744,TXN103123,2026-02-19 18:00:00,Online,327.72,108,0.619,0.977
10911,TXN103124,2026-02-20 00:00:00,Online,509.47,15,0.589,0.741
10443,TXN103125,2026-02-20 06:00:00,Online,155.24,157,0.77,0.983
10560,TXN103126,2026-02-20 12:00:00,POS,534.25,85,0.383,0.913
10076,TXN103127,2026-02-20 18:00:00,Online,531.03,76,0.664,0.158
10247,TXN103128,2026-02-21 00:00:00,POS,94.15,27,0.607,0.456
10580,TXN103129,2026-02-21 06:00:00,POS,112.71,30,0.313,0.44
10313,TXN103130,2026-02-21 12:00:00,ATM,743.37,28,0.686,0.482
10576,TXN103131,2026-02-21 18:00:00,POS,420.03,65,0.055,0.628
10343,TXN103132,2026-02-22 00:00:00,Contactless,216.98,27,0.512,0.845
10715,TXN103133,2026-02-22 06:00:00,POS,515.04,115,0.868,1.029
11206,TXN103134,2026-02-22 12:00:00,Online,729.29,62,0.894,0.87
10984,TXN103135,2026-02-22 18:00:00,POS,565.47,95,0.755,1.047
10726,TXN103136,2026-02-23 00:00:00,POS,539.7,59,0.829,0.404
10632,TXN103137,2026-02-23 06:00:00,POS,653.57,136,0.967,0.559
10399,TXN103138,2026-02-23 12:00:00,POS,858.52,13,0.787,0.627
11265,TXN103139,2026-02-23 18:00:00,POS,873.5,72,1.162,0.513
10714,TXN103140,2026-02-24 00:00:00,Online,337.62,122,0.007,0.386
10924,TXN103141,2026-02-24 06:00:00,Contactless,645.55,65,1.039,0.809
10292,TXN103142,2026-02-24 12:00:00,POS,783.92,159,-0.011,0.503
10054,TXN103143,2026-02-24 18:00:00,POS,643.56,149,0.531,0.926
11169,TXN103144,2026-02-25 00:00:00,Contactless,178.99,22,1.006,0.358
11380,TXN103145,2026-02-25 06:00:00,ATM,710.09,114,0.967,0.942
10983,TXN103146,2026-02-25 12:00:00,POS,163.42,42,0.411,0.76
10477,TXN103147,2026-02-25 18:00:00,Contactless,570.28,73,0.733,0.76
10022,TXN103148,2026-02-26 00:00:00,POS,211.41,92,0.542,0.768
11355,TXN103149,2026-02-26 06:00:00,POS,433.03,114,1.047,0.677
11316,TXN103150,2026-02-26 12:00:00,Contactless,454.29,154,0.723,0.682
11260,TXN103151,2026-02-26 18:00:00,Online,696.72,43,0.523,0.624
11053,TXN103152,2026-02-27 00:00:00,POS,289.82,77,0.884,0.784
10695,TXN103153,2026-02-27 06:00:00,Online,614.67,48,0.953,0.854
10160,TXN103154,2026-02-27 12:00:00,ATM,953.83,138,0.682,0.573
10910,TXN103155,2026-02-27 18:00:00,Online,823.77,142,0.979,1.089
10530,TXN103156,2026-02-28 00:00:00,POS,872.22,49,1.297,0.597
10101,TXN103157,2026-02-28 06:00:00,Online,48.5,72,0.022,0.503
11314,TXN103158,2026-02-28 12:00:00,Online,163.88,138,1.172,0.658
11401,TXN103159,2026-02-28 18:00:00,Contactless,140.55,154,1.251,0.486
11197,TXN103160,2026-03-01 00:00:00,Online,177.57,103,0.907,0.831
10343,TXN103161,2026-03-01 06:00:00,Online,104.23,108,0.641,0.66
10579,TXN103162,2026-03-01 12:00:00,Online,93.08,69,0.204,0.905
11215,TXN103163,2026-03-01 18:00:00,POS,282.45,138,0.765,0.683
11463,TXN103164,2026-03-02 00:00:00,ATM,658.54,141,0.609,0.674
10790,TXN103165,2026-03-02 06:00:00,Contactless,767.74,146,0.263,0.586
11367,TXN103166,2026-03-02 12:00:00,Online,177.51,54,0.52,0.932
10845,TXN103167,2026-03-02 18:00:00,POS,417.73,78,0.736,0.632
10125,TXN103168,2026-03-03 00:00:00,POS,673.55,23,0.844,0.774
10890,TXN103169,2026-03-03 06:00:00,POS,838.71,98,0.391,0.993
10669,TXN103170,2026-03-03 12:00:00,ATM,981.18,45,-0.083,0.675
11384,TXN103171,2026-03-03 18:00:00,ATM,730.32,41,0.661,0.672
10503,TXN103172,2026-03-04 00:00:00,Online,976.86,82,0.429,0.636
10173,TXN103173,2026-03-04 06:00:00,Online,149.3,59,0.597,0.753
10887,TXN103174,2026-03-04 12:00:00,ATM,212.79,66,0.034,0.926
11418,TXN103175,2026-03-04 18:00:00,POS,259.85,126,0.638,0.918
11485,TXN103176,2026-03-05 00:00:00,POS,22.72,120,0.88,0.838
10120,TXN103177,2026-03-05 06:00:00,POS,525.25,98,0.595,1.039
10273,TXN103178,2026-03-05 12:00:00,POS,71.25,113,0.786,0.723
11382,TXN103179,2026-03-05 18:00:00,POS,215.71,63,0.647,1.093
11410,TXN103180,2026-03-06 00:00:00,Online,600.24,62,0.06,0.994
10913,TXN103181,2026-03-06 06:00:00,POS,177.05,78,0.778,0.517
10876,TXN103182,2026-03-06 12:00:00,Online,377.39,23,0.475,0.92
10858,TXN103183,2026-03-06 18:00:00,ATM,528.37,14,0.286,0.18
11343,TXN103184,2026-03-07 00:00:00,ATM,230.71,127,0.987,1.037
10261,TXN103185,2026-03-07 06:00:00,POS,821.42,152,0.844,0.68
11305,TXN103186,2026-03-07 12:00:00,POS,715.65,76,0.536,0.482
11353,TXN103187,2026-03-07 18:00:00,Online,970.4,10,0.696,0.211
11148,TXN103188,2026-03-08 00:00:00,Online,349.74,118,0.806,0.662
11500,TXN103189,2026-03-08 06:00:00,Online,423.37,71,0.155,1.04
10278,TXN103190,2026-03-08 12:00:00,Online,725.43,87,0.351,0.768
10093,TXN103191,2026-03-08 18:00:00,ATM,1613.1,66,0.368,0.589
10959,TXN103192,2026-03-09 00:00:00,Contactless,281.77,29,0.924,0.647
10823,TXN103193,2026-03-09 06:00:00,Online,429.25,23,1.298,1.072
10128,TXN103194,2026-03-09 12:00:00,Online,278.76,44,0.957,0.896
10532,TXN103195,2026-03-09 18:00:00,Contactless,1029.47,156,0.791,0.688
10773,TXN103196,2026-03-10 00:00:00,POS,546.31,93,0.39,0.962
10167,TXN103197,2026-03-10 06:00:00,POS,269.03,51,1.009,0.922
10831,TXN103198,2026-03-10 12:00:00,Contactless,231.71,107,0.623,0.451
10236,TXN103199,2026-03-10 18:00:00,POS,571.73,10,0.396,0.603
11056,TXN103200,2026-03-11 00:00:00,POS,330.01,77,1.003,1.097
11255,TXN103201,2026-03-11 06:00:00,POS,888.11,113,1.215,0.889
10191,TXN103202,2026-03-11 12:00:00,Online,336.72,87,1.009,1.196
10657,TXN103203,2026-03-11 18:00:00,POS,483.97,60,1.582,0.868
10613,TXN103204,2026-03-12 00:00:00,Online,86.06,41,0.485,0.501
11481,TXN103205,2026-03-12 06:00:00,POS,96.6,109,0.586,0.694
10255,TXN103206,2026-03-12 12:00:00,Online,688.56,156,0.442,0.92
11303,TXN103207,2026-03-12 18:00:00,POS,443.28,48,0.44,0.698
10973,TXN103208,2026-03-13 00:00:00,POS,696.34,151,1.239,0.717
11080,TXN103209,2026-03-13 06:00:00,Online,516.18,51,0.362,1.27
10649,TXN103210,2026-03-13 12:00:00,Online,790.62,23,0.558,0.634
10106,TXN103211,2026-03-13 18:00:00,ATM,970.12,125,1.191,0.79
10192,TXN103212,2026-03-14 00:00:00,POS,663.01,148,0.885,0.773
11003,TXN103213,2026-03-14 06:00:00,ATM,256.02,84,0.394,0.956
11302,TXN103214,2026-03-14 12:00:00,ATM,448.57,56,0.722,0.773
10175,TXN103215,2026-03-14 18:00:00,Online,218.41,113,0.155,0.736
10635,TXN103216,2026-03-15 00:00:00,POS,229.51,33,0.68,1.264
10085,TXN103217,2026-03-15 06:00:00,ATM,145.12,159,0.777,0.671
10948,TXN103218,2026-03-15 12:00:00,POS,482.36,64,0.799,0.905
10728,TXN103219,2026-03-15 18:00:00,Contactless,1689.56,79,1.407,0.34
11240,TXN103220,2026-03-16 00:00:00,POS,592.63,87,1.01,0.701
11038,TXN103221,2026-03-16 06:00:00,POS,95.62,82,0.34,0.673
11061,TXN103222,2026-03-16 12:00:00,ATM,228.39,53,0.788,0.68
11051,TXN103223,2026-03-16 18:00:00,Online,377.75,98,0.727,0.218
10070,TXN103224,2026-03-17 00:00:00,POS,792.71,24,1.403,0.601
10154,TXN103225,2026-03-17 06:00:00,Online,510.8,54,0.596,0.457
11462,TXN103226,2026-03-17 12:00:00,Online,1015.77,131,0.796,1.004
10765,TXN103227,2026-03-17 18:00:00,Online,255.23,71,0.843,0.458
10271,TXN103228,2026-03-18 00:00:00,POS,633.74,101,0.376,0.876
10541,TXN103229,2026-03-18 06:00:00,ATM,691.1,22,0.216,0.889
11098,TXN103230,2026-03-18 12:00:00,Online,197.3,114,0.671,0.533
10571,TXN103231,2026-03-18 18:00:00,ATM,724.76,14,0.983,0.462
10149,TXN103232,2026-03-19 00:00:00,Online,575.81,92,0.29,0.621
10010,TXN103233,2026-03-19 06:00:00,Online,453.73,145,0.715,0.589
10644,TXN103234,2026-03-19 12:00:00,Contactless,537.01,150,0.516,0.425
10062,TXN103235,2026-03-19 18:00:00,Online,1790.72,26,0.072,0.617
11412,TXN103236,2026-03-20 00:00:00,Online,355.18,41,0.832,0.787
10774,TXN103237,2026-03-20 06:00:00,Online,972.43,14,0.893,0.367
11256,TXN103238,2026-03-20 12:00:00,Online,748.75,135,0.985,0.645
10528,TXN103239,2026-03-20 18:00:00,POS,134.24,146,1.024,0.553
10445,TXN103240,2026-03-21 00:00:00,Online,343.2,116,0.715,0.726
11345,TXN103241,2026-03-21 06:00:00,POS,791.0,10,0.89,1.228
11107,TXN103242,2026-03-21 12:00:00,POS,72.39,135,0.816,0.276
11458,TXN103243,2026-03-21 18:00:00,POS,1497.36,41,-0.151,0.67
10017,TXN103244,2026-03-22 00:00:00,Contactless,846.49,135,0.225,0.778
10369,TXN103245,2026-03-22 06:00:00,Online,197.58,108,0.491,0.557
10684,TXN103246,2026-03-22 12:00:00,POS,192.17,122,0.768,0.803
10908,TXN103247,2026-03-22 18:00:00,POS,125.75,20,0.844,0.291
10583,TXN103248,2026-03-23 00:00:00,Online,513.65,32,0.978,0.602
10255,TXN103249,2026-03-23 06:00:00,ATM,503.0,128,0.986,-0.047
10456,TXN103250,2026-03-23 12:00:00,POS,492.13,35,0.815,0.632
10643,TXN103251,2026-03-23 18:00:00,Online,465.46,72,0.922,0.355
10561,TXN103252,2026-03-24 00:00:00,Online,903.41,78,1.287,0.788
10533,TXN103253,2026-03-24 06:00:00,Online,755.25,99,0.894,1.096
11416,TXN103254,2026-03-24 12:00:00,ATM,788.98,143,0.738,0.777
10320,TXN103255,2026-03-24 18:00:00,ATM,339.7,60,0.91,0.679
10220,TXN103256,2026-03-25 00:00:00,POS,410.76,52,1.035,0.554
10699,TXN103257,2026-03-25 06:00:00,Online,1177.18,150,1.292,0.622
11438,TXN103258,2026-03-25 12:00:00,POS,342.66,34,0.367,0.626
10032,TXN103259,2026-03-25 18:00:00,ATM,340.55,139,0.176,0.705
10715,TXN103260,2026-03-26 00:00:00,POS,135.38,23,0.823,0.834
10754,TXN103261,2026-03-26 06:00:00,Online,1386.16,154,0.244,0.485
11040,TXN103262,2026-03-26 12:00:00,Online,846.52,114,0.663,1.021
10409,TXN103263,2026-03-26 18:00:00,Online,862.7,113,1.384,0.64
10828,TXN103264,2026-03-27 00:00:00,Online,974.8,48,0.751,0.704
10173,TXN103265,2026-03-27 06:00:00,ATM,407.58,57,0.755,1.06
11203,TXN103266,2026-03-27 12:00:00,Online,549.97,124,0.61,0.104
10936,TXN103267,2026-03-27 18:00:00,Contactless,730.55,58,1.277,-0.013
11128,TXN103268,2026-03-28 00:00:00,POS,754.31,36,0.898,0.809
11341,TXN103269,2026-03-28 06:00:00,POS,52.91,54,0.586,0.702
10707,TXN103270,2026-03-28 12:00:00,POS,440.33,40,1.268,1.116
10976,TXN103271,2026-03-28 18:00:00,Online,916.29,72,0.815,0.385
10783,TXN103272,2026-03-29 00:00:00,Online,588.45,121,0.605,0.836
11205,TXN103273,2026-03-29 06:00:00,Contactless,1083.95,117,0.019,0.599
10132,TXN103274,2026-03-29 12:00:00,POS,272.06,74,0.798,0.965
10663,TXN103275,2026-03-29 18:00:00,Online,343.16,20,0.592,0.088
11179,TXN103276,2026-03-30 00:00:00,Online,1578.55,152,0.64,0.626
10359,TXN103277,2026-03-30 06:00:00,Online,484.35,106,0.62,0.904
11259,TXN103278,2026-03-30 12:00:00,Online,277.93,121,0.109,0.478
10760,TXN103279,2026-03-30 18:00:00,Online,532.05,42,1.647,0.685
10165,TXN103280,2026-03-31 00:00:00,Online,925.96,38,0.507,0.714
10717,TXN103281,2026-03-31 06:00:00,POS,205.38,20,0.984,0.794
10427,TXN103282,2026-03-31 12:00:00,ATM,67.12,150,0.673,0.395
10677,TXN103283,2026-03-31 18:00:00,Online,1139.83,78,-0.208,0.564
10488,TXN103284,2026-04-01 00:00:00,POS,865.36,30,0.698,0.839
10213,TXN103285,2026-04-01 06:00:00,Online,127.82,12,0.792,0.908
10766,TXN103286,2026-04-01 12:00:00,Online,328.15,103,0.559,0.748
10157,TXN103287,2026-04-01 18:00:00,POS,608.63,31,1.258,0.604
11099,TXN103288,2026-04-02 00:00:00,ATM,754.74,71,1.377,0.726
10435,TXN103289,2026-04-02 06:00:00,Online,622.53,14,0.85,0.936
11202,TXN103290,2026-04-02 12:00:00,POS,457.4,156,0.898,0.756
10842,TXN103291,2026-04-02 18:00:00,Contactless,54.2,18,0.347,0.369
10645,TXN103292,2026-04-03 00:00:00,ATM,521.69,67,0.345,0.385
10312,TXN103293,2026-04-03 06:00:00,Online,40.86,33,0.521,0.71
10127,TXN103294,2026-04-03 12:00:00,Online,461.93,70,1.45,0.235
10377,TXN103295,2026-04-03 18:00:00,Contactless,623.96,136,0.558,0.922
11369,TXN103296,2026-04-04 00:00:00,Online,1153.79,57,1.211,0.44
10225,TXN103297,2026-04-04 06:00:00,POS,767.64,71,0.497,0.376
11041,TXN103298,2026-04-04 12:00:00,POS,439.3,158,0.413,1.173
10497,TXN103299,2026-04-04 18:00:00,POS,556.11,47,0.575,0.557
10473,TXN103300,2026-04-05 00:00:00,Online,189.1,127,0.566,0.779
11335,TXN103301,2026-04-05 06:00:00,POS,336.59,68,0.496,0.868
11161,TXN103302,2026-04-05 12:00:00,Online,670.45,106,1.297,1.106
10475,TXN103303,2026-04-05 18:00:00,POS,193.88,26,0.731,0.534
10217,TXN103304,2026-04-06 00:00:00,POS,393.7,78,0.68,0.75
10196,TXN103305,2026-04-06 06:00:00,Online,365.62,32,0.759,0.667
10201,TXN103306,2026-04-06 12:00:00,POS,1446.64,112,1.07,1.372
10366,TXN103307,2026-04-06 18:00:00,Contactless,534.99,103,0.759,0.134
10719,TXN103308,2026-04-07 00:00:00,Contactless,790.34,55,0.857,0.655
10400,TXN103309,2026-04-07 06:00:00,Online,57.23,38,1.106,0.695
10590,TXN103310,2026-04-07 12:00:00,POS,492.05,43,0.376,0.669
10214,TXN103311,2026-04-07 18:00:00,POS,93.45,19,0.457,0.295
10341,TXN103312,2026-04-08 00:00:00,POS,564.48,29,0.788,0.181
11353,TXN103313,2026-04-08 06:00:00,ATM,529.25,43,0.502,0.269
10959,TXN103314,2026-04-08 12:00:00,Contactless,518.12,110,0.669,0.941
10119,TXN103315,2026-04-08 18:00:00,Online,137.06,150,0.364,0.695
11449,TXN103316,2026-04-09 00:00:00,ATM,569.8,96,0.448,0.207
10836,TXN103317,2026-04-09 06:00:00,Online,288.35,147,1.139,1.101
10842,TXN103318,2026-04-09 12:00:00,Contactless,631.85,54,0.622,1.25
10867,TXN103319,2026-04-09 18:00:00,ATM,779.74,137,0.589,0.784
11397,TXN103320,2026-04-10 00:00:00,POS,564.79,98,0.461,0.82
11203,TXN103321,2026-04-10 06:00:00,ATM,279.07,91,0.44,0.725
11456,TXN103322,2026-04-10 12:00:00,POS,276.4,128,0.387,0.524
10945,TXN103323,2026-04-10 18:00:00,POS,422.12,101,0.298,0.188
10402,TXN103324,2026-04-11 00:00:00,Contactless,234.34,145,0.504,0.397
11418,TXN103325,2026-04-11 06:00:00,Online,509.27,14,0.71,0.685
10883,TXN103326,2026-04-11 12:00:00,Contactless,596.36,29,0.974,0.861
10566,TXN103327,2026-04-11 18:00:00,Online,54.71,130,0.72,0.635
11103,TXN103328,2026-04-12 00:00:00,POS,705.71,67,0.397,0.673
10424,TXN103329,2026-04-12 06:00:00,Online,570.44,157,0.561,0.712
10118,TXN103330,2026-04-12 12:00:00,Online,274.82,98,0.539,0.73
10368,TXN103331,2026-04-12 18:00:00,POS,877.58,109,0.519,0.536
11130,TXN103332,2026-04-13 00:00:00,Online,195.82,124,0.617,0.816
11129,TXN103333,2026-04-13 06:00:00,Contactless,362.87,83,1.061,0.389
11327,TXN103334,2026-04-13 12:00:00,Online,459.22,25,0.986,0.786
10630,TXN103335,2026-04-13 18:00:00,Online,366.8,13,1.309,0.275
10148,TXN103336,2026-04-14 00:00:00,Contactless,332.54,19,0.437,0.366
10150,TXN103337,2026-04-14 06:00:00,ATM,323.6,57,0.359,0.499
10816,TXN103338,2026-04-14 12:00:00,POS,454.52,29,0.621,0.754
10256,TXN103339,2026-04-14 18:00:00,Online,674.21,41,1.158,0.766
10082,TXN103340,2026-04-15 00:00:00,ATM,935.82,69,0.013,0.462
10016,TXN103341,2026-04-15 06:00:00,POS,582.05,20,0.79,0.303
10901,TXN103342,2026-04-15 12:00:00,Contactless,577.84,29,0.632,1.038
10193,TXN103343,2026-04-15 18:00:00,POS,533.07,32,0.968,0.719
10723,TXN103344,2026-04-16 00:00:00,ATM,271.14,136,0.897,0.662
11098,TXN103345,2026-04-16 06:00:00,ATM,242.42,86,0.967,0.802
11301,TXN103346,2026-04-16 12:00:00,POS,305.62,44,0.922,0.433
11085,TXN103347,2026-04-16 18:00:00,ATM,160.63,154,1.731,1.0
10973,TXN103348,2026-04-17 00:00:00,POS,547.69,19,1.375,0.861
10951,TXN103349,2026-04-17 06:00:00,Online,481.17,47,1.039,0.621
10536,TXN103350,2026-04-17 12:00:00,Online,737.6,92,0.58,0.683
10343,TXN103351,2026-04-17 18:00:00,Online,231.73,41,0.618,0.633
10395,TXN103352,2026-04-18 00:00:00,ATM,752.8,63,1.152,1.073
10943,TXN103353,2026-04-18 06:00:00,POS,374.61,66,1.166,0.821
10258,TXN103354,2026-04-18 12:00:00,POS,329.46,116,0.452,0.852
11222,TXN103355,2026-04-18 18:00:00,ATM,763.43,34,0.05,0.719
10053,TXN103356,2026-04-19 00:00:00,POS,58.93,151,0.109,0.7
10651,TXN103357,2026-04-19 06:00:00,Online,1139.49,54,1.16,1.226
10271,TXN103358,2026-04-19 12:00:00,Online,1644.29,127,1.226,0.598
10201,TXN103359,2026-04-19 18:00:00,Online,963.04,47,0.756,0.761
10396,TXN103360,2026-04-20 00:00:00,Online,254.25,134,0.863,1.277
10378,TXN103361,2026-04-20 06:00:00,Online,662.3,45,1.374,1.072
10676,TXN103362,2026-04-20 12:00:00,POS,904.22,97,1.455,0.806
10535,TXN103363,2026-04-20 18:00:00,Online,278.57,133,0.988,0.277
10923,TXN103364,2026-04-21 00:00:00,Online,515.98,22,0.742,1.307
11112,TXN103365,2026-04-21 06:00:00,Contactless,783.44,133,0.599,0.633
10398,TXN103366,2026-04-21 12:00:00,Contactless,760.65,24,0.651,0.723
11206,TXN103367,2026-04-21 18:00:00,POS,587.51,67,0.479,0.989
10867,TXN103368,2026-04-22 00:00:00,Online,520.11,121,0.978,0.642
11307,TXN103369,2026-04-22 06:00:00,ATM,628.29,68,0.704,0.76
10561,TXN103370,2026-04-22 12:00:00,POS,935.12,61,0.463,0.718
10190,TXN103371,2026-04-22 18:00:00,Online,296.4,78,1.145,0.598
10205,TXN103372,2026-04-23 00:00:00,POS,590.09,112,0.944,0.798
10968,TXN103373,2026-04-23 06:00:00,Online,638.99,14,0.84,0.522
10044,TXN103374,2026-04-23 12:00:00,Contactless,434.69,52,0.694,0.382
11004,TXN103375,2026-04-23 18:00:00,ATM,194.78,17,0.91,0.851
11324,TXN103376,2026-04-24 00:00:00,Online,283.47,87,0.628,1.05
11019,TXN103377,2026-04-24 06:00:00,POS,278.77,102,1.719,0.492
10640,TXN103378,2026-04-24 12:00:00,POS,483.79,72,1.549,0.553
10994,TXN103379,2026-04-24 18:00:00,Contactless,504.1,41,0.464,0.701
10701,TXN103380,2026-04-25 00:00:00,POS,437.24,106,0.659,0.702
11303,TXN103381,2026-04-25 06:00:00,Online,421.08,127,0.435,0.148
10713,TXN103382,2026-04-25 12:00:00,Online,1004.82,33,0.094,0.581
11409,TXN103383,2026-04-25 18:00:00,Online,20.0,59,1.347,1.203
10637,TXN103384,2026-04-26 00:00:00,Contactless,971.62,127,0.698,1.091
10804,TXN103385,2026-04-26 06:00:00,Contactless,501.96,137,0.367,1.177
10311,TXN103386,2026-04-26 12:00:00,Online,1948.24,121,0.143,0.873
10878,TXN103387,2026-04-26 18:00:00,Online,722.91,47,0.828,0.551
10857,TXN103388,2026-04-27 00:00:00,POS,278.99,158,0.875,0.772
10274,TXN103389,2026-04-27 06:00:00,ATM,147.28,91,0.894,0.868
11475,TXN103390,2026-04-27 12:00:00,Online,1171.63,79,1.125,0.608
10531,TXN103391,2026-04-27 18:00:00,POS,1047.31,78,1.064,0.217
10017,TXN103392,2026-04-28 00:00:00,Online,707.01,155,0.299,0.954
10718,TXN103393,2026-04-28 06:00:00,Online,871.45,22,0.369,0.574
11054,TXN103394,2026-04-28 12:00:00,ATM,565.12,128,1.091,0.875
10470,TXN103395,2026-04-28 18:00:00,POS,188.2,111,0.534,0.257
10811,TXN103396,2026-04-29 00:00:00,POS,758.09,30,0.237,0.52
11328,TXN103397,2026-04-29 06:00:00,ATM,742.46,86,0.269,0.809
10555,TXN103398,2026-04-29 12:00:00,ATM,971.8,91,1.078,0.877
10093,TXN103399,2026-04-29 18:00:00,Online,488.45,86,1.072,0.91
10882,TXN103400,2026-04-30 00:00:00,POS,526.62,108,0.795,0.681
10578,TXN103401,2026-04-30 06:00:00,ATM,394.14,52,0.42,0.754
10631,TXN103402,2026-04-30 12:00:00,POS,714.39,131,0.728,0.809
10821,TXN103403,2026-04-30 18:00:00,POS,102.19,133,0.694,0.79
10584,TXN103404,2026-05-01 00:00:00,Online,279.72,29,0.596,0.86
10846,TXN103405,2026-05-01 06:00:00,Online,522.57,64,0.989,0.378
11186,TXN103406,2026-05-01 12:00:00,Online,717.36,83,0.582,1.222
10842,TXN103407,2026-05-01 18:00:00,POS,1517.96,81,0.939,0.648
10328,TXN103408,2026-05-02 00:00:00,POS,422.71,55,0.867,0.673
10730,TXN103409,2026-05-02 06:00:00,Contactless,739.35,88,0.245,0.619
10254,TXN103410,2026-05-02 12:00:00,POS,527.01,155,1.448,0.765
11464,TXN103411,2026-05-02 18:00:00,POS,233.12,24,0.952,0.296
10571,TXN103412,2026-05-03 00:00:00,POS,650.19,108,0.193,0.564
10544,TXN103413,2026-05-03 06:00:00,POS,551.69,75,0.247,0.166
10851,TXN103414,2026-05-03 12:00:00,ATM,332.68,150,1.304,0.569
10120,TXN103415,2026-05-03 18:00:00,ATM,424.85,118,0.813,0.744
10975,TXN103416,2026-05-04 00:00:00,POS,434.56,66,0.946,0.859
10822,TXN103417,2026-05-04 06:00:00,Online,416.7,146,0.886,0.683
10514,TXN103418,2026-05-04 12:00:00,Contactless,1115.15,130,1.131,0.78
10979,TXN103419,2026-05-04 18:00:00,POS,462.81,108,1.146,0.228
10097,TXN103420,2026-05-05 00:00:00,ATM,205.17,75,0.443,0.744
10871,TXN103421,2026-05-05 06:00:00,ATM,176.02,153,0.926,1.052
11394,TXN103422,2026-05-05 12:00:00,POS,442.86,119,0.258,0.83
11441,TXN103423,2026-05-05 18:00:00,POS,544.24,139,0.369,0.491
10257,TXN103424,2026-05-06 00:00:00,Contactless,393.43,153,0.644,0.747
10128,TXN103425,2026-05-06 06:00:00,ATM,431.5,81,0.155,1.082
11383,TXN103426,2026-05-06 12:00:00,ATM,447.12,10,0.478,0.859
11180,TXN103427,2026-05-06 18:00:00,POS,119.87,114,-0.01,0.867
10057,TXN103428,2026-05-07 00:00:00,Contactless,262.01,142,0.743,0.48
10582,TXN103429,2026-05-07 06:00:00,ATM,253.06,30,1.325,0.599
10556,TXN103430,2026-05-07 12:00:00,ATM,390.39,44,0.761,0.681
10724,TXN103431,2026-05-07 18:00:00,Online,280.71,113,0.762,1.206
10653,TXN103432,2026-05-08 00:00:00,POS,156.83,63,0.624,0.444
11100,TXN103433,2026-05-08 06:00:00,Online,640.88,133,1.092,0.773
10158,TXN103434,2026-05-08 12:00:00,POS,421.92,117,0.732,0.888
10085,TXN103435,2026-05-08 18:00:00,POS,235.44,53,0.365,0.908
10322,TXN103436,2026-05-09 00:00:00,Online,210.53,94,0.809,0.63
10309,TXN103437,2026-05-09 06:00:00,POS,247.13,13,1.293,0.609
10284,TXN103438,2026-05-09 12:00:00,POS,97.64,132,0.25,1.24
11066,TXN103439,2026-05-09 18:00:00,ATM,720.2,51,0.421,0.625
11003,TXN103440,2026-05-10 00:00:00,POS,791.31,33,0.713,0.583
10134,TXN103441,2026-05-10 06:00:00,POS,467.83,142,0.627,0.96
10614,TXN103442,2026-05-10 12:00:00,ATM,578.65,76,0.897,0.736
10649,TXN103443,2026-05-10 18:00:00,POS,229.2,20,0.406,0.336
11428,TXN103444,2026-05-11 00:00:00,Contactless,758.95,105,0.565,0.974
11246,TXN103445,2026-05-11 06:00:00,POS,138.2,31,0.768,0.589
10229,TXN103446,2026-05-11 12:00:00,POS,269.65,148,0.78,0.586
11476,TXN103447,2026-05-11 18:00:00,Online,535.98,95,1.661,1.445
10998,TXN103448,2026-05-12 00:00:00,ATM,663.86,141,1.024,0.634
11330,TXN103449,2026-05-12 06:00:00,ATM,297.68,147,0.211,0.719
10119,TXN103450,2026-05-12 12:00:00,ATM,507.83,28,0.395,0.956
10938,TXN103451,2026-05-12 18:00:00,Online,251.85,91,0.273,0.439
10324,TXN103452,2026-05-13 00:00:00,Contactless,381.73,104,1.315,0.856
10921,TXN103453,2026-05-13 06:00:00,Contactless,444.85,26,0.376,0.959
10159,TXN103454,2026-05-13 12:00:00,POS,313.04,33,0.956,1.071
10239,TXN103455,2026-05-13 18:00:00,POS,634.31,138,0.92,0.885
10396,TXN103456,2026-05-14 00:00:00,Contactless,304.16,14,0.237,0.391
10320,TXN103457,2026-05-14 06:00:00,POS,512.22,62,0.603,0.822
11213,TXN103458,2026-05-14 12:00:00,POS,343.12,90,0.657,0.323
10309,TXN103459,2026-05-14 18:00:00,POS,775.62,95,0.197,1.044
10249,TXN103460,2026-05-15 00:00:00,POS,413.48,112,1.375,1.001
10538,TXN103461,2026-05-15 06:00:00,POS,300.87,89,0.81,0.763
10701,TXN103462,2026-05-15 12:00:00,POS,599.84,14,1.308,0.752
10394,TXN103463,2026-05-15 18:00:00,POS,169.47,27,1.523,0.698
10652,TXN103464,2026-05-16 00:00:00,Contactless,318.68,141,0.806,0.693
11018,TXN103465,2026-05-16 06:00:00,Contactless,607.64,118,0.881,0.971
10406,TXN103466,2026-05-16 12:00:00,ATM,405.79,100,0.474,0.613
11000,TXN103467,2026-05-16 18:00:00,POS,423.76,79,1.217,1.314
11205,TXN103468,2026-05-17 00:00:00,ATM,282.75,148,0.733,0.748
10021,TXN103469,2026-05-17 06:00:00,POS,476.25,90,0.602,1.048
10155,TXN103470,2026-05-17 12:00:00,POS,166.76,40,0.481,0.237
10867,TXN103471,2026-05-17 18:00:00,POS,255.66,22,0.776,0.538
10559,TXN103472,2026-05-18 00:00:00,Online,212.65,32,0.968,0.957
10194,TXN103473,2026-05-18 06:00:00,POS,776.01,74,0.821,0.79
11248,TXN103474,2026-05-18 12:00:00,ATM,490.59,39,0.912,0.708
10399,TXN103475,2026-05-18 18:00:00,Contactless,547.54,56,0.675,0.997
10280,TXN103476,2026-05-19 00:00:00,Online,387.37,153,0.927,1.294
10980,TXN103477,2026-05-19 06:00:00,POS,973.01,140,0.916,0.376
11034,TXN103478,2026-05-19 12:00:00,POS,1006.48,21,1.175,0.98
11400,TXN103479,2026-05-19 18:00:00,POS,117.4,148,1.032,0.576
10472,TXN103480,2026-05-20 00:00:00,Contactless,327.16,25,0.804,0.939
10152,TXN103481,2026-05-20 06:00:00,POS,596.91,126,0.895,0.573
11148,TXN103482,2026-05-20 12:00:00,ATM,370.45,158,0.347,0.848
10802,TXN103483,2026-05-20 18:00:00,POS,134.47,118,1.197,0.874
10553,TXN103484,2026-05-21 00:00:00,Online,209.78,67,0.663,0.505
11448,TXN103485,2026-05-21 06:00:00,POS,136.53,14,0.706,0.567
10730,TXN103486,2026-05-21 12:00:00,POS,85.16,150,0.583,0.647
10513,TXN103487,2026-05-21 18:00:00,ATM,552.16,90,0.44,0.245
11013,TXN103488,2026-05-22 00:00:00,Online,224.33,149,0.464,0.827
10171,TXN103489,2026-05-22 06:00:00,Online,508.11,10,0.373,1.112
10850,TXN103490,2026-05-22 12:00:00,ATM,531.64,17,0.666,0.347
10794,TXN103491,2026-05-22 18:00:00,POS,303.64,153,1.042,0.884
10125,TXN103492,2026-05-23 00:00:00,Contactless,357.49,152,0.742,0.796
10175,TXN103493,2026-05-23 06:00:00,POS,478.46,28,0.982,0.507
10504,TXN103494,2026-05-23 12:00:00,Online,328.14,40,0.918,1.271
11409,TXN103495,2026-05-23 18:00:00,POS,337.19,139,0.593,1.022
10711,TXN103496,2026-05-24 00:00:00,POS,909.92,130,1.183,1.047
10106,TXN103497,2026-05-24 06:00:00,Online,345.22,68,1.1,0.711
10528,TXN103498,2026-05-24 12:00:00,Online,274.66,40,1.037,0.277
10038,TXN103499,2026-05-24 18:00:00,Online,557.26,149,0.896,0.748
10395,TXN103500,2026-05-25 00:00:00,Online,813.37,154,0.631,0.665
10921,TXN103501,2026-05-25 06:00:00,POS,450.96,38,0.63,0.986
10477,TXN103502,2026-05-25 12:00:00,ATM,194.23,113,0.74,0.534
11491,TXN103503,2026-05-25 18:00:00,Online,72.73,72,1.232,1.074
10722,TXN103504,2026-05-26 00:00:00,POS,2148.97,24,1.141,0.526
10315,TXN103505,2026-05-26 06:00:00,Contactless,1115.91,39,0.245,0.898
11309,TXN103506,2026-05-26 12:00:00,POS,1099.04,20,0.841,0.491
11488,TXN103507,2026-05-26 18:00:00,ATM,673.46,22,-0.121,0.689
11288,TXN103508,2026-05-27 00:00:00,Online,344.13,64,0.596,0.327
11453,TXN103509,2026-05-27 06:00:00,Online,900.58,72,0.513,0.72
10365,TXN103510,2026-05-27 12:00:00,POS,346.27,139,0.945,0.418
10181,TXN103511,2026-05-27 18:00:00,ATM,584.1,16,0.369,0.855
10734,TXN103512,2026-05-28 00:00:00,POS,543.76,159,0.215,0.895
10876,TXN103513,2026-05-28 06:00:00,Contactless,334.4,37,0.575,0.697
10994,TXN103514,2026-05-28 12:00:00,POS,1157.52,34,0.747,0.517
10661,TXN103515,2026-05-28 18:00:00,POS,632.53,89,0.141,0.813
10244,TXN103516,2026-05-29 00:00:00,ATM,218.57,33,1.148,0.966
10313,TXN103517,2026-05-29 06:00:00,Online,335.38,90,0.68,0.652
10076,TXN103518,2026-05-29 12:00:00,ATM,935.37,134,0.759,0.58
10262,TXN103519,2026-05-29 18:00:00,POS,421.77,79,1.136,0.347
10231,TXN103520,2026-05-30 00:00:00,Online,45.27,87,0.494,0.761
10703,TXN103521,2026-05-30 06:00:00,Online,757.37,99,1.268,0.997
11404,TXN103522,2026-05-30 12:00:00,Contactless,123.1,133,0.752,1.1
10646,TXN103523,2026-05-30 18:00:00,POS,348.1,101,1.027,0.766
11333,TXN103524,2026-05-31 00:00:00,Online,665.67,120,0.905,0.308
11412,TXN103525,2026-05-31 06:00:00,Online,265.44,137,0.99,0.568
10757,TXN103526,2026-05-31 12:00:00,POS,971.49,53,0.777,1.028
11349,TXN103527,2026-05-31 18:00:00,Online,461.67,66,0.586,0.93
10842,TXN103528,2026-06-01 00:00:00,Online,855.37,30,1.429,0.411
10879,TXN103529,2026-06-01 06:00:00,ATM,664.9,64,0.743,1.253
11480,TXN103530,2026-06-01 12:00:00,ATM,276.75,118,0.366,0.397
11367,TXN103531,2026-06-01 18:00:00,Contactless,223.94,152,1.264,0.591
10516,TXN103532,2026-06-02 00:00:00,Online,250.43,113,0.641,0.841
10442,TXN103533,2026-06-02 06:00:00,Contactless,388.36,140,0.147,0.678
10583,TXN103534,2026-06-02 12:00:00,Online,247.5,138,0.462,0.609
10262,TXN103535,2026-06-02 18:00:00,Online,1837.27,33,0.065,0.704
10749,TXN103536,2026-06-03 00:00:00,Online,240.65,36,0.478,0.987
10819,TXN103537,2026-06-03 06:00:00,Contactless,29.81,146,1.365,1.238
11002,TXN103538,2026-06-03 12:00:00,Contactless,118.91,97,0.911,0.785
11487,TXN103539,2026-06-03 18:00:00,Contactless,94.36,154,0.748,0.524
10867,TXN103540,2026-06-04 00:00:00,Online,389.19,101,0.548,0.729
10608,TXN103541,2026-06-04 06:00:00,ATM,214.35,48,0.702,1.253
10910,TXN103542,2026-06-04 12:00:00,POS,431.52,64,1.14,0.927
11251,TXN103543,2026-06-04 18:00:00,Online,123.23,134,0.11,1.075
10523,TXN103544,2026-06-05 00:00:00,Online,610.0,54,1.779,0.933
11213,TXN103545,2026-06-05 06:00:00,POS,748.1,110,0.441,0.963
11233,TXN103546,2026-06-05 12:00:00,ATM,111.92,38,0.663,0.713
11037,TXN103547,2026-06-05 18:00:00,ATM,461.17,78,0.694,1.103
10162,TXN103548,2026-06-06 00:00:00,POS,125.82,20,0.685,-0.093
11459,TXN103549,2026-06-06 06:00:00,POS,1851.15,139,0.515,0.859
10005,TXN103550,2026-06-06 12:00:00,POS,573.91,147,1.056,0.834
10202,TXN103551,2026-06-06 18:00:00,ATM,227.68,112,1.149,0.457
10416,TXN103552,2026-06-07 00:00:00,Online,643.0,117,1.084,0.797
11036,TXN103553,2026-06-07 06:00:00,ATM,412.1,128,0.781,0.867
10948,TXN103554,2026-06-07 12:00:00,Online,442.76,96,0.544,0.215
11421,TXN103555,2026-06-07 18:00:00,POS,410.8,121,0.685,0.802
11365,TXN103556,2026-06-08 00:00:00,Online,147.41,83,0.72,1.064
10752,TXN103557,2026-06-08 06:00:00,POS,333.32,11,0.407,1.171
10950,TXN103558,2026-06-08 12:00:00,Online,407.18,26,0.812,0.876
10373,TXN103559,2026-06-08 18:00:00,Contactless,182.56,104,1.38,0.677
11402,TXN103560,2026-06-09 00:00:00,POS,1111.8,89,0.691,0.974
11249,TXN103561,2026-06-09 06:00:00,Contactless,374.79,33,0.925,0.466
11206,TXN103562,2026-06-09 12:00:00,Online,686.09,66,0.52,0.923
11321,TXN103563,2026-06-09 18:00:00,POS,272.99,80,1.06,0.69
11331,TXN103564,2026-06-10 00:00:00,Contactless,640.56,92,0.52,1.034
10431,TXN103565,2026-06-10 06:00:00,Online,517.15,153,0.605,0.57
10690,TXN103566,2026-06-10 12:00:00,Online,454.7,106,0.931,1.184
10118,TXN103567,2026-06-10 18:00:00,POS,1552.63,45,0.403,1.043
11376,TXN103568,2026-06-11 00:00:00,POS,1017.31,54,0.901,0.806
10588,TXN103569,2026-06-11 06:00:00,Online,175.06,19,1.118,0.783
11070,TXN103570,2026-06-11 12:00:00,Contactless,262.36,72,0.807,1.181
10227,TXN103571,2026-06-11 18:00:00,ATM,187.09,52,1.054,1.307
11380,TXN103572,2026-06-12 00:00:00,POS,803.68,60,0.298,0.608
11318,TXN103573,2026-06-12 06:00:00,Online,350.56,116,0.907,0.62
11264,TXN103574,2026-06-12 12:00:00,Online,1050.81,12,0.59,1.07
10348,TXN103575,2026-06-12 18:00:00,Online,200.38,78,0.885,0.046
10141,TXN103576,2026-06-13 00:00:00,POS,754.66,88,1.304,-0.009
10204,TXN103577,2026-06-13 06:00:00,POS,911.25,45,-0.295,0.498
11004,TXN103578,2026-06-13 12:00:00,Online,409.2,58,0.533,0.797
10861,TXN103579,2026-06-13 18:00:00,Contactless,218.74,10,-0.052,0.402
10845,TXN103580,2026-06-14 00:00:00,POS,101.99,82,0.319,0.362
10995,TXN103581,2026-06-14 06:00:00,Online,474.49,125,0.584,0.578
11293,TXN103582,2026-06-14 12:00:00,ATM,478.08,157,1.051,1.096
10313,TXN103583,2026-06-14 18:00:00,Online,55.7,23,1.033,0.604
11442,TXN103584,2026-06-15 00:00:00,ATM,515.65,131,1.023,1.024
10137,TXN103585,2026-06-15 06:00:00,ATM,152.78,102,0.946,0.744
10351,TXN103586,2026-06-15 12:00:00,Contactless,702.88,63,0.281,1.148
11185,TXN103587,2026-06-15 18:00:00,Online,498.0,58,1.031,0.648
10173,TXN103588,2026-06-16 00:00:00,Online,299.69,39,0.513,0.832
11154,TXN103589,2026-06-16 06:00:00,Online,260.15,140,0.907,0.778
10079,TXN103590,2026-06-16 12:00:00,Online,90.61,21,0.429,0.677
10979,TXN103591,2026-06-16 18:00:00,ATM,140.3,120,0.687,0.94
10569,TXN103592,2026-06-17 00:00:00,ATM,52.0,125,0.726,0.909
10863,TXN103593,2026-06-17 06:00:00,Contactless,566.12,121,0.871,0.782
10057,TXN103594,2026-06-17 12:00:00,Online,270.29,113,0.456,0.18
11424,TXN103595,2026-06-17 18:00:00,ATM,71.55,20,0.982,0.388
10363,TXN103596,2026-06-18 00:00:00,Online,370.98,100,0.29,0.458
11359,TXN103597,2026-06-18 06:00:00,Contactless,142.1,82,1.345,0.783
10134,TXN103598,2026-06-18 12:00:00,Online,1033.66,25,0.487,0.706
10014,TXN103599,2026-06-18 18:00:00,ATM,219.67,23,0.065,0.508
10283,TXN103600,2026-06-19 00:00:00,Online,378.11,119,0.725,0.487
10806,TXN103601,2026-06-19 06:00:00,Online,269.62,150,0.606,0.911
11445,TXN103602,2026-06-19 12:00:00,ATM,381.8,128,0.429,0.514
10127,TXN103603,2026-06-19 18:00:00,Contactless,415.4,135,1.221,0.025
10218,TXN103604,2026-06-20 00:00:00,ATM,1297.02,18,1.014,0.761
10745,TXN103605,2026-06-20 06:00:00,Online,430.91,58,0.912,0.565
10680,TXN103606,2026-06-20 12:00:00,POS,1673.83,51,0.416,0.929
10997,TXN103607,2026-06-20 18:00:00,Online,453.85,123,0.565,0.506
10260,TXN103608,2026-06-21 00:00:00,ATM,260.93,86,0.536,0.651
11242,TXN103609,2026-06-21 06:00:00,Online,835.45,158,0.111,0.794
11467,TXN103610,2026-06-21 12:00:00,Contactless,793.95,101,0.845,0.101
10099,TXN103611,2026-06-21 18:00:00,POS,78.51,129,0.871,0.547
10182,TXN103612,2026-06-22 00:00:00,POS,375.88,93,0.793,0.498
10169,TXN103613,2026-06-22 06:00:00,ATM,531.42,112,0.83,0.58
10233,TXN103614,2026-06-22 12:00:00,POS,771.45,80,0.354,0.569
10956,TXN103615,2026-06-22 18:00:00,Online,1121.8,57,0.437,0.713
11117,TXN103616,2026-06-23 00:00:00,Online,1140.33,88,0.639,0.765
10472,TXN103617,2026-06-23 06:00:00,Online,290.29,86,1.235,0.888
11109,TXN103618,2026-06-23 12:00:00,POS,203.28,52,1.157,0.855
10679,TXN103619,2026-06-23 18:00:00,Online,224.23,17,0.931,1.046
10381,TXN103620,2026-06-24 00:00:00,POS,1418.76,72,1.455,0.984
11431,TXN103621,2026-06-24 06:00:00,Online,170.33,129,0.928,1.102
11256,TXN103622,2026-06-24 12:00:00,Contactless,604.61,72,0.973,1.056
10251,TXN103623,2026-06-24 18:00:00,ATM,272.09,15,1.268,0.568
11109,TXN103624,2026-06-25 00:00:00,Contactless,322.0,83,0.993,0.627
10319,TXN103625,2026-06-25 06:00:00,Online,434.15,61,1.327,0.648
10193,TXN103626,2026-06-25 12:00:00,ATM,114.65,30,0.76,1.042
10937,TXN103627,2026-06-25 18:00:00,Contactless,584.35,151,0.526,0.649
10601,TXN103628,2026-06-26 00:00:00,Online,529.32,125,0.717,0.934
10607,TXN103629,2026-06-26 06:00:00,Contactless,342.29,67,0.833,0.188
11324,TXN103630,2026-06-26 12:00:00,Online,308.8,65,0.433,0.131
11382,TXN103631,2026-06-26 18:00:00,Online,758.01,92,0.501,1.082
10765,TXN103632,2026-06-27 00:00:00,POS,828.29,18,0.602,0.861
11477,TXN103633,2026-06-27 06:00:00,Online,310.75,142,0.366,1.055
10885,TXN103634,2026-06-27 12:00:00,Contactless,299.33,90,0.544,0.294
10991,TXN103635,2026-06-27 18:00:00,Online,552.67,103,1.007,0.772
10506,TXN103636,2026-06-28 00:00:00,POS,785.49,144,1.028,0.307
10065,TXN103637,2026-06-28 06:00:00,POS,522.85,143,0.259,0.975
10222,TXN103638,2026-06-28 12:00:00,ATM,747.2,61,0.858,0.733
10466,TXN103639,2026-06-28 18:00:00,Online,419.86,115,0.726,0.691
10072,TXN103640,2026-06-29 00:00:00,ATM,695.26,64,1.118,0.97
10888,TXN103641,2026-06-29 06:00:00,Online,1239.24,23,0.656,0.7
10474,TXN103642,2026-06-29 12:00:00,ATM,360.87,138,0.316,0.69
10655,TXN103643,2026-06-29 18:00:00,Contactless,868.28,58,0.58,0.32
10019,TXN103644,2026-06-30 00:00:00,Online,564.19,149,0.331,1.103
10522,TXN103645,2026-06-30 06:00:00,Online,778.02,142,-0.039,0.757
10784,TXN103646,2026-06-30 12:00:00,POS,359.38,79,0.731,0.874
10415,TXN103647,2026-06-30 18:00:00,Online,401.66,125,0.932,0.344
10364,TXN103648,2026-07-01 00:00:00,Online,1609.45,128,0.815,1.115
10528,TXN103649,2026-07-01 06:00:00,Online,227.4,148,0.3,0.77
11104,TXN103650,2026-07-01 12:00:00,POS,583.57,88,0.277,1.205
10796,TXN103651,2026-07-01 18:00:00,Online,814.93,59,0.826,1.003
11214,TXN103652,2026-07-02 00:00:00,POS,634.13,134,1.344,0.038
11172,TXN103653,2026-07-02 06:00:00,POS,207.53,64,1.203,0.939
10443,TXN103654,2026-07-02 12:00:00,ATM,228.07,101,0.647,0.978
10265,TXN103655,2026-07-02 18:00:00,Contactless,691.64,12,0.824,0.897
10650,TXN103656,2026-07-03 00:00:00,POS,583.52,129,1.07,0.777
10509,TXN103657,2026-07-03 06:00:00,POS,779.13,153,0.7,0.663
11325,TXN103658,2026-07-03 12:00:00,Online,1108.25,90,0.28,0.708
10466,TXN103659,2026-07-03 18:00:00,POS,930.97,28,-0.237,1.109
10365,TXN103660,2026-07-04 00:00:00,Contactless,852.15,141,0.814,1.129
11423,TXN103661,2026-07-04 06:00:00,ATM,603.34,68,0.68,0.666
10493,TXN103662,2026-07-04 12:00:00,Online,156.03,98,0.153,0.496
10542,TXN103663,2026-07-04 18:00:00,Contactless,159.6,149,0.251,1.07
11192,TXN103664,2026-07-05 00:00:00,ATM,475.48,72,0.658,0.974
11115,TXN103665,2026-07-05 06:00:00,Online,804.31,36,0.559,0.773
10723,TXN103666,2026-07-05 12:00:00,ATM,171.96,134,1.251,0.443
10842,TXN103667,2026-07-05 18:00:00,Online,108.76,31,1.247,0.243
10300,TXN103668,2026-07-06 00:00:00,POS,740.81,79,0.453,0.925
10174,TXN103669,2026-07-06 06:00:00,Online,377.58,28,1.277,0.557
10646,TXN103670,2026-07-06 12:00:00,Online,249.7,110,1.316,0.55
11397,TXN103671,2026-07-06 18:00:00,ATM,591.45,148,0.853,0.832
10024,TXN103672,2026-07-07 00:00:00,ATM,193.89,129,0.424,0.561
11225,TXN103673,2026-07-07 06:00:00,Online,171.39,97,0.792,0.573
10731,TXN103674,2026-07-07 12:00:00,Online,1481.5,46,0.006,0.51
10007,TXN103675,2026-07-07 18:00:00,POS,496.07,13,0.544,0.899
11030,TXN103676,2026-07-08 00:00:00,ATM,220.6,91,0.843,0.437
11185,TXN103677,2026-07-08 06:00:00,Online,168.68,24,0.885,0.288
10878,TXN103678,2026-07-08 12:00:00,ATM,724.64,149,0.594,0.434
11272,TXN103679,2026-07-08 18:00:00,Contactless,523.56,77,0.775,1.103
10166,TXN103680,2026-07-09 00:00:00,POS,699.29,77,0.393,0.537
10428,TXN103681,2026-07-09 06:00:00,Online,290.6,114,1.243,0.838
10145,TXN103682,2026-07-09 12:00:00,Online,107.2,68,1.257,0.614
10933,TXN103683,2026-07-09 18:00:00,Online,1232.8,67,0.999,0.645
10509,TXN103684,2026-07-10 00:00:00,Online,264.88,129,0.656,1.085
10907,TXN103685,2026-07-10 06:00:00,ATM,63.26,138,0.462,0.735
11244,TXN103686,2026-07-10 12:00:00,Online,71.76,65,1.046,1.167
10645,TXN103687,2026-07-10 18:00:00,Online,935.85,13,0.815,1.243
10076,TXN103688,2026-07-11 00:00:00,POS,541.68,38,0.399,1.144
10824,TXN103689,2026-07-11 06:00:00,Contactless,142.1,26,1.12,0.554
11343,TXN103690,2026-07-11 12:00:00,Online,266.85,60,0.593,0.749
11062,TXN103691,2026-07-11 18:00:00,ATM,1227.31,33,0.448,1.115
10566,TXN103692,2026-07-12 00:00:00,POS,195.23,53,1.081,0.923
11270,TXN103693,2026-07-12 06:00:00,POS,312.65,125,0.474,1.026
11164,TXN103694,2026-07-12 12:00:00,Contactless,1263.55,66,0.794,1.05
11282,TXN103695,2026-07-12 18:00:00,Online,396.49,41,1.199,1.065
10617,TXN103696,2026-07-13 00:00:00,POS,664.45,153,1.164,0.425
10381,TXN103697,2026-07-13 06:00:00,ATM,1429.49,117,0.87,0.686
10848,TXN103698,2026-07-13 12:00:00,Contactless,321.96,51,0.34,0.52
11209,TXN103699,2026-07-13 18:00:00,Online,766.27,131,0.576,0.669
10303,TXN103700,2026-07-14 00:00:00,Online,358.08,43,1.596,0.761
10756,TXN103701,2026-07-14 06:00:00,Online,573.65,153,1.082,0.73
10164,TXN103702,2026-07-14 12:00:00,ATM,299.79,94,0.669,0.536
11227,TXN103703,2026-07-14 18:00:00,Contactless,732.92,150,0.309,0.347
11432,TXN103704,2026-07-15 00:00:00,POS,42.57,131,0.085,0.274
11234,TXN103705,2026-07-15 06:00:00,Online,497.83,129,1.175,1.213
10101,TXN103706,2026-07-15 12:00:00,Online,148.75,91,1.182,1.048
11470,TXN103707,2026-07-15 18:00:00,POS,646.71,129,0.737,0.796
10898,TXN103708,2026-07-16 00:00:00,Contactless,1184.22,114,0.606,-0.1
10783,TXN103709,2026-07-16 06:00:00,ATM,374.0,91,1.147,0.471
10368,TXN103710,2026-07-16 12:00:00,ATM,60.49,101,0.232,0.84
11263,TXN103711,2026-07-16 18:00:00,POS,429.98,49,1.449,0.937
10727,TXN103712,2026-07-17 00:00:00,Contactless,252.63,145,1.008,0.613
11315,TXN103713,2026-07-17 06:00:00,ATM,203.61,63,0.311,0.856
10372,TXN103714,2026-07-17 12:00:00,Online,284.21,98,1.025,0.674
10862,TXN103715,2026-07-17 18:00:00,ATM,717.81,144,0.511,1.018
11455,TXN103716,2026-07-18 00:00:00,POS,909.84,11,0.282,0.69
10280,TXN103717,2026-07-18 06:00:00,POS,362.42,106,1.024,0.68
11491,TXN103718,2026-07-18 12:00:00,Contactless,657.69,65,0.363,0.56
10316,TXN103719,2026-07-18 18:00:00,Online,366.45,113,0.282,0.912
11101,TXN103720,2026-07-19 00:00:00,ATM,506.5,133,0.92,0.817
10816,TXN103721,2026-07-19 06:00:00,POS,537.74,134,0.714,0.376
10151,TXN103722,2026-07-19 12:00:00,Contactless,224.26,87,1.104,0.809
11420,TXN103723,2026-07-19 18:00:00,Online,1349.1,17,0.645,0.752
11009,TXN103724,2026-07-20 00:00:00,ATM,456.64,93,0.613,0.97
11321,TXN103725,2026-07-20 06:00:00,Online,820.22,91,0.037,0.675
10669,TXN103726,2026-07-20 12:00:00,Online,748.72,97,0.926,0.427
10407,TXN103727,2026-07-20 18:00:00,Online,529.18,76,0.744,0.574
10287,TXN103728,2026-07-21 00:00:00,POS,40.67,126,1.166,1.214
10917,TXN103729,2026-07-21 06:00:00,Contactless,250.47,87,1.016,0.64
11480,TXN103730,2026-07-21 12:00:00,Online,157.92,76,0.866,0.989
10492,TXN103731,2026-07-21 18:00:00,Online,655.38,51,0.494,0.316
11033,TXN103732,2026-07-22 00:00:00,Online,359.58,73,0.605,0.811
11156,TXN103733,2026-07-22 06:00:00,POS,905.19,137,0.942,0.271
11101,TXN103734,2026-07-22 12:00:00,Online,239.02,82,0.732,0.72
10738,TXN103735,2026-07-22 18:00:00,Contactless,318.21,99,1.246,0.493
10131,TXN103736,2026-07-23 00:00:00,POS,1031.69,16,1.21,0.441
10997,TXN103737,2026-07-23 06:00:00,ATM,470.68,16,0.662,0.408
11436,TXN103738,2026-07-23 12:00:00,ATM,606.84,131,0.783,0.64
11114,TXN103739,2026-07-23 18:00:00,POS,855.78,125,0.472,0.168
10498,TXN103740,2026-07-24 00:00:00,Contactless,374.27,22,0.714,0.297
10622,TXN103741,2026-07-24 06:00:00,Contactless,752.72,29,1.082,0.726
10889,TXN103742,2026-07-24 12:00:00,Online,443.29,62,0.56,0.211
10354,TXN103743,2026-07-24 18:00:00,Contactless,345.46,95,0.622,0.274
10271,TXN103744,2026-07-25 00:00:00,POS,918.38,106,0.341,1.2
11416,TXN103745,2026-07-25 06:00:00,Online,429.18,70,0.553,1.14
10432,TXN103746,2026-07-25 12:00:00,POS,205.15,134,0.965,0.467
10739,TXN103747,2026-07-25 18:00:00,Online,332.01,111,0.666,0.792
10472,TXN103748,2026-07-26 00:00:00,POS,156.27,125,0.347,0.469
11332,TXN103749,2026-07-26 06:00:00,ATM,315.65,99,0.824,0.481
10508,TXN103750,2026-07-26 12:00:00,Online,139.44,105,0.732,-0.178
10055,TXN103751,2026-07-26 18:00:00,Online,228.58,70,1.142,1.128
10037,TXN103752,2026-07-27 00:00:00,Contactless,587.32,65,0.702,0.855
10900,TXN103753,2026-07-27 06:00:00,POS,276.74,103,0.402,0.908
10055,TXN103754,2026-07-27 12:00:00,Online,835.13,49,1.087,0.849
10524,TXN103755,2026-07-27 18:00:00,Contactless,421.42,90,0.411,0.644
10915,TXN103756,2026-07-28 00:00:00,Contactless,45.38,72,0.295,0.564
10463,TXN103757,2026-07-28 06:00:00,Online,91.99,141,0.386,0.69
10697,TXN103758,2026-07-28 12:00:00,POS,819.05,104,0.536,1.11
10716,TXN103759,2026-07-28 18:00:00,Contactless,1060.57,71,0.088,0.706
11235,TXN103760,2026-07-29 00:00:00,Online,27.09,155,0.146,1.244
11250,TXN103761,2026-07-29 06:00:00,POS,343.13,19,1.023,0.482
11031,TXN103762,2026-07-29 12:00:00,Online,614.37,45,0.69,0.283
10732,TXN103763,2026-07-29 18:00:00,ATM,630.33,139,0.692,0.442
10989,TXN103764,2026-07-30 00:00:00,Online,270.67,69,0.73,0.655
10212,TXN103765,2026-07-30 06:00:00,POS,650.18,82,0.947,1.089
11213,TXN103766,2026-07-30 12:00:00,Online,947.2,76,0.463,0.564
11099,TXN103767,2026-07-30 18:00:00,Online,727.67,90,0.946,0.292
10754,TXN103768,2026-07-31 00:00:00,Online,373.18,86,0.789,0.704
11138,TXN103769,2026-07-31 06:00:00,Online,429.82,77,0.415,1.042
11175,TXN103770,2026-07-31 12:00:00,Contactless,732.96,91,0.963,0.699
10436,TXN103771,2026-07-31 18:00:00,Contactless,371.74,65,0.77,0.756
10084,TXN103772,2026-08-01 00:00:00,ATM,718.39,108,0.384,0.692
11236,TXN103773,2026-08-01 06:00:00,POS,73.01,23,0.41,0.641
10779,TXN103774,2026-08-01 12:00:00,Online,498.21,153,0.918,1.372
10834,TXN103775,2026-08-01 18:00:00,Online,238.74,85,1.105,1.068
10461,TXN103776,2026-08-02 00:00:00,Online,119.72,84,0.849,1.225
10177,TXN103777,2026-08-02 06:00:00,ATM,1043.94,75,1.061,1.508
10312,TXN103778,2026-08-02 12:00:00,Online,1030.8,42,1.181,1.06
11183,TXN103779,2026-08-02 18:00:00,Contactless,612.29,22,0.671,0.568
10186,TXN103780,2026-08-03 00:00:00,ATM,158.44,39,0.808,0.947
11495,TXN103781,2026-08-03 06:00:00,Contactless,500.08,35,0.984,1.235
11333,TXN103782,2026-08-03 12:00:00,POS,855.57,123,0.348,0.849
10246,TXN103783,2026-08-03 18:00:00,POS,232.37,22,1.112,0.603
11017,TXN103784,2026-08-04 00:00:00,Online,48.47,77,1.227,1.085
10384,TXN103785,2026-08-04 06:00:00,POS,389.29,132,0.492,0.343
11066,TXN103786,2026-08-04 12:00:00,Contactless,165.86,42,1.754,0.74
10285,TXN103787,2026-08-04 18:00:00,Online,796.85,152,1.028,0.912
10980,TXN103788,2026-08-05 00:00:00,Online,1100.6,154,0.697,0.67
10988,TXN103789,2026-08-05 06:00:00,Online,277.67,15,0.023,0.875
10300,TXN103790,2026-08-05 12:00:00,Contactless,367.84,14,0.718,0.883
10901,TXN103791,2026-08-05 18:00:00,Online,711.99,63,0.898,0.857
11460,TXN103792,2026-08-06 00:00:00,ATM,1469.59,153,0.858,0.647
11393,TXN103793,2026-08-06 06:00:00,Online,373.99,134,0.291,0.587
10874,TXN103794,2026-08-06 12:00:00,Contactless,1775.0,14,0.519,0.668
10486,TXN103795,2026-08-06 18:00:00,POS,436.33,134,0.988,0.316
10436,TXN103796,2026-08-07 00:00:00,Online,506.18,85,0.957,1.085
10806,TXN103797,2026-08-07 06:00:00,ATM,853.57,59,1.08,0.852
11452,TXN103798,2026-08-07 12:00:00,ATM,363.23,90,0.792,0.747
10181,TXN103799,2026-08-07 18:00:00,POS,181.03,122,0.739,0.51
10883,TXN103800,2026-08-08 00:00:00,ATM,870.91,29,0.929,0.736
10877,TXN103801,2026-08-08 06:00:00,Online,942.27,134,0.783,0.73
10694,TXN103802,2026-08-08 12:00:00,Contactless,601.46,44,0.214,0.578
10340,TXN103803,2026-08-08 18:00:00,Online,90.62,76,1.282,0.994
10491,TXN103804,2026-08-09 00:00:00,Online,148.95,147,1.073,0.383
10495,TXN103805,2026-08-09 06:00:00,Online,456.09,50,0.898,0.445
10730,TXN103806,2026-08-09 12:00:00,Online,448.55,143,0.271,1.011
11187,TXN103807,2026-08-09 18:00:00,POS,604.65,25,1.043,1.121
10456,TXN103808,2026-08-10 00:00:00,POS,442.18,33,0.596,0.778
11116,TXN103809,2026-08-10 06:00:00,POS,217.75,69,1.041,0.424
10105,TXN103810,2026-08-10 12:00:00,Online,398.0,130,0.941,1.07
10719,TXN103811,2026-08-10 18:00:00,Online,93.85,83,0.631,0.759
10439,TXN103812,2026-08-11 00:00:00,ATM,138.58,148,1.118,0.734
11352,TXN103813,2026-08-11 06:00:00,ATM,800.62,12,0.333,1.133
10651,TXN103814,2026-08-11 12:00:00,Online,402.31,129,0.77,0.934
10509,TXN103815,2026-08-11 18:00:00,POS,265.8,28,1.331,0.597
10251,TXN103816,2026-08-12 00:00:00,Online,74.72,49,0.92,0.26
10965,TXN103817,2026-08-12 06:00:00,ATM,432.73,62,1.07,0.612
11215,TXN103818,2026-08-12 12:00:00,Contactless,351.97,76,0.778,0.833
10047,TXN103819,2026-08-12 18:00:00,Online,305.93,95,0.743,0.879
10879,TXN103820,2026-08-13 00:00:00,ATM,346.71,98,0.323,0.357
11275,TXN103821,2026-08-13 06:00:00,POS,1090.13,157,0.695,0.518
11018,TXN103822,2026-08-13 12:00:00,Online,276.96,140,0.986,-0.127
10775,TXN103823,2026-08-13 18:00:00,POS,817.13,95,0.367,0.797
10885,TXN103824,2026-08-14 00:00:00,POS,365.6,117,0.413,0.22
10064,TXN103825,2026-08-14 06:00:00,ATM,124.95,130,0.897,0.572
10320,TXN103826,2026-08-14 12:00:00,ATM,226.2,155,1.039,0.449
10860,TXN103827,2026-08-14 18:00:00,Contactless,313.9,93,1.455,0.888
10780,TXN103828,2026-08-15 00:00:00,POS,161.69,55,0.654,0.807
11316,TXN103829,2026-08-15 06:00:00,POS,2003.04,14,0.664,0.495
10029,TXN103830,2026-08-15 12:00:00,POS,244.47,116,1.041,0.743
10437,TXN103831,2026-08-15 18:00:00,Online,983.15,132,0.95,0.889
10763,TXN103832,2026-08-16 00:00:00,POS,221.56,82,0.66,0.785
10736,TXN103833,2026-08-16 06:00:00,ATM,172.76,90,0.74,-0.245
11071,TXN103834,2026-08-16 12:00:00,Online,989.48,66,0.53,1.346
11441,TXN103835,2026-08-16 18:00:00,Contactless,115.89,42,0.345,0.851
10451,TXN103836,2026-08-17 00:00:00,POS,52.52,106,0.703,1.015
10633,TXN103837,2026-08-17 06:00:00,ATM,347.17,45,1.283,0.498
11098,TXN103838,2026-08-17 12:00:00,Contactless,146.23,102,0.499,0.439
11077,TXN103839,2026-08-17 18:00:00,POS,715.25,31,0.248,0.552
10233,TXN103840,2026-08-18 00:00:00,Online,458.07,91,0.399,1.26
10200,TXN103841,2026-08-18 06:00:00,ATM,539.92,26,0.936,0.611
10674,TXN103842,2026-08-18 12:00:00,Contactless,378.53,53,0.9,0.682
10549,TXN103843,2026-08-18 18:00:00,Online,542.66,31,1.195,1.22
10937,TXN103844,2026-08-19 00:00:00,Online,523.63,138,1.122,0.599
10097,TXN103845,2026-08-19 06:00:00,Online,237.47,39,0.854,0.704
10049,TXN103846,2026-08-19 12:00:00,Online,557.53,78,0.978,0.329
10896,TXN103847,2026-08-19 18:00:00,Contactless,138.32,98,0.488,1.245
10522,TXN103848,2026-08-20 00:00:00,Online,463.78,20,0.991,0.487
10040,TXN103849,2026-08-20 06:00:00,ATM,124.74,60,0.712,0.652
10914,TXN103850,2026-08-20 12:00:00,Contactless,245.53,72,1.048,-0.236
11177,TXN103851,2026-08-20 18:00:00,ATM,229.47,95,0.897,0.652
11130,TXN103852,2026-08-21 00:00:00,Online,997.95,132,0.584,0.678
10553,TXN103853,2026-08-21 06:00:00,POS,302.48,43,0.365,0.583
10676,TXN103854,2026-08-21 12:00:00,Contactless,344.3,130,0.575,0.213
10770,TXN103855,2026-08-21 18:00:00,Online,489.36,87,0.815,0.853
10211,TXN103856,2026-08-22 00:00:00,Online,401.8,132,0.464,0.168
11226,TXN103857,2026-08-22 06:00:00,Contactless,358.46,29,0.696,0.236
10433,TXN103858,2026-08-22 12:00:00,POS,362.93,26,1.131,0.627
10707,TXN103859,2026-08-22 18:00:00,POS,542.54,43,1.161,1.039
10565,TXN103860,2026-08-23 00:00:00,Contactless,502.28,108,0.917,0.687
10147,TXN103861,2026-08-23 06:00:00,ATM,85.71,156,1.227,0.783
10282,TXN103862,2026-08-23 12:00:00,POS,376.88,125,0.307,0.512
11334,TXN103863,2026-08-23 18:00:00,POS,796.19,123,1.204,0.511
10755,TXN103864,2026-08-24 00:00:00,Online,338.2,106,0.274,0.947
11075,TXN103865,2026-08-24 06:00:00,Online,207.68,135,0.754,1.045
10495,TXN103866,2026-08-24 12:00:00,POS,495.75,129,0.465,1.011
10409,TXN103867,2026-08-24 18:00:00,Online,433.21,75,1.009,0.873
10273,TXN103868,2026-08-25 00:00:00,Contactless,371.45,81,0.202,0.792
10458,TXN103869,2026-08-25 06:00:00,Online,1390.14,102,0.132,0.298
11144,TXN103870,2026-08-25 12:00:00,POS,247.0,60,0.521,0.541
10046,TXN103871,2026-08-25 18:00:00,ATM,443.25,133,0.496,0.5
11267,TXN103872,2026-08-26 00:00:00,ATM,352.47,104,0.55,0.72
10311,TXN103873,2026-08-26 06:00:00,POS,156.89,39,0.514,0.918
10562,TXN103874,2026-08-26 12:00:00,POS,381.86,108,0.991,0.606
10331,TXN103875,2026-08-26 18:00:00,Contactless,363.18,120,0.72,0.002
10011,TXN103876,2026-08-27 00:00:00,Online,502.11,122,1.292,1.053
10908,TXN103877,2026-08-27 06:00:00,ATM,678.91,47,0.831,0.449
11448,TXN103878,2026-08-27 12:00:00,Contactless,1250.44,26,1.059,0.464
11072,TXN103879,2026-08-27 18:00:00,Online,494.98,83,0.953,0.881
11401,TXN103880,2026-08-28 00:00:00,Contactless,143.21,138,0.436,0.556
10008,TXN103881,2026-08-28 06:00:00,ATM,666.01,27,0.568,0.707
10984,TXN103882,2026-08-28 12:00:00,POS,926.19,156,1.098,0.793
11394,TXN103883,2026-08-28 18:00:00,POS,84.63,134,0.128,0.742
11464,TXN103884,2026-08-29 00:00:00,Contactless,889.06,59,0.92,0.63
10566,TXN103885,2026-08-29 06:00:00,Online,224.66,129,0.688,0.735
10273,TXN103886,2026-08-29 12:00:00,POS,329.82,105,0.489,1.351
10941,TXN103887,2026-08-29 18:00:00,ATM,499.63,63,0.657,1.063
10901,TXN103888,2026-08-30 00:00:00,ATM,499.68,40,1.317,0.969
10131,TXN103889,2026-08-30 06:00:00,Online,404.97,106,0.147,0.835
10724,TXN103890,2026-08-30 12:00:00,Online,953.95,55,0.323,1.174
10634,TXN103891,2026-08-30 18:00:00,ATM,445.64,44,0.072,0.971
10114,TXN103892,2026-08-31 00:00:00,POS,695.28,58,0.597,1.09
10532,TXN103893,2026-08-31 06:00:00,Online,559.46,90,0.531,1.1
11363,TXN103894,2026-08-31 12:00:00,Online,181.02,38,0.806,0.916
11045,TXN103895,2026-08-31 18:00:00,POS,133.1,143,0.582,0.874
10033,TXN103896,2026-09-01 00:00:00,POS,1267.66,10,0.908,0.635
10133,TXN103897,2026-09-01 06:00:00,Contactless,371.05,36,0.474,1.267
10920,TXN103898,2026-09-01 12:00:00,Online,790.91,149,1.484,0.708
10975,TXN103899,2026-09-01 18:00:00,Contactless,1595.51,13,0.965,0.411
10026,TXN103900,2026-09-02 00:00:00,Contactless,283.71,89,0.93,0.825
11388,TXN103901,2026-09-02 06:00:00,POS,841.71,137,0.969,0.667
10601,TXN103902,2026-09-02 12:00:00,Online,131.39,20,0.384,0.437
11116,TXN103903,2026-09-02 18:00:00,Contactless,212.36,61,0.664,0.453
10545,TXN103904,2026-09-03 00:00:00,Online,739.79,93,0.679,0.729
11262,TXN103905,2026-09-03 06:00:00,POS,835.74,81,0.585,0.746
10018,TXN103906,2026-09-03 12:00:00,POS,120.48,113,0.629,0.319
11298,TXN103907,2026-09-03 18:00:00,ATM,212.77,99,1.04,0.604
10934,TXN103908,2026-09-04 00:00:00,POS,684.32,106,0.729,0.981
10289,TXN103909,2026-09-04 06:00:00,POS,242.35,134,0.855,-0.014
11051,TXN103910,2026-09-04 12:00:00,Contactless,152.47,80,0.159,0.632
10817,TXN103911,2026-09-04 18:00:00,Contactless,409.9,63,0.138,0.709
11458,TXN103912,2026-09-05 00:00:00,POS,309.57,55,0.42,0.885
10108,TXN103913,2026-09-05 06:00:00,POS,457.3,137,1.324,0.642
10973,TXN103914,2026-09-05 12:00:00,ATM,557.93,158,1.453,0.592
10948,TXN103915,2026-09-05 18:00:00,ATM,1664.72,43,1.094,0.871
10738,TXN103916,2026-09-06 00:00:00,Online,785.83,131,0.612,0.686
10324,TXN103917,2026-09-06 06:00:00,POS,508.0,96,0.899,1.195
10867,TXN103918,2026-09-06 12:00:00,Online,306.95,144,1.192,0.874
10735,TXN103919,2026-09-06 18:00:00,POS,644.36,99,1.399,0.928
10793,TXN103920,2026-09-07 00:00:00,ATM,138.19,61,0.347,0.721
11128,TXN103921,2026-09-07 06:00:00,Online,649.89,58,0.821,1.226
11356,TXN103922,2026-09-07 12:00:00,Online,644.82,128,0.637,0.543
11386,TXN103923,2026-09-07 18:00:00,POS,438.97,90,0.955,0.378
10289,TXN103924,2026-09-08 00:00:00,ATM,687.12,104,0.768,0.674
11468,TXN103925,2026-09-08 06:00:00,ATM,282.93,98,0.4,0.626
11061,TXN103926,2026-09-08 12:00:00,Online,287.4,46,0.888,0.661
11372,TXN103927,2026-09-08 18:00:00,Online,681.04,152,0.506,1.254
10892,TXN103928,2026-09-09 00:00:00,POS,449.39,11,0.738,0.479
10043,TXN103929,2026-09-09 06:00:00,POS,654.31,148,0.754,0.683
11150,TXN103930,2026-09-09 12:00:00,POS,453.71,105,1.34,0.243
10009,TXN103931,2026-09-09 18:00:00,POS,599.92,26,0.862,1.23
11155,TXN103932,2026-09-10 00:00:00,POS,1186.46,129,0.719,0.049
11349,TXN103933,2026-09-10 06:00:00,POS,1097.48,41,1.003,0.74
10184,TXN103934,2026-09-10 12:00:00,Contactless,106.57,28,0.441,0.324
11306,TXN103935,2026-09-10 18:00:00,Contactless,224.26,13,0.785,0.31
10895,TXN103936,2026-09-11 00:00:00,Online,644.55,34,0.972,0.453
11077,TXN103937,2026-09-11 06:00:00,POS,285.86,30,0.956,0.391
10870,TXN103938,2026-09-11 12:00:00,POS,483.44,102,0.565,0.775
10533,TXN103939,2026-09-11 18:00:00,Online,1534.46,98,0.877,0.343
11401,TXN103940,2026-09-12 00:00:00,POS,431.04,122,0.988,0.991
11319,TXN103941,2026-09-12 06:00:00,POS,784.92,107,0.433,1.073
11232,TXN103942,2026-09-12 12:00:00,ATM,420.29,151,0.539,1.163
11000,TXN103943,2026-09-12 18:00:00,Online,589.57,159,0.637,0.272
10663,TXN103944,2026-09-13 00:00:00,Online,836.87,57,1.565,0.481
10954,TXN103945,2026-09-13 06:00:00,Online,906.94,60,0.488,0.565
10069,TXN103946,2026-09-13 12:00:00,ATM,568.94,20,0.864,0.542
11461,TXN103947,2026-09-13 18:00:00,Contactless,516.63,23,0.626,0.925
10301,TXN103948,2026-09-14 00:00:00,POS,457.2,16,0.422,0.789
10027,TXN103949,2026-09-14 06:00:00,POS,123.65,49,0.994,0.44
10930,TXN103950,2026-09-14 12:00:00,Online,261.87,90,0.256,0.621
10654,TXN103951,2026-09-14 18:00:00,POS,380.48,132,1.255,0.691
10553,TXN103952,2026-09-15 00:00:00,POS,1309.66,95,0.386,0.652
10106,TXN103953,2026-09-15 06:00:00,Online,379.47,53,0.517,0.494
10586,TXN103954,2026-09-15 12:00:00,ATM,586.66,14,0.95,0.389
10572,TXN103955,2026-09-15 18:00:00,Online,515.73,113,1.013,0.91
10810,TXN103956,2026-09-16 00:00:00,ATM,429.37,37,0.832,0.369
10634,TXN103957,2026-09-16 06:00:00,POS,424.07,130,0.564,0.898
11035,TXN103958,2026-09-16 12:00:00,Contactless,857.71,158,0.192,0.767
10931,TXN103959,2026-09-16 18:00:00,Online,488.08,105,0.719,0.46
10659,TXN103960,2026-09-17 00:00:00,Online,633.87,58,0.452,0.843
11240,TXN103961,2026-09-17 06:00:00,Contactless,145.22,66,1.594,0.499
10886,TXN103962,2026-09-17 12:00:00,Online,496.97,94,0.797,0.858
10321,TXN103963,2026-09-17 18:00:00,POS,121.9,110,0.299,0.48
10460,TXN103964,2026-09-18 00:00:00,POS,272.04,47,0.634,0.731
10579,TXN103965,2026-09-18 06:00:00,POS,266.45,139,1.015,0.686
10877,TXN103966,2026-09-18 12:00:00,POS,374.05,140,1.157,0.527
10754,TXN103967,2026-09-18 18:00:00,ATM,152.31,83,0.642,0.612
10160,TXN103968,2026-09-19 00:00:00,Online,212.27,44,0.708,0.52
10464,TXN103969,2026-09-19 06:00:00,ATM,457.27,134,0.948,1.028
10998,TXN103970,2026-09-19 12:00:00,POS,861.94,94,0.423,0.504
11297,TXN103971,2026-09-19 18:00:00,POS,116.72,67,0.872,0.68
10241,TXN103972,2026-09-20 00:00:00,POS,454.33,43,0.85,0.115
10936,TXN103973,2026-09-20 06:00:00,Contactless,1262.94,34,0.937,0.508
10964,TXN103974,2026-09-20 12:00:00,ATM,1767.47,41,0.736,0.878
10959,TXN103975,2026-09-20 18:00:00,Online,3217.4,119,0.202,0.833
10865,TXN103976,2026-09-21 00:00:00,ATM,936.54,110,0.83,0.822
11191,TXN103977,2026-09-21 06:00:00,POS,409.21,159,0.443,0.692
10650,TXN103978,2026-09-21 12:00:00,Contactless,228.2,136,1.354,0.77
10327,TXN103979,2026-09-21 18:00:00,Online,727.34,98,1.364,1.104
10865,TXN103980,2026-09-22 00:00:00,POS,246.57,118,0.349,0.441
10529,TXN103981,2026-09-22 06:00:00,POS,1007.67,109,0.451,1.043
11297,TXN103982,2026-09-22 12:00:00,ATM,1558.26,30,-0.058,0.453
10879,TXN103983,2026-09-22 18:00:00,Online,1064.05,30,1.007,0.785
11400,TXN103984,2026-09-23 00:00:00,Online,441.07,126,0.549,0.46
11399,TXN103985,2026-09-23 06:00:00,ATM,319.62,156,0.845,0.937
10334,TXN103986,2026-09-23 12:00:00,Online,322.06,23,0.561,0.339
11027,TXN103987,2026-09-23 18:00:00,Online,981.52,33,0.189,0.419
11267,TXN103988,2026-09-24 00:00:00,ATM,253.13,29,0.824,0.669
11075,TXN103989,2026-09-24 06:00:00,Contactless,616.51,74,1.201,0.479
10882,TXN103990,2026-09-24 12:00:00,ATM,1704.86,61,0.74,0.501
10350,TXN103991,2026-09-24 18:00:00,POS,483.73,110,0.391,0.667
10174,TXN103992,2026-09-25 00:00:00,Online,198.73,113,0.698,0.35
10116,TXN103993,2026-09-25 06:00:00,ATM,503.63,104,0.93,0.736
10361,TXN103994,2026-09-25 12:00:00,Online,159.52,101,0.679,0.803
11379,TXN103995,2026-09-25 18:00:00,POS,997.4,19,0.366,0.259
10076,TXN103996,2026-09-26 00:00:00,Online,250.02,79,1.457,0.768
10756,TXN103997,2026-09-26 06:00:00,ATM,516.44,24,0.221,0.757
11105,TXN103998,2026-09-26 12:00:00,POS,581.78,19,1.546,0.822
11253,TXN103999,2026-09-26 18:00:00,Contactless,829.02,158,0.718,0.732
10072,TXN104000,2026-09-27 00:00:00,Online,1157.82,28,1.064,0.798
11427,TXN104001,2026-09-27 06:00:00,ATM,1240.7,77,0.825,0.798
11242,TXN104002,2026-09-27 12:00:00,POS,658.91,31,0.443,0.769
10452,TXN104003,2026-09-27 18:00:00,POS,648.17,72,1.215,0.804
10911,TXN104004,2026-09-28 00:00:00,POS,432.75,47,0.966,1.132
10367,TXN104005,2026-09-28 06:00:00,ATM,438.18,24,0.717,1.067
10826,TXN104006,2026-09-28 12:00:00,POS,487.69,79,1.005,0.668
10670,TXN104007,2026-09-28 18:00:00,Online,253.93,123,0.702,0.525
11336,TXN104008,2026-09-29 00:00:00,Contactless,361.37,53,-0.02,1.056
11322,TXN104009,2026-09-29 06:00:00,Online,274.51,113,0.151,1.341
11048,TXN104010,2026-09-29 12:00:00,Contactless,513.58,33,0.742,0.692
10110,TXN104011,2026-09-29 18:00:00,ATM,89.47,95,0.639,0.84
10052,TXN104012,2026-09-30 00:00:00,POS,1105.67,103,0.719,0.609
11314,TXN104013,2026-09-30 06:00:00,Online,577.13,141,0.631,0.849
11468,TXN104014,2026-09-30 12:00:00,POS,551.65,15,0.357,0.145
10467,TXN104015,2026-09-30 18:00:00,POS,455.78,47,0.266,0.553
11283,TXN104016,2026-10-01 00:00:00,POS,63.62,35,0.454,0.903
11348,TXN104017,2026-10-01 06:00:00,Online,201.26,156,1.014,0.455
10818,TXN104018,2026-10-01 12:00:00,POS,480.7,11,0.464,0.855
11362,TXN104019,2026-10-01 18:00:00,Online,356.77,77,1.115,0.846
10787,TXN104020,2026-10-02 00:00:00,Online,367.11,78,0.387,0.862
10556,TXN104021,2026-10-02 06:00:00,Online,176.78,56,1.165,0.558
10929,TXN104022,2026-10-02 12:00:00,ATM,115.03,108,0.57,0.914
11446,TXN104023,2026-10-02 18:00:00,POS,296.5,73,0.642,1.218
10259,TXN104024,2026-10-03 00:00:00,Contactless,125.05,89,0.645,0.563
10065,TXN104025,2026-10-03 06:00:00,POS,1926.6,149,0.954,0.512
10163,TXN104026,2026-10-03 12:00:00,ATM,795.79,82,0.838,0.652
11188,TXN104027,2026-10-03 18:00:00,POS,254.88,148,0.799,0.777
10039,TXN104028,2026-10-04 00:00:00,POS,207.61,17,0.722,0.412
10665,TXN104029,2026-10-04 06:00:00,POS,364.58,69,0.551,0.573
10320,TXN104030,2026-10-04 12:00:00,ATM,932.1,141,1.134,1.108
10360,TXN104031,2026-10-04 18:00:00,Online,642.47,101,0.78,1.018
10269,TXN104032,2026-10-05 00:00:00,Online,510.54,127,0.951,0.423
10324,TXN104033,2026-10-05 06:00:00,Online,196.59,135,0.82,1.222
10326,TXN104034,2026-10-05 12:00:00,Online,884.35,128,0.602,0.58
10257,TXN104035,2026-10-05 18:00:00,POS,1568.86,92,1.588,0.794
10200,TXN104036,2026-10-06 00:00:00,POS,818.55,94,1.181,0.712
11462,TXN104037,2026-10-06 06:00:00,ATM,657.28,113,0.561,0.957
10610,TXN104038,2026-10-06 12:00:00,Online,482.75,123,1.468,0.38
11128,TXN104039,2026-10-06 18:00:00,POS,1206.77,24,1.075,0.552
11396,TXN104040,2026-10-07 00:00:00,Online,131.1,60,0.367,0.443
10905,TXN104041,2026-10-07 06:00:00,Online,1108.09,59,1.059,0.404
10164,TXN104042,2026-10-07 12:00:00,POS,212.93,120,0.896,0.492
11137,TXN104043,2026-10-07 18:00:00,ATM,613.9,64,0.808,0.466
10615,TXN104044,2026-10-08 00:00:00,POS,1013.41,21,1.105,0.88
10106,TXN104045,2026-10-08 06:00:00,Online,366.32,142,0.869,0.592
10699,TXN104046,2026-10-08 12:00:00,Contactless,201.52,88,0.047,0.629
10364,TXN104047,2026-10-08 18:00:00,,875.93,99,0.276,0.186
11045,TXN104048,2026-10-09 00:00:00,POS,384.28,18,0.451,0.977
10660,TXN104049,2026-10-09 06:00:00,Contactless,315.7,113,1.448,0.22
11153,TXN104050,2026-10-09 12:00:00,Online,357.2,113,0.978,0.727
10699,TXN104051,2026-10-09 18:00:00,POS,584.14,150,0.939,1.072
11223,TXN104052,2026-10-10 00:00:00,Contactless,1534.97,53,0.788,1.13
10747,TXN104053,2026-10-10 06:00:00,POS,977.88,106,0.427,0.313
10961,TXN104054,2026-10-10 12:00:00,POS,557.1,107,0.241,0.65
11444,TXN104055,2026-10-10 18:00:00,Online,302.98,128,1.099,0.916
11250,TXN104056,2026-10-11 00:00:00,Online,330.16,77,1.332,0.587
10930,TXN104057,2026-10-11 06:00:00,Online,278.19,62,0.987,1.003
10209,TXN104058,2026-10-11 12:00:00,POS,226.06,118,0.578,0.129
11269,TXN104059,2026-10-11 18:00:00,Online,653.5,10,0.607,0.743
11312,TXN104060,2026-10-12 00:00:00,Online,240.38,20,0.993,0.826
11090,TXN104061,2026-10-12 06:00:00,POS,665.31,146,0.709,0.379
11177,TXN104062,2026-10-12 12:00:00,POS,1512.47,47,0.695,0.924
10491,TXN104063,2026-10-12 18:00:00,ATM,432.67,150,0.562,0.413
11459,TXN104064,2026-10-13 00:00:00,ATM,647.16,142,0.518,1.155
10703,TXN104065,2026-10-13 06:00:00,POS,477.29,34,0.708,0.61
11242,TXN104066,2026-10-13 12:00:00,POS,380.72,135,0.196,0.655
11453,TXN104067,2026-10-13 18:00:00,POS,498.68,19,0.967,0.411
10502,TXN104068,2026-10-14 00:00:00,Online,119.05,142,0.096,0.602
10666,TXN104069,2026-10-14 06:00:00,POS,917.27,31,1.123,0.502
10221,TXN104070,2026-10-14 12:00:00,POS,560.01,51,0.565,0.785
10435,TXN104071,2026-10-14 18:00:00,POS,453.67,110,0.708,0.772
10280,TXN104072,2026-10-15 00:00:00,Online,440.73,157,0.945,0.675
11116,TXN104073,2026-10-15 06:00:00,Online,377.36,37,0.649,0.748
10524,TXN104074,2026-10-15 12:00:00,POS,268.29,30,0.492,0.394
11163,TXN104075,2026-10-15 18:00:00,Online,236.66,148,0.85,0.411
10667,TXN104076,2026-10-16 00:00:00,Contactless,573.38,78,1.519,1.038
11047,TXN104077,2026-10-16 06:00:00,Contactless,104.47,46,1.026,0.491
11441,TXN104078,2026-10-16 12:00:00,POS,161.36,126,0.485,0.783
10732,TXN104079,2026-10-16 18:00:00,Contactless,277.72,42,0.627,0.055
10348,TXN104080,2026-10-17 00:00:00,ATM,768.64,54,0.583,0.819
11261,TXN104081,2026-10-17 06:00:00,Online,1427.6,145,0.389,1.025
10765,TXN104082,2026-10-17 12:00:00,POS,86.76,125,0.96,0.734
10934,TXN104083,2026-10-17 18:00:00,Online,801.54,143,0.636,0.748
10183,TXN104084,2026-10-18 00:00:00,POS,200.55,152,0.861,1.139
10508,TXN104085,2026-10-18 06:00:00,Online,1084.98,152,-0.165,0.78
10198,TXN104086,2026-10-18 12:00:00,ATM,1782.35,146,0.992,0.508
11147,TXN104087,2026-10-18 18:00:00,POS,109.18,70,0.543,0.577
10381,TXN104088,2026-10-19 00:00:00,Online,528.61,65,0.398,0.53
10825,TXN104089,2026-10-19 06:00:00,Contactless,694.91,142,0.282,0.973
11030,TXN104090,2026-10-19 12:00:00,Contactless,166.0,135,0.428,1.061
11328,TXN104091,2026-10-19 18:00:00,Contactless,170.15,135,0.6,0.999
10192,TXN104092,2026-10-20 00:00:00,ATM,494.38,132,1.061,0.496
11400,TXN104093,2026-10-20 06:00:00,POS,548.87,44,0.595,0.72
10525,TXN104094,2026-10-20 12:00:00,POS,598.45,19,1.094,0.896
11060,TXN104095,2026-10-20 18:00:00,Online,338.57,100,0.852,0.373
11094,TXN104096,2026-10-21 00:00:00,Online,544.25,30,1.387,0.955
10289,TXN104097,2026-10-21 06:00:00,Online,228.04,149,0.575,0.938
10105,TXN104098,2026-10-21 12:00:00,POS,457.23,18,0.895,0.868
10313,TXN104099,2026-10-21 18:00:00,POS,255.66,153,1.187,0.93
11079,TXN104100,2026-10-22 00:00:00,Online,127.82,129,0.971,0.677
11131,TXN104101,2026-10-22 06:00:00,Online,309.83,136,0.69,0.466
10307,TXN104102,2026-10-22 12:00:00,ATM,529.49,32,0.579,1.028
10821,TXN104103,2026-10-22 18:00:00,Online,1170.92,48,0.07,0.713
10036,TXN104104,2026-10-23 00:00:00,Online,875.15,137,0.666,0.554
11157,TXN104105,2026-10-23 06:00:00,POS,253.61,31,0.427,0.736
10887,TXN104106,2026-10-23 12:00:00,Online,527.43,64,0.56,0.734
11049,TXN104107,2026-10-23 18:00:00,Contactless,314.51,83,0.768,0.57
11061,TXN104108,2026-10-24 00:00:00,POS,54.73,56,0.204,0.852
11043,TXN104109,2026-10-24 06:00:00,POS,496.64,36,0.403,1.237
10035,TXN104110,2026-10-24 12:00:00,Online,835.71,137,0.886,0.352
11387,TXN104111,2026-10-24 18:00:00,POS,1375.08,57,0.307,0.359
11442,TXN104112,2026-10-25 00:00:00,POS,345.71,158,0.734,1.046
11454,TXN104113,2026-10-25 06:00:00,Contactless,333.2,24,0.259,0.921
10467,TXN104114,2026-10-25 12:00:00,POS,464.46,90,0.934,1.168
10897,TXN104115,2026-10-25 18:00:00,POS,238.29,127,0.98,1.229
10199,TXN104116,2026-10-26 00:00:00,Online,537.68,54,1.182,0.917
10768,TXN104117,2026-10-26 06:00:00,POS,245.36,28,1.186,0.379
11235,TXN104118,2026-10-26 12:00:00,Online,81.35,64,0.846,0.8
10241,TXN104119,2026-10-26 18:00:00,Online,936.0,95,0.133,0.603
11194,TXN104120,2026-10-27 00:00:00,POS,473.09,114,0.751,0.841
10294,TXN104121,2026-10-27 06:00:00,Online,308.28,87,0.91,0.496
10922,TXN104122,2026-10-27 12:00:00,ATM,186.27,135,0.792,0.854
11339,TXN104123,2026-10-27 18:00:00,Contactless,1001.78,69,1.332,0.906
11151,TXN104124,2026-10-28 00:00:00,POS,268.81,85,1.204,0.784
10468,TXN104125,2026-10-28 06:00:00,Online,616.96,100,0.759,0.823
10367,TXN104126,2026-10-28 12:00:00,Online,1259.65,125,1.011,0.91
11045,TXN104127,2026-10-28 18:00:00,POS,552.39,33,0.237,0.494
10316,TXN104128,2026-10-29 00:00:00,POS,633.11,135,0.816,0.791
10758,TXN104129,2026-10-29 06:00:00,POS,445.46,123,0.308,0.683
11114,TXN104130,2026-10-29 12:00:00,POS,636.69,109,0.687,1.019
11428,TXN104131,2026-10-29 18:00:00,POS,306.89,81,0.512,0.926
10451,TXN104132,2026-10-30 00:00:00,Online,594.95,123,0.522,0.546
10778,TXN104133,2026-10-30 06:00:00,POS,257.03,102,0.466,0.903
10908,TXN104134,2026-10-30 12:00:00,Contactless,1361.9,81,0.61,1.093
11174,TXN104135,2026-10-30 18:00:00,Online,607.79,101,0.55,0.819
10446,TXN104136,2026-10-31 00:00:00,POS,282.49,106,0.972,0.614
10957,TXN104137,2026-10-31 06:00:00,POS,332.77,20,0.657,0.402
10080,TXN104138,2026-10-31 12:00:00,ATM,461.31,51,0.734,0.149
11041,TXN104139,2026-10-31 18:00:00,POS,820.4,135,0.852,1.013
10138,TXN104140,2026-11-01 00:00:00,ATM,287.04,31,0.851,0.322
10652,TXN104141,2026-11-01 06:00:00,POS,255.2,139,0.376,0.416
10851,TXN104142,2026-11-01 12:00:00,POS,623.09,153,0.657,0.729
10552,TXN104143,2026-11-01 18:00:00,ATM,587.69,148,0.833,0.788
10074,TXN104144,2026-11-02 00:00:00,Contactless,87.57,105,0.442,1.112
11098,TXN104145,2026-11-02 06:00:00,ATM,518.44,78,0.402,0.803
10050,TXN104146,2026-11-02 12:00:00,,127.1,109,0.339,0.625
11034,TXN104147,2026-11-02 18:00:00,Online,464.94,71,0.821,0.625
11127,TXN104148,2026-11-03 00:00:00,Online,449.83,28,0.647,0.275
10388,TXN104149,2026-11-03 06:00:00,POS,261.68,69,0.697,1.104
10385,TXN104150,2026-11-03 12:00:00,Online,107.77,155,0.127,0.948
10299,TXN104151,2026-11-03 18:00:00,POS,143.18,104,0.775,0.777
10339,TXN104152,2026-11-04 00:00:00,Online,758.66,110,0.792,1.101
11413,TXN104153,2026-11-04 06:00:00,POS,57.69,90,0.842,1.001
10474,TXN104154,2026-11-04 12:00:00,POS,990.02,27,1.255,0.851
10616,TXN104155,2026-11-04 18:00:00,POS,1024.35,94,0.484,0.691
10962,TXN104156,2026-11-05 00:00:00,Online,298.79,138,0.921,0.711
10792,TXN104157,2026-11-05 06:00:00,Contactless,565.82,151,0.867,0.286
11166,TXN104158,2026-11-05 12:00:00,ATM,355.68,68,0.909,1.0
11194,TXN104159,2026-11-05 18:00:00,POS,588.09,119,0.641,0.645
10013,TXN104160,2026-11-06 00:00:00,POS,142.28,128,1.017,0.998
10449,TXN104161,2026-11-06 06:00:00,POS,180.45,129,0.495,0.905
10174,TXN104162,2026-11-06 12:00:00,POS,603.26,85,0.586,0.728
11156,TXN104163,2026-11-06 18:00:00,Online,533.51,152,0.685,0.936
10595,TXN104164,2026-11-07 00:00:00,ATM,590.15,29,0.67,0.482
10932,TXN104165,2026-11-07 06:00:00,POS,80.88,43,0.881,0.287
10269,TXN104166,2026-11-07 12:00:00,POS,537.98,67,0.841,0.658
11275,TXN104167,2026-11-07 18:00:00,Online,204.37,69,0.844,0.823
11394,TXN104168,2026-11-08 00:00:00,ATM,1129.61,117,1.213,0.941
10618,TXN104169,2026-11-08 06:00:00,Online,328.86,150,0.677,0.726
10773,TXN104170,2026-11-08 12:00:00,POS,348.05,102,1.12,0.448
10865,TXN104171,2026-11-08 18:00:00,ATM,386.88,76,0.377,1.065
10526,TXN104172,2026-11-09 00:00:00,POS,990.61,98,0.705,0.6
10888,TXN104173,2026-11-09 06:00:00,POS,270.44,49,0.727,0.808
10672,TXN104174,2026-11-09 12:00:00,POS,271.75,56,0.292,0.841
10178,TXN104175,2026-11-09 18:00:00,POS,151.21,97,0.766,0.719
10259,TXN104176,2026-11-10 00:00:00,Online,306.35,148,0.791,0.156
10260,TXN104177,2026-11-10 06:00:00,Online,1103.23,29,0.959,0.512
11159,TXN104178,2026-11-10 12:00:00,ATM,471.95,157,0.919,0.831
11485,TXN104179,2026-11-10 18:00:00,Contactless,936.24,65,0.303,1.141
10643,TXN104180,2026-11-11 00:00:00,POS,653.93,109,1.169,0.89
10081,TXN104181,2026-11-11 06:00:00,ATM,485.82,122,0.588,0.836
11391,TXN104182,2026-11-11 12:00:00,POS,159.41,97,0.538,0.143
11083,TXN104183,2026-11-11 18:00:00,Contactless,132.71,113,0.922,0.996
11098,TXN104184,2026-11-12 00:00:00,ATM,322.24,34,1.048,0.959
11263,TXN104185,2026-11-12 06:00:00,POS,264.37,42,0.585,0.86
10129,TXN104186,2026-11-12 12:00:00,Online,1164.01,112,0.734,0.776
10412,TXN104187,2026-11-12 18:00:00,POS,56.89,88,1.069,0.842
10315,TXN104188,2026-11-13 00:00:00,Online,713.52,138,0.424,1.044
11398,TXN104189,2026-11-13 06:00:00,Contactless,908.29,25,-0.23,0.685
11461,TXN104190,2026-11-13 12:00:00,POS,528.8,94,0.938,0.805
11162,TXN104191,2026-11-13 18:00:00,POS,329.46,68,1.07,0.614
10455,TXN104192,2026-11-14 00:00:00,Contactless,650.41,134,0.192,0.704
10615,TXN104193,2026-11-14 06:00:00,ATM,95.44,140,0.743,0.732
10899,TXN104194,2026-11-14 12:00:00,ATM,678.5,152,0.576,0.872
10903,TXN104195,2026-11-14 18:00:00,Online,854.88,41,0.795,0.561
11033,TXN104196,2026-11-15 00:00:00,Online,1029.65,120,0.026,0.667
10232,TXN104197,2026-11-15 06:00:00,Online,703.68,109,0.306,0.793
10611,TXN104198,2026-11-15 12:00:00,ATM,454.39,112,0.907,0.664
10730,TXN104199,2026-11-15 18:00:00,POS,357.17,125,0.703,0.744
10965,TXN104200,2026-11-16 00:00:00,Online,254.59,127,1.277,0.367
11421,TXN104201,2026-11-16 06:00:00,ATM,79.69,128,0.956,0.854
10882,TXN104202,2026-11-16 12:00:00,Online,675.74,145,0.413,0.53
10318,TXN104203,2026-11-16 18:00:00,POS,179.75,16,1.002,0.314
10522,TXN104204,2026-11-17 00:00:00,ATM,413.67,141,1.348,0.781
11111,TXN104205,2026-11-17 06:00:00,POS,189.11,19,0.725,0.795
10716,TXN104206,2026-11-17 12:00:00,Contactless,315.11,69,0.891,0.822
11342,TXN104207,2026-11-17 18:00:00,POS,465.5,34,1.039,0.826
11357,TXN104208,2026-11-18 00:00:00,Online,2158.5,51,0.692,0.818
11384,TXN104209,2026-11-18 06:00:00,Online,1328.16,56,0.01,1.111
11265,TXN104210,2026-11-18 12:00:00,POS,676.43,105,0.945,0.934
11080,TXN104211,2026-11-18 18:00:00,Contactless,1725.31,123,1.03,0.963
11134,TXN104212,2026-11-19 00:00:00,Contactless,704.25,41,1.262,0.86
11073,TXN104213,2026-11-19 06:00:00,Contactless,1046.68,83,0.365,0.942
11040,TXN104214,2026-11-19 12:00:00,POS,275.5,25,0.381,0.58
11097,TXN104215,2026-11-19 18:00:00,POS,658.3,153,0.509,0.882
10884,TXN104216,2026-11-20 00:00:00,POS,642.17,103,0.691,1.026
10202,TXN104217,2026-11-20 06:00:00,POS,1072.14,14,0.938,0.641
10093,TXN104218,2026-11-20 12:00:00,Online,384.06,16,0.358,1.085
11057,TXN104219,2026-11-20 18:00:00,Online,742.1,17,1.082,0.606
10419,TXN104220,2026-11-21 00:00:00,POS,689.78,42,1.065,0.833
11227,TXN104221,2026-11-21 06:00:00,Online,775.38,71,1.075,0.416
10551,TXN104222,2026-11-21 12:00:00,Contactless,470.75,125,0.641,0.925
10626,TXN104223,2026-11-21 18:00:00,ATM,436.66,138,-0.032,1.043
10845,TXN104224,2026-11-22 00:00:00,POS,1129.23,100,1.31,0.693
10882,TXN104225,2026-11-22 06:00:00,Online,158.73,157,0.542,0.327
10720,TXN104226,2026-11-22 12:00:00,POS,1236.35,64,1.001,0.71
11336,TXN104227,2026-11-22 18:00:00,POS,111.68,87,0.793,0.452
10944,TXN104228,2026-11-23 00:00:00,POS,342.4,15,1.145,0.726
11493,TXN104229,2026-11-23 06:00:00,POS,320.76,61,0.732,0.934
10394,TXN104230,2026-11-23 12:00:00,Contactless,556.37,11,0.774,0.832
10809,TXN104231,2026-11-23 18:00:00,ATM,132.95,48,0.813,0.265
10872,TXN104232,2026-11-24 00:00:00,POS,1515.99,130,0.896,0.609
11235,TXN104233,2026-11-24 06:00:00,Online,249.73,41,0.318,0.758
10867,TXN104234,2026-11-24 12:00:00,POS,275.14,125,1.406,1.088
10571,TXN104235,2026-11-24 18:00:00,Contactless,213.94,101,0.725,0.659
11180,TXN104236,2026-11-25 00:00:00,ATM,911.14,41,0.951,0.839
10634,TXN104237,2026-11-25 06:00:00,Online,416.11,102,1.281,0.749
10632,TXN104238,2026-11-25 12:00:00,ATM,555.8,140,0.747,0.536
10809,TXN104239,2026-11-25 18:00:00,Online,1053.79,71,0.401,0.573
10322,TXN104240,2026-11-26 00:00:00,POS,501.88,22,0.39,0.646
11459,TXN104241,2026-11-26 06:00:00,ATM,352.22,79,0.593,1.056
10574,TXN104242,2026-11-26 12:00:00,POS,671.71,30,0.867,0.482
11064,TXN104243,2026-11-26 18:00:00,POS,213.11,23,0.903,0.65
11064,TXN104244,2026-11-27 00:00:00,Online,335.26,98,1.145,0.532
11477,TXN104245,2026-11-27 06:00:00,Online,372.11,80,0.212,1.065
10870,TXN104246,2026-11-27 12:00:00,ATM,258.26,116,0.828,0.807
11214,TXN104247,2026-11-27 18:00:00,,1005.91,159,0.965,1.084
10746,TXN104248,2026-11-28 00:00:00,ATM,58.87,137,0.952,-0.046
11039,TXN104249,2026-11-28 06:00:00,Online,1019.22,41,-0.096,0.96
11148,TXN104250,2026-11-28 12:00:00,ATM,174.34,41,0.62,0.448
11304,TXN104251,2026-11-28 18:00:00,Online,1707.8,90,1.035,0.535
10937,TXN104252,2026-11-29 00:00:00,Online,1272.5,111,0.466,0.647
10959,TXN104253,2026-11-29 06:00:00,POS,492.83,94,0.335,0.695
10048,TXN104254,2026-11-29 12:00:00,POS,1405.67,52,0.947,0.695
10189,TXN104255,2026-11-29 18:00:00,Online,547.49,140,0.855,0.501
10304,TXN104256,2026-11-30 00:00:00,Online,339.83,54,0.831,0.671
11129,TXN104257,2026-11-30 06:00:00,POS,240.32,55,0.524,0.673
10369,TXN104258,2026-11-30 12:00:00,Online,788.81,124,0.29,0.237
10460,TXN104259,2026-11-30 18:00:00,Online,370.9,113,1.082,0.796
10247,TXN104260,2026-12-01 00:00:00,POS,511.28,22,1.918,0.704
10264,TXN104261,2026-12-01 06:00:00,Online,989.66,61,0.183,0.754
11230,TXN104262,2026-12-01 12:00:00,POS,1705.28,18,1.107,0.561
10530,TXN104263,2026-12-01 18:00:00,Contactless,1012.81,78,0.69,0.707
11388,TXN104264,2026-12-02 00:00:00,Online,964.48,52,0.861,0.093
10750,TXN104265,2026-12-02 06:00:00,Contactless,966.46,16,0.729,0.549
11364,TXN104266,2026-12-02 12:00:00,Online,581.62,53,1.518,0.574
10407,TXN104267,2026-12-02 18:00:00,Online,20.06,111,0.469,0.686
10453,TXN104268,2026-12-03 00:00:00,ATM,495.02,77,0.539,0.692
10814,TXN104269,2026-12-03 06:00:00,ATM,443.28,131,0.777,0.967
10578,TXN104270,2026-12-03 12:00:00,POS,884.21,86,0.949,0.389
10965,TXN104271,2026-12-03 18:00:00,Online,398.11,53,1.217,0.902
11174,TXN104272,2026-12-04 00:00:00,ATM,296.93,49,0.922,1.261
11217,TXN104273,2026-12-04 06:00:00,Contactless,419.96,71,0.829,0.563
10147,TXN104274,2026-12-04 12:00:00,Contactless,159.23,156,0.595,0.905
10406,TXN104275,2026-12-04 18:00:00,POS,999.8,58,0.929,1.101
10183,TXN104276,2026-12-05 00:00:00,ATM,864.72,86,0.5,1.094
11130,TXN104277,2026-12-05 06:00:00,ATM,657.75,50,0.821,0.618
10236,TXN104278,2026-12-05 12:00:00,ATM,908.41,32,0.674,1.003
10638,TXN104279,2026-12-05 18:00:00,Contactless,307.14,52,0.406,0.941
10958,TXN104280,2026-12-06 00:00:00,ATM,219.54,114,1.296,1.038
10179,TXN104281,2026-12-06 06:00:00,POS,772.17,122,0.407,0.893
10432,TXN104282,2026-12-06 12:00:00,POS,1235.43,119,0.612,1.028
11425,TXN104283,2026-12-06 18:00:00,POS,378.91,147,0.195,0.637
10525,TXN104284,2026-12-07 00:00:00,Contactless,454.43,114,0.691,0.572
10743,TXN104285,2026-12-07 06:00:00,,303.2,69,0.902,0.09
10323,TXN104286,2026-12-07 12:00:00,Online,355.45,138,0.433,0.582
11285,TXN104287,2026-12-07 18:00:00,Online,423.14,149,0.113,0.613
10399,TXN104288,2026-12-08 00:00:00,Contactless,327.49,102,0.619,0.195
10337,TXN104289,2026-12-08 06:00:00,ATM,267.21,84,0.695,0.713
11324,TXN104290,2026-12-08 12:00:00,Online,875.26,154,0.668,1.0
10119,TXN104291,2026-12-08 18:00:00,Online,499.35,67,1.305,0.444
10413,TXN104292,2026-12-09 00:00:00,POS,547.46,47,0.867,1.224
10580,TXN104293,2026-12-09 06:00:00,POS,589.12,15,0.84,0.804
11408,TXN104294,2026-12-09 12:00:00,Online,293.07,147,0.865,0.936
10305,TXN104295,2026-12-09 18:00:00,Contactless,388.24,35,0.863,0.686
10196,TXN104296,2026-12-10 00:00:00,POS,732.19,67,0.595,0.451
10333,TXN104297,2026-12-10 06:00:00,POS,607.05,26,0.423,0.852
11044,TXN104298,2026-12-10 12:00:00,Contactless,890.96,62,1.615,0.913
10623,TXN104299,2026-12-10 18:00:00,Online,389.16,14,0.699,0.652
10658,TXN104300,2026-12-11 00:00:00,POS,650.07,76,0.758,0.772
10704,TXN104301,2026-12-11 06:00:00,POS,1277.92,116,0.766,0.698
11457,TXN104302,2026-12-11 12:00:00,Contactless,874.82,157,0.485,0.518
10883,TXN104303,2026-12-11 18:00:00,Online,111.13,76,0.812,0.792
11450,TXN104304,2026-12-12 00:00:00,ATM,201.48,140,0.302,0.502
11253,TXN104305,2026-12-12 06:00:00,POS,1194.01,146,1.001,0.914
10524,TXN104306,2026-12-12 12:00:00,ATM,157.67,148,0.66,1.349
10217,TXN104307,2026-12-12 18:00:00,ATM,102.79,122,1.145,1.008
10990,TXN104308,2026-12-13 00:00:00,Online,523.86,150,0.931,0.648
10375,TXN104309,2026-12-13 06:00:00,Online,1451.44,145,0.888,0.798
10036,TXN104310,2026-12-13 12:00:00,Online,653.31,31,0.472,1.017
10776,TXN104311,2026-12-13 18:00:00,POS,644.75,47,0.775,0.673
10028,TXN104312,2026-12-14 00:00:00,Contactless,97.66,36,1.014,0.856
11396,TXN104313,2026-12-14 06:00:00,Online,245.14,35,0.791,0.901
10086,TXN104314,2026-12-14 12:00:00,POS,1161.17,32,0.275,0.773
10188,TXN104315,2026-12-14 18:00:00,Contactless,521.41,129,1.095,0.753
10305,TXN104316,2026-12-15 00:00:00,Contactless,415.81,112,1.015,0.994
10766,TXN104317,2026-12-15 06:00:00,POS,621.38,74,0.225,1.185
11446,TXN104318,2026-12-15 12:00:00,ATM,1240.59,83,0.794,0.675
10080,TXN104319,2026-12-15 18:00:00,Online,282.39,56,1.035,1.047
10186,TXN104320,2026-12-16 00:00:00,Online,228.83,70,0.54,0.284
11029,TXN104321,2026-12-16 06:00:00,Online,610.36,141,0.286,0.836
10558,TXN104322,2026-12-16 12:00:00,POS,307.77,13,0.374,0.089
10509,TXN104323,2026-12-16 18:00:00,POS,580.97,38,0.712,0.483
10971,TXN104324,2026-12-17 00:00:00,POS,367.73,82,1.076,0.41
11026,TXN104325,2026-12-17 06:00:00,Online,116.84,88,0.369,1.158
10217,TXN104326,2026-12-17 12:00:00,Online,266.31,53,0.372,0.621
10257,TXN104327,2026-12-17 18:00:00,Online,190.47,12,0.644,0.686
11477,TXN104328,2026-12-18 00:00:00,Contactless,466.52,88,0.991,0.638
11448,TXN104329,2026-12-18 06:00:00,Contactless,139.96,130,1.364,0.295
10324,TXN104330,2026-12-18 12:00:00,Online,510.69,148,0.781,0.78
10197,TXN104331,2026-12-18 18:00:00,Online,419.97,143,0.514,0.721
10504,TXN104332,2026-12-19 00:00:00,Contactless,268.71,56,0.471,0.473
11296,TXN104333,2026-12-19 06:00:00,Online,400.08,16,1.23,1.086
10694,TXN104334,2026-12-19 12:00:00,Contactless,1309.88,124,0.308,1.078
10959,TXN104335,2026-12-19 18:00:00,POS,300.37,119,0.818,0.348
10018,TXN104336,2026-12-20 00:00:00,POS,605.16,77,1.211,0.508
10107,TXN104337,2026-12-20 06:00:00,ATM,488.7,10,0.695,0.832
10125,TXN104338,2026-12-20 12:00:00,Online,710.56,86,0.372,0.57
10483,TXN104339,2026-12-20 18:00:00,Online,608.95,52,0.935,0.639
11028,TXN104340,2026-12-21 00:00:00,ATM,532.19,27,0.786,0.415
10627,TXN104341,2026-12-21 06:00:00,Contactless,307.8,96,0.915,0.418
10351,TXN104342,2026-12-21 12:00:00,POS,489.86,82,0.953,0.554
10351,TXN104343,2026-12-21 18:00:00,ATM,429.54,116,0.931,0.737
10649,TXN104344,2026-12-22 00:00:00,Contactless,814.17,15,0.854,0.755
10901,TXN104345,2026-12-22 06:00:00,Online,246.48,153,0.987,0.471
10228,TXN104346,2026-12-22 12:00:00,POS,564.61,138,1.222,0.378
10016,TXN104347,2026-12-22 18:00:00,Online,196.09,31,0.476,0.352
10425,TXN104348,2026-12-23 00:00:00,Online,530.68,55,0.657,0.977
10464,TXN104349,2026-12-23 06:00:00,ATM,835.06,158,1.028,1.295
10724,TXN104350,2026-12-23 12:00:00,Online,996.51,60,0.725,0.82
11270,TXN104351,2026-12-23 18:00:00,Online,303.02,137,0.308,-0.019
10794,TXN104352,2026-12-24 00:00:00,POS,312.85,104,0.866,0.859
10177,TXN104353,2026-12-24 06:00:00,Online,663.29,47,0.578,1.032
10543,TXN104354,2026-12-24 12:00:00,Online,62.67,53,1.492,0.518
10509,TXN104355,2026-12-24 18:00:00,Online,312.18,100,1.098,0.946
10564,TXN104356,2026-12-25 00:00:00,Contactless,604.76,51,1.156,1.0
10233,TXN104357,2026-12-25 06:00:00,ATM,1201.82,69,0.765,1.061
11062,TXN104358,2026-12-25 12:00:00,Contactless,282.85,135,0.859,0.536
10491,TXN104359,2026-12-25 18:00:00,Contactless,187.16,66,0.63,0.721
11017,TXN104360,2026-12-26 00:00:00,Contactless,655.47,86,0.457,0.751
10444,TXN104361,2026-12-26 06:00:00,Online,745.61,105,0.431,1.069
10020,TXN104362,2026-12-26 12:00:00,Contactless,686.52,16,1.498,0.585
10111,TXN104363,2026-12-26 18:00:00,POS,334.49,60,0.889,0.964
10487,TXN104364,2026-12-27 00:00:00,Online,1279.42,120,0.287,0.776
10089,TXN104365,2026-12-27 06:00:00,POS,552.23,41,1.087,0.969
11343,TXN104366,2026-12-27 12:00:00,Online,485.19,16,1.668,0.912
11142,TXN104367,2026-12-27 18:00:00,Online,593.58,85,0.213,0.516
10434,TXN104368,2026-12-28 00:00:00,Online,308.72,152,0.96,0.775
11263,TXN104369,2026-12-28 06:00:00,POS,512.86,68,0.357,0.507
10072,TXN104370,2026-12-28 12:00:00,ATM,705.75,122,1.154,0.694
10822,TXN104371,2026-12-28 18:00:00,Online,385.22,94,0.001,1.189
11423,TXN104372,2026-12-29 00:00:00,ATM,210.34,149,0.778,0.581
10816,TXN104373,2026-12-29 06:00:00,Online,1291.05,86,0.905,0.529
10404,TXN104374,2026-12-29 12:00:00,POS,340.41,48,0.265,0.648
10251,TXN104375,2026-12-29 18:00:00,Online,141.77,72,0.905,0.889
10869,TXN104376,2026-12-30 00:00:00,Contactless,250.27,139,0.587,0.887
11219,TXN104377,2026-12-30 06:00:00,Contactless,581.27,38,1.353,0.801
10868,TXN104378,2026-12-30 12:00:00,Online,760.05,70,0.252,0.477
11246,TXN104379,2026-12-30 18:00:00,Contactless,589.36,38,1.068,0.63
11206,TXN104380,2026-12-31 00:00:00,ATM,1353.56,47,0.715,1.094
10896,TXN104381,2026-12-31 06:00:00,Online,577.38,16,1.203,0.275
10256,TXN104382,2026-12-31 12:00:00,POS,1378.37,39,1.211,0.772
11112,TXN104383,2026-12-31 18:00:00,ATM,679.93,124,0.662,0.639
10873,TXN104384,2027-01-01 00:00:00,POS,212.26,13,0.734,0.831
10492,TXN104385,2027-01-01 06:00:00,POS,441.93,14,1.068,0.738
10336,TXN104386,2027-01-01 12:00:00,POS,224.01,55,0.933,0.28
11431,TXN104387,2027-01-01 18:00:00,POS,773.67,84,0.709,0.865
10633,TXN104388,2027-01-02 00:00:00,Online,461.55,139,0.458,0.427
11313,TXN104389,2027-01-02 06:00:00,POS,1117.45,114,0.878,0.369
10362,TXN104390,2027-01-02 12:00:00,ATM,804.12,63,0.361,0.714
11465,TXN104391,2027-01-02 18:00:00,ATM,123.84,117,0.977,0.585
11054,TXN104392,2027-01-03 00:00:00,POS,303.4,68,1.139,0.477
10919,TXN104393,2027-01-03 06:00:00,Online,603.82,42,0.461,0.591
10894,TXN104394,2027-01-03 12:00:00,Online,223.39,31,0.604,0.495
10637,TXN104395,2027-01-03 18:00:00,Contactless,1000.59,56,0.529,1.133
11247,TXN104396,2027-01-04 00:00:00,POS,678.92,143,1.119,0.788
10747,TXN104397,2027-01-04 06:00:00,POS,315.9,33,0.769,0.656
11148,TXN104398,2027-01-04 12:00:00,Online,287.75,126,0.622,0.912
10683,TXN104399,2027-01-04 18:00:00,Online,368.92,135,0.977,0.647
11003,TXN104400,2027-01-05 00:00:00,Online,72.71,60,0.582,0.627
11007,TXN104401,2027-01-05 06:00:00,ATM,580.29,127,0.679,0.961
10693,TXN104402,2027-01-05 12:00:00,POS,435.69,50,0.36,0.506
10215,TXN104403,2027-01-05 18:00:00,POS,494.26,76,1.044,0.414
10118,TXN104404,2027-01-06 00:00:00,Contactless,197.29,98,0.368,0.884
10227,TXN104405,2027-01-06 06:00:00,Online,368.68,101,1.252,0.746
10891,TXN104406,2027-01-06 12:00:00,Online,589.74,130,0.834,0.743
10444,TXN104407,2027-01-06 18:00:00,Online,1029.19,90,0.695,0.602
10549,TXN104408,2027-01-07 00:00:00,POS,304.93,139,0.745,0.867
10829,TXN104409,2027-01-07 06:00:00,Contactless,492.01,100,1.348,0.316
11461,TXN104410,2027-01-07 12:00:00,Contactless,263.89,109,0.279,0.158
10012,TXN104411,2027-01-07 18:00:00,POS,650.75,87,0.305,0.589
11146,TXN104412,2027-01-08 00:00:00,POS,139.75,52,1.086,0.876
10489,TXN104413,2027-01-08 06:00:00,Contactless,627.85,132,0.428,1.048
11275,TXN104414,2027-01-08 12:00:00,POS,308.57,41,0.491,0.853
10579,TXN104415,2027-01-08 18:00:00,Online,491.15,149,0.595,0.442
11304,TXN104416,2027-01-09 00:00:00,ATM,274.85,32,1.144,0.444
10742,TXN104417,2027-01-09 06:00:00,ATM,272.64,153,1.033,1.039
11361,TXN104418,2027-01-09 12:00:00,POS,212.56,11,0.701,0.954
10168,TXN104419,2027-01-09 18:00:00,Online,172.08,16,0.89,0.854
10961,TXN104420,2027-01-10 00:00:00,POS,449.78,30,0.882,0.958
11352,TXN104421,2027-01-10 06:00:00,POS,237.55,104,0.399,0.747
11270,TXN104422,2027-01-10 12:00:00,Online,907.09,135,0.423,0.642
11325,TXN104423,2027-01-10 18:00:00,POS,334.33,130,0.037,0.655
10200,TXN104424,2027-01-11 00:00:00,Online,814.07,34,1.272,0.878
10864,TXN104425,2027-01-11 06:00:00,POS,317.94,44,0.515,0.766
10754,TXN104426,2027-01-11 12:00:00,Online,331.38,144,0.755,0.15
11037,TXN104427,2027-01-11 18:00:00,Contactless,449.92,41,0.939,0.947
11390,TXN104428,2027-01-12 00:00:00,Online,1438.97,62,0.41,0.864
10774,TXN104429,2027-01-12 06:00:00,POS,380.77,78,0.453,0.791
10097,TXN104430,2027-01-12 12:00:00,Online,256.08,34,0.428,1.095
10071,TXN104431,2027-01-12 18:00:00,Online,275.26,104,-0.264,0.474
10993,TXN104432,2027-01-13 00:00:00,POS,428.89,95,0.727,0.401
10357,TXN104433,2027-01-13 06:00:00,Online,725.77,111,1.568,0.84
10812,TXN104434,2027-01-13 12:00:00,POS,272.14,86,0.565,0.488
10544,TXN104435,2027-01-13 18:00:00,Online,932.15,139,0.574,1.167
11274,TXN104436,2027-01-14 00:00:00,POS,81.65,95,0.621,0.506
10254,TXN104437,2027-01-14 06:00:00,ATM,271.26,70,0.859,0.499
11206,TXN104438,2027-01-14 12:00:00,Contactless,262.77,146,1.059,0.587
10988,TXN104439,2027-01-14 18:00:00,POS,457.62,60,0.458,0.617
11190,TXN104440,2027-01-15 00:00:00,ATM,290.73,11,0.912,0.597
10004,TXN104441,2027-01-15 06:00:00,ATM,441.31,41,0.72,0.626
11487,TXN104442,2027-01-15 12:00:00,Online,166.12,89,0.855,0.599
10145,TXN104443,2027-01-15 18:00:00,Contactless,116.92,106,0.908,0.264
10165,TXN104444,2027-01-16 00:00:00,POS,428.44,84,0.409,0.841
10344,TXN104445,2027-01-16 06:00:00,Online,131.15,17,0.566,0.578
11129,TXN104446,2027-01-16 12:00:00,Contactless,971.33,94,0.912,0.657
11338,TXN104447,2027-01-16 18:00:00,Online,64.98,130,0.701,0.36
11193,TXN104448,2027-01-17 00:00:00,POS,69.6,29,1.027,0.273
10520,TXN104449,2027-01-17 06:00:00,POS,382.72,158,0.672,0.674
10926,TXN104450,2027-01-17 12:00:00,POS,2528.62,16,1.104,1.135
11460,TXN104451,2027-01-17 18:00:00,POS,304.91,130,0.063,1.126
10609,TXN104452,2027-01-18 00:00:00,Online,870.98,131,0.863,0.446
10512,TXN104453,2027-01-18 06:00:00,POS,371.1,146,0.299,0.493
10409,TXN104454,2027-01-18 12:00:00,Online,215.21,95,1.142,0.748
10436,TXN104455,2027-01-18 18:00:00,Online,585.09,139,0.698,-0.046
11339,TXN104456,2027-01-19 00:00:00,ATM,265.8,156,0.631,0.536
10542,TXN104457,2027-01-19 06:00:00,ATM,319.89,69,0.461,0.762
10613,TXN104458,2027-01-19 12:00:00,POS,637.84,78,0.982,0.636
10900,TXN104459,2027-01-19 18:00:00,Online,279.65,54,0.949,0.168
11087,TXN104460,2027-01-20 00:00:00,POS,62.94,71,0.651,0.188
11056,TXN104461,2027-01-20 06:00:00,Online,196.42,147,0.983,0.299
11235,TXN104462,2027-01-20 12:00:00,ATM,792.21,132,0.827,0.678
11487,TXN104463,2027-01-20 18:00:00,Online,523.85,35,0.78,0.466
10563,TXN104464,2027-01-21 00:00:00,POS,203.94,27,1.024,1.136
10575,TXN104465,2027-01-21 06:00:00,POS,1092.1,68,1.384,0.326
11104,TXN104466,2027-01-21 12:00:00,Contactless,277.31,158,0.849,1.044
11022,TXN104467,2027-01-21 18:00:00,Online,781.07,55,0.849,0.363
10343,TXN104468,2027-01-22 00:00:00,Online,1845.71,21,1.072,1.404
11256,TXN104469,2027-01-22 06:00:00,Contactless,599.53,122,0.417,0.885
10613,TXN104470,2027-01-22 12:00:00,POS,1010.54,64,0.686,0.079
10129,TXN104471,2027-01-22 18:00:00,ATM,2018.51,19,0.615,1.041
11043,TXN104472,2027-01-23 00:00:00,ATM,536.89,44,0.855,0.571
10357,TXN104473,2027-01-23 06:00:00,Online,1199.81,89,0.826,0.96
11443,TXN104474,2027-01-23 12:00:00,Online,396.01,15,1.365,0.697
10959,TXN104475,2027-01-23 18:00:00,Online,146.59,136,1.275,0.601
10081,TXN104476,2027-01-24 00:00:00,ATM,198.88,77,0.22,0.629
10666,TXN104477,2027-01-24 06:00:00,ATM,530.01,18,0.875,0.372
10781,TXN104478,2027-01-24 12:00:00,POS,146.11,80,0.998,0.577
11142,TXN104479,2027-01-24 18:00:00,POS,574.91,143,0.779,0.338
10791,TXN104480,2027-01-25 00:00:00,Online,281.29,53,0.569,0.568
10492,TXN104481,2027-01-25 06:00:00,POS,121.38,73,1.233,0.755
10225,TXN104482,2027-01-25 12:00:00,Contactless,672.21,76,0.866,0.996
10987,TXN104483,2027-01-25 18:00:00,Contactless,115.82,53,0.385,1.116
10419,TXN104484,2027-01-26 00:00:00,Online,1594.2,125,1.092,0.697
10780,TXN104485,2027-01-26 06:00:00,Online,1250.34,151,0.914,0.385
10137,TXN104486,2027-01-26 12:00:00,ATM,160.59,146,0.525,0.686
10226,TXN104487,2027-01-26 18:00:00,POS,294.55,66,0.483,0.655
11358,TXN104488,2027-01-27 00:00:00,POS,232.1,66,0.471,1.069
11253,TXN104489,2027-01-27 06:00:00,,1594.43,152,1.164,0.945
10323,TXN104490,2027-01-27 12:00:00,Online,505.31,16,0.956,0.765
11132,TXN104491,2027-01-27 18:00:00,Online,278.93,157,1.085,1.126
10812,TXN104492,2027-01-28 00:00:00,Online,843.26,28,0.822,0.558
10445,TXN104493,2027-01-28 06:00:00,Online,226.94,143,0.511,0.876
10007,TXN104494,2027-01-28 12:00:00,Online,392.7,48,0.472,0.559
10128,TXN104495,2027-01-28 18:00:00,Online,1030.91,80,1.126,0.568
11377,TXN104496,2027-01-29 00:00:00,Online,493.72,34,0.906,0.121
10267,TXN104497,2027-01-29 06:00:00,Online,600.06,111,0.657,0.728
10685,TXN104498,2027-01-29 12:00:00,Online,134.44,20,0.757,0.736
10928,TXN104499,2027-01-29 18:00:00,POS,81.8,40,1.099,0.662
10214,TXN104500,2027-01-30 00:00:00,Contactless,297.67,127,0.947,0.827
10247,TXN104501,2027-01-30 06:00:00,Online,273.67,123,0.718,0.98
11398,TXN104502,2027-01-30 12:00:00,Online,202.05,149,0.734,0.695
10421,TXN104503,2027-01-30 18:00:00,POS,803.75,18,0.543,0.869
11065,TXN104504,2027-01-31 00:00:00,ATM,604.76,150,0.758,0.805
10717,TXN104505,2027-01-31 06:00:00,Online,757.36,29,0.649,1.001
11372,TXN104506,2027-01-31 12:00:00,Online,617.18,68,0.732,0.849
10143,TXN104507,2027-01-31 18:00:00,Contactless,775.35,94,0.56,1.21
10141,TXN104508,2027-02-01 00:00:00,Online,887.02,159,0.281,0.774
10565,TXN104509,2027-02-01 06:00:00,Contactless,336.25,74,1.084,0.438
10107,TXN104510,2027-02-01 12:00:00,ATM,430.85,69,0.951,1.053
10033,TXN104511,2027-02-01 18:00:00,POS,648.25,134,0.657,0.88
11224,TXN104512,2027-02-02 00:00:00,POS,315.5,50,0.637,0.833
10119,TXN104513,2027-02-02 06:00:00,Online,558.99,90,0.264,0.268
10229,TXN104514,2027-02-02 12:00:00,ATM,89.27,13,1.123,1.117
10688,TXN104515,2027-02-02 18:00:00,Online,805.93,79,1.189,0.98
11209,TXN104516,2027-02-03 00:00:00,POS,977.12,92,0.719,0.788
10830,TXN104517,2027-02-03 06:00:00,Online,969.25,103,0.864,-0.097
11011,TXN104518,2027-02-03 12:00:00,Online,734.08,72,0.404,0.605
10850,TXN104519,2027-02-03 18:00:00,POS,743.62,17,0.78,1.236
11239,TXN104520,2027-02-04 00:00:00,POS,316.59,129,0.509,0.834
10733,TXN104521,2027-02-04 06:00:00,Online,139.36,94,0.51,0.361
11154,TXN104522,2027-02-04 12:00:00,POS,638.45,100,0.649,0.544
10845,TXN104523,2027-02-04 18:00:00,ATM,414.23,125,0.601,0.588
10272,TXN104524,2027-02-05 00:00:00,POS,111.31,115,0.705,1.016
10635,TXN104525,2027-02-05 06:00:00,POS,307.3,153,1.12,0.277
11032,TXN104526,2027-02-05 12:00:00,ATM,306.38,81,0.011,0.996
10403,TXN104527,2027-02-05 18:00:00,ATM,374.6,89,0.563,0.921
10928,TXN104528,2027-02-06 00:00:00,POS,590.82,16,0.971,1.328
10627,TXN104529,2027-02-06 06:00:00,Contactless,242.38,78,0.818,0.849
11393,TXN104530,2027-02-06 12:00:00,POS,385.14,96,0.477,0.353
10617,TXN104531,2027-02-06 18:00:00,Online,354.93,17,1.487,0.687
10981,TXN104532,2027-02-07 00:00:00,POS,568.53,140,1.694,0.422
10537,TXN104533,2027-02-07 06:00:00,Online,200.02,123,0.745,0.809
11077,TXN104534,2027-02-07 12:00:00,Contactless,502.12,45,0.403,1.188
10247,TXN104535,2027-02-07 18:00:00,POS,495.46,109,0.662,0.46
10337,TXN104536,2027-02-08 00:00:00,POS,372.4,88,0.355,0.961
11305,TXN104537,2027-02-08 06:00:00,POS,618.44,39,0.89,0.527
10033,TXN104538,2027-02-08 12:00:00,Online,362.64,24,0.951,0.266
10799,TXN104539,2027-02-08 18:00:00,ATM,83.02,96,1.095,1.148
10548,TXN104540,2027-02-09 00:00:00,ATM,649.52,67,0.89,0.765
11367,TXN104541,2027-02-09 06:00:00,Contactless,668.8,106,0.83,0.838
10891,TXN104542,2027-02-09 12:00:00,POS,514.41,155,0.397,0.941
11263,TXN104543,2027-02-09 18:00:00,POS,393.84,142,0.322,0.224
10729,TXN104544,2027-02-10 00:00:00,Contactless,390.73,146,0.043,0.626
11201,TXN104545,2027-02-10 06:00:00,Online,181.3,111,0.778,0.24
10044,TXN104546,2027-02-10 12:00:00,Online,228.29,124,1.052,0.553
10304,TXN104547,2027-02-10 18:00:00,Online,525.39,146,1.153,1.022
10269,TXN104548,2027-02-11 00:00:00,Contactless,580.21,27,1.043,0.826
10683,TXN104549,2027-02-11 06:00:00,Online,329.0,152,0.621,0.527
10400,TXN104550,2027-02-11 12:00:00,ATM,499.95,87,1.401,0.707
10603,TXN104551,2027-02-11 18:00:00,POS,707.29,71,0.418,0.659
10922,TXN104552,2027-02-12 00:00:00,Online,301.43,49,0.402,0.787
10971,TXN104553,2027-02-12 06:00:00,Contactless,167.37,133,1.018,0.525
10431,TXN104554,2027-02-12 12:00:00,POS,276.45,69,1.242,0.666
10421,TXN104555,2027-02-12 18:00:00,POS,427.26,65,1.377,0.742
10131,TXN104556,2027-02-13 00:00:00,Online,498.99,93,1.099,0.819
11434,TXN104557,2027-02-13 06:00:00,Online,382.41,50,1.007,0.761
11249,TXN104558,2027-02-13 12:00:00,ATM,506.94,26,1.034,0.241
11167,TXN104559,2027-02-13 18:00:00,Online,2319.42,114,0.653,0.347
10578,TXN104560,2027-02-14 00:00:00,POS,142.54,34,0.47,0.875
10540,TXN104561,2027-02-14 06:00:00,Online,463.57,135,0.846,0.629
10125,TXN104562,2027-02-14 12:00:00,Contactless,688.65,102,0.157,0.576
11236,TXN104563,2027-02-14 18:00:00,ATM,276.2,146,0.642,0.63
10934,TXN104564,2027-02-15 00:00:00,ATM,884.54,127,0.564,0.629
11452,TXN104565,2027-02-15 06:00:00,Online,1268.61,11,0.954,0.205
11461,TXN104566,2027-02-15 12:00:00,POS,520.0,54,0.827,1.184
10592,TXN104567,2027-02-15 18:00:00,Online,524.13,128,1.27,0.668
11262,TXN104568,2027-02-16 00:00:00,Online,410.32,143,1.038,0.704
10644,TXN104569,2027-02-16 06:00:00,Online,617.21,16,0.526,0.722
10328,TXN104570,2027-02-16 12:00:00,Contactless,1083.83,75,0.985,0.969
10812,TXN104571,2027-02-16 18:00:00,Contactless,440.18,85,0.145,0.891
11143,TXN104572,2027-02-17 00:00:00,POS,131.42,61,1.006,0.679
10046,TXN104573,2027-02-17 06:00:00,POS,266.3,103,0.489,0.456
10084,TXN104574,2027-02-17 12:00:00,POS,533.16,45,0.537,1.046
10794,TXN104575,2027-02-17 18:00:00,Online,511.66,44,1.22,0.716
10352,TXN104576,2027-02-18 00:00:00,ATM,471.16,75,0.886,0.867
11037,TXN104577,2027-02-18 06:00:00,POS,122.64,140,0.682,0.396
10637,TXN104578,2027-02-18 12:00:00,POS,317.6,115,1.106,0.882
11196,TXN104579,2027-02-18 18:00:00,ATM,337.01,85,1.266,0.301
10234,TXN104580,2027-02-19 00:00:00,Contactless,135.15,13,0.4,0.589
11205,TXN104581,2027-02-19 06:00:00,POS,385.49,64,0.5,0.737
11075,TXN104582,2027-02-19 12:00:00,POS,296.25,29,1.034,1.186
10781,TXN104583,2027-02-19 18:00:00,Contactless,183.9,28,0.857,0.884
10681,TXN104584,2027-02-20 00:00:00,POS,528.68,145,0.099,1.102
11419,TXN104585,2027-02-20 06:00:00,Contactless,396.77,36,1.374,0.829
10933,TXN104586,2027-02-20 12:00:00,Online,123.42,145,0.581,0.389
11453,TXN104587,2027-02-20 18:00:00,Online,191.2,27,0.398,0.391
11298,TXN104588,2027-02-21 00:00:00,POS,56.63,38,0.754,0.913
10861,TXN104589,2027-02-21 06:00:00,Online,1205.6,55,1.066,0.42
11231,TXN104590,2027-02-21 12:00:00,Contactless,249.77,140,1.147,0.268
10148,TXN104591,2027-02-21 18:00:00,POS,130.38,146,0.77,0.427
10300,TXN104592,2027-02-22 00:00:00,Contactless,872.22,147,1.638,0.775
11477,TXN104593,2027-02-22 06:00:00,Online,530.85,93,1.738,0.478
10549,TXN104594,2027-02-22 12:00:00,Online,1500.5,10,0.907,1.051
10978,TXN104595,2027-02-22 18:00:00,Online,698.88,141,0.728,0.82
10383,TXN104596,2027-02-23 00:00:00,Online,219.01,110,0.632,0.753
10800,TXN104597,2027-02-23 06:00:00,POS,297.16,105,0.697,0.809
10534,TXN104598,2027-02-23 12:00:00,Online,747.53,27,1.273,0.869
11257,TXN104599,2027-02-23 18:00:00,POS,215.04,87,0.868,0.873
11153,TXN104600,2027-02-24 00:00:00,ATM,526.75,54,1.055,0.471
10570,TXN104601,2027-02-24 06:00:00,Online,468.13,121,0.993,1.053
10931,TXN104602,2027-02-24 12:00:00,Online,1014.83,24,0.962,0.876
10237,TXN104603,2027-02-24 18:00:00,POS,113.52,13,1.131,0.589
10966,TXN104604,2027-02-25 00:00:00,POS,201.91,156,1.04,0.916
10701,TXN104605,2027-02-25 06:00:00,Contactless,1578.5,97,0.917,0.327
10754,TXN104606,2027-02-25 12:00:00,POS,840.21,103,1.396,0.939
10575,TXN104607,2027-02-25 18:00:00,Contactless,304.93,86,0.288,0.781
11265,TXN104608,2027-02-26 00:00:00,Online,1009.39,148,0.849,0.1
10957,TXN104609,2027-02-26 06:00:00,Online,41.02,37,0.565,1.259
11017,TXN104610,2027-02-26 12:00:00,ATM,383.2,84,1.072,0.334
10771,TXN104611,2027-02-26 18:00:00,ATM,137.87,63,0.178,0.861
10223,TXN104612,2027-02-27 00:00:00,POS,257.4,74,0.832,1.096
11123,TXN104613,2027-02-27 06:00:00,POS,725.1,56,0.919,-0.032
10557,TXN104614,2027-02-27 12:00:00,Online,220.63,127,1.178,0.765
10911,TXN104615,2027-02-27 18:00:00,Online,860.53,13,0.602,0.948
10273,TXN104616,2027-02-28 00:00:00,Online,1623.59,43,1.727,1.013
11423,TXN104617,2027-02-28 06:00:00,Online,20.0,85,0.545,1.041
10430,TXN104618,2027-02-28 12:00:00,ATM,108.05,70,0.352,0.959
10523,TXN104619,2027-02-28 18:00:00,Online,294.78,110,0.962,0.606
10960,TXN104620,2027-03-01 00:00:00,POS,671.41,102,0.705,0.829
11372,TXN104621,2027-03-01 06:00:00,Contactless,453.01,111,1.394,1.263
10910,TXN104622,2027-03-01 12:00:00,POS,133.98,122,0.194,1.054
10451,TXN104623,2027-03-01 18:00:00,Online,246.56,92,0.762,0.513
11012,TXN104624,2027-03-02 00:00:00,POS,1373.54,157,1.036,0.998
10042,TXN104625,2027-03-02 06:00:00,ATM,623.67,140,0.517,1.08
10094,TXN104626,2027-03-02 12:00:00,Online,330.6,49,0.263,0.454
10486,TXN104627,2027-03-02 18:00:00,ATM,165.01,78,1.257,0.694
10517,TXN104628,2027-03-03 00:00:00,Online,1034.62,41,0.456,0.62
11174,TXN104629,2027-03-03 06:00:00,POS,777.32,33,1.115,0.959
10717,TXN104630,2027-03-03 12:00:00,Online,732.03,122,0.427,0.585
10499,TXN104631,2027-03-03 18:00:00,POS,815.8,124,0.638,0.524
10371,TXN104632,2027-03-04 00:00:00,POS,393.88,44,1.015,1.006
10981,TXN104633,2027-03-04 06:00:00,ATM,1039.88,41,0.874,0.363
10699,TXN104634,2027-03-04 12:00:00,POS,631.93,54,0.424,0.752
10485,TXN104635,2027-03-04 18:00:00,Contactless,512.29,117,0.936,0.496
10665,TXN104636,2027-03-05 00:00:00,Online,689.06,95,-0.01,1.005
11407,TXN104637,2027-03-05 06:00:00,POS,836.73,43,0.33,0.529
10628,TXN104638,2027-03-05 12:00:00,Online,472.34,153,1.361,0.71
10732,TXN104639,2027-03-05 18:00:00,POS,598.96,20,0.691,0.03
10192,TXN104640,2027-03-06 00:00:00,POS,1808.22,156,1.001,0.701
10836,TXN104641,2027-03-06 06:00:00,Online,108.19,101,0.991,0.651
11245,TXN104642,2027-03-06 12:00:00,Online,249.19,63,0.63,0.72
11071,TXN104643,2027-03-06 18:00:00,ATM,128.96,85,0.791,1.065
10127,TXN104644,2027-03-07 00:00:00,Online,666.35,109,0.34,0.867
10727,TXN104645,2027-03-07 06:00:00,Online,23.43,125,0.795,0.811
11031,TXN104646,2027-03-07 12:00:00,POS,1004.67,133,0.578,0.493
10696,TXN104647,2027-03-07 18:00:00,Online,561.9,92,1.482,1.298
11140,TXN104648,2027-03-08 00:00:00,Online,998.99,65,0.505,0.185
10564,TXN104649,2027-03-08 06:00:00,POS,459.74,72,0.93,0.365
10366,TXN104650,2027-03-08 12:00:00,Online,585.61,141,0.654,0.486
11070,TXN104651,2027-03-08 18:00:00,Contactless,984.81,148,1.035,0.753
10393,TXN104652,2027-03-09 00:00:00,Contactless,217.4,140,0.275,0.712
10954,TXN104653,2027-03-09 06:00:00,POS,108.93,120,0.704,0.489
10023,TXN104654,2027-03-09 12:00:00,Online,577.9,155,0.957,0.749
11155,TXN104655,2027-03-09 18:00:00,POS,479.33,79,0.832,1.024
11151,TXN104656,2027-03-10 00:00:00,Online,388.32,43,0.924,0.716
10445,TXN104657,2027-03-10 06:00:00,POS,1087.63,128,0.46,0.347
10777,TXN104658,2027-03-10 12:00:00,Online,620.7,85,0.629,0.671
11333,TXN104659,2027-03-10 18:00:00,ATM,70.29,51,0.743,0.471
10708,TXN104660,2027-03-11 00:00:00,Online,766.17,32,1.023,0.309
10433,TXN104661,2027-03-11 06:00:00,POS,803.26,49,1.239,0.711
10473,TXN104662,2027-03-11 12:00:00,Online,219.53,24,0.1,0.447
10048,TXN104663,2027-03-11 18:00:00,POS,208.59,124,0.638,0.607
11106,TXN104664,2027-03-12 00:00:00,Online,234.56,66,0.519,0.818
11133,TXN104665,2027-03-12 06:00:00,Contactless,528.23,120,0.479,0.79
10263,TXN104666,2027-03-12 12:00:00,POS,1108.91,151,0.843,1.037
11055,TXN104667,2027-03-12 18:00:00,Online,270.24,149,0.761,0.218
10358,TXN104668,2027-03-13 00:00:00,Online,1252.84,116,0.357,0.643
10568,TXN104669,2027-03-13 06:00:00,Online,235.32,126,0.34,0.983
10480,TXN104670,2027-03-13 12:00:00,POS,815.62,44,0.912,0.23
10867,TXN104671,2027-03-13 18:00:00,Online,183.27,87,0.368,0.652
11213,TXN104672,2027-03-14 00:00:00,POS,237.34,11,0.507,0.756
11029,TXN104673,2027-03-14 06:00:00,Online,308.47,27,1.073,0.393
11310,TXN104674,2027-03-14 12:00:00,ATM,135.93,44,0.81,0.511
11418,TXN104675,2027-03-14 18:00:00,POS,249.63,18,1.292,0.367
11479,TXN104676,2027-03-15 00:00:00,ATM,221.57,148,0.713,0.778
10708,TXN104677,2027-03-15 06:00:00,Contactless,390.44,76,1.532,0.0
10426,TXN104678,2027-03-15 12:00:00,Contactless,821.67,78,0.686,0.486
11051,TXN104679,2027-03-15 18:00:00,Online,167.58,114,1.169,0.498
10127,TXN104680,2027-03-16 00:00:00,ATM,396.91,47,0.456,0.954
10135,TXN104681,2027-03-16 06:00:00,POS,202.5,79,0.522,0.263
10331,TXN104682,2027-03-16 12:00:00,POS,1460.36,90,1.342,1.063
10392,TXN104683,2027-03-16 18:00:00,Contactless,335.04,75,0.507,0.909
10008,TXN104684,2027-03-17 00:00:00,Online,516.05,50,0.674,0.993
10613,TXN104685,2027-03-17 06:00:00,POS,272.41,33,0.518,0.58
11285,TXN104686,2027-03-17 12:00:00,POS,625.15,14,1.144,0.582
11223,TXN104687,2027-03-17 18:00:00,Online,671.32,30,0.327,0.48
10598,TXN104688,2027-03-18 00:00:00,Contactless,499.96,15,1.208,0.863
10386,TXN104689,2027-03-18 06:00:00,Online,373.3,141,0.836,0.602
10472,TXN104690,2027-03-18 12:00:00,POS,448.73,18,0.815,0.474
10179,TXN104691,2027-03-18 18:00:00,Contactless,1551.77,78,0.73,0.601
10450,TXN104692,2027-03-19 00:00:00,ATM,1245.05,77,1.188,0.804
11264,TXN104693,2027-03-19 06:00:00,Contactless,441.1,135,0.673,0.346
10815,TXN104694,2027-03-19 12:00:00,Online,637.99,146,0.501,0.434
11207,TXN104695,2027-03-19 18:00:00,POS,490.91,155,0.932,1.078
10358,TXN104696,2027-03-20 00:00:00,POS,1547.24,68,0.72,0.446
10376,TXN104697,2027-03-20 06:00:00,POS,266.25,89,1.436,1.105
10702,TXN104698,2027-03-20 12:00:00,Online,352.33,38,1.069,0.552
10838,TXN104699,2027-03-20 18:00:00,POS,144.3,60,0.871,0.32
10538,TXN104700,2027-03-21 00:00:00,Online,348.59,45,1.252,1.084
10782,TXN104701,2027-03-21 06:00:00,Online,359.64,85,0.242,1.189
10082,TXN104702,2027-03-21 12:00:00,POS,954.09,114,0.946,0.537
11382,TXN104703,2027-03-21 18:00:00,POS,625.19,54,0.786,1.006
10185,TXN104704,2027-03-22 00:00:00,Contactless,372.74,110,0.679,0.729
10288,TXN104705,2027-03-22 06:00:00,POS,315.99,113,0.652,0.744
11086,TXN104706,2027-03-22 12:00:00,POS,675.96,15,1.14,0.788
10883,TXN104707,2027-03-22 18:00:00,Online,268.73,45,0.098,0.706
10507,TXN104708,2027-03-23 00:00:00,Online,459.92,153,0.915,0.729
11486,TXN104709,2027-03-23 06:00:00,POS,448.36,31,0.249,0.702
10030,TXN104710,2027-03-23 12:00:00,Online,615.97,78,0.664,0.539
10936,TXN104711,2027-03-23 18:00:00,ATM,264.5,78,0.732,0.502
10031,TXN104712,2027-03-24 00:00:00,Online,274.73,72,1.316,0.378
11317,TXN104713,2027-03-24 06:00:00,Online,208.17,84,0.563,0.172
11197,TXN104714,2027-03-24 12:00:00,ATM,51.9,116,0.769,0.674
11152,TXN104715,2027-03-24 18:00:00,ATM,289.96,28,0.32,0.464
10086,TXN104716,2027-03-25 00:00:00,Online,258.93,111,0.927,0.241
11339,TXN104717,2027-03-25 06:00:00,Online,1386.65,135,0.284,0.47
10028,TXN104718,2027-03-25 12:00:00,Contactless,479.25,136,0.128,0.551
10122,TXN104719,2027-03-25 18:00:00,ATM,147.42,155,0.222,0.546
11275,TXN104720,2027-03-26 00:00:00,ATM,157.98,123,0.651,1.09
10573,TXN104721,2027-03-26 06:00:00,Online,675.93,82,0.668,0.533
10403,TXN104722,2027-03-26 12:00:00,,1032.57,123,1.147,1.105
10683,TXN104723,2027-03-26 18:00:00,Online,81.58,154,1.283,0.49
11467,TXN104724,2027-03-27 00:00:00,Online,410.69,50,1.274,0.835
10272,TXN104725,2027-03-27 06:00:00,Online,162.26,91,1.153,0.42
10837,TXN104726,2027-03-27 12:00:00,Online,146.76,86,1.476,1.18
10113,TXN104727,2027-03-27 18:00:00,Contactless,688.21,37,0.909,1.043
11418,TXN104728,2027-03-28 00:00:00,POS,431.77,119,0.914,0.91
10019,TXN104729,2027-03-28 06:00:00,POS,219.46,30,1.389,1.254
10605,TXN104730,2027-03-28 12:00:00,Contactless,68.39,139,0.36,0.944
10465,TXN104731,2027-03-28 18:00:00,Online,356.6,15,1.079,0.823
10691,TXN104732,2027-03-29 00:00:00,Online,618.71,61,0.733,0.321
11011,TXN104733,2027-03-29 06:00:00,Online,509.23,14,1.217,0.04
11215,TXN104734,2027-03-29 12:00:00,Contactless,96.25,52,1.164,0.338
11014,TXN104735,2027-03-29 18:00:00,POS,632.57,105,0.692,0.228
10163,TXN104736,2027-03-30 00:00:00,POS,787.32,110,0.328,0.476
10699,TXN104737,2027-03-30 06:00:00,ATM,621.32,123,1.222,1.006
10295,TXN104738,2027-03-30 12:00:00,Online,306.61,49,0.584,0.401
10579,TXN104739,2027-03-30 18:00:00,Online,1070.11,148,0.792,0.571
11097,TXN104740,2027-03-31 00:00:00,POS,782.17,151,0.358,0.716
10701,TXN104741,2027-03-31 06:00:00,ATM,215.87,11,0.624,0.726
11333,TXN104742,2027-03-31 12:00:00,Online,83.79,72,1.106,0.534
10302,TXN104743,2027-03-31 18:00:00,Online,430.82,128,0.885,1.033
11332,TXN104744,2027-04-01 00:00:00,POS,359.75,155,0.487,0.707
10124,TXN104745,2027-04-01 06:00:00,Online,365.74,103,0.092,0.748
10669,TXN104746,2027-04-01 12:00:00,ATM,854.01,88,0.991,1.393
11285,TXN104747,2027-04-01 18:00:00,POS,329.73,138,0.605,1.186
10195,TXN104748,2027-04-02 00:00:00,POS,283.29,154,0.811,0.705
10842,TXN104749,2027-04-02 06:00:00,Contactless,740.12,63,0.702,0.853
10351,TXN104750,2027-04-02 12:00:00,ATM,345.02,131,0.601,0.442
10489,TXN104751,2027-04-02 18:00:00,Online,41.02,133,0.967,0.115
10200,TXN104752,2027-04-03 00:00:00,POS,184.35,75,0.446,0.891
10884,TXN104753,2027-04-03 06:00:00,Online,203.92,152,0.802,0.404
10508,TXN104754,2027-04-03 12:00:00,ATM,1130.63,31,0.895,0.858
10898,TXN104755,2027-04-03 18:00:00,ATM,497.92,29,1.222,1.301
10446,TXN104756,2027-04-04 00:00:00,POS,367.07,102,0.768,0.175
10080,TXN104757,2027-04-04 06:00:00,ATM,202.03,52,0.333,0.062
10745,TXN104758,2027-04-04 12:00:00,POS,207.31,30,0.986,0.443
10698,TXN104759,2027-04-04 18:00:00,ATM,702.77,57,0.439,0.927
11493,TXN104760,2027-04-05 00:00:00,Online,993.06,75,0.515,1.05
11466,TXN104761,2027-04-05 06:00:00,Online,443.76,124,0.575,0.926
10931,TXN104762,2027-04-05 12:00:00,ATM,295.02,25,0.685,0.781
10654,TXN104763,2027-04-05 18:00:00,Online,1478.51,30,1.202,0.705
10902,TXN104764,2027-04-06 00:00:00,POS,605.15,110,0.978,0.735
10272,TXN104765,2027-04-06 06:00:00,ATM,886.51,17,0.365,1.032
11367,TXN104766,2027-04-06 12:00:00,POS,647.78,119,1.279,0.52
10124,TXN104767,2027-04-06 18:00:00,ATM,1557.67,95,1.121,0.712
11247,TXN104768,2027-04-07 00:00:00,POS,386.5,67,0.896,0.377
10686,TXN104769,2027-04-07 06:00:00,Contactless,435.23,14,-0.061,0.801
10652,TXN104770,2027-04-07 12:00:00,POS,393.16,120,0.455,0.705
10297,TXN104771,2027-04-07 18:00:00,POS,899.48,118,0.753,1.424
11143,TXN104772,2027-04-08 00:00:00,POS,690.01,39,1.329,0.286
10787,TXN104773,2027-04-08 06:00:00,Contactless,345.69,104,1.214,0.962
11100,TXN104774,2027-04-08 12:00:00,Online,804.94,18,0.412,0.557
10621,TXN104775,2027-04-08 18:00:00,POS,315.36,104,0.162,0.931
10973,TXN104776,2027-04-09 00:00:00,Online,45.51,104,0.686,0.91
10881,TXN104777,2027-04-09 06:00:00,Online,346.48,50,0.799,0.619
11282,TXN104778,2027-04-09 12:00:00,Contactless,365.32,60,0.316,0.411
10351,TXN104779,2027-04-09 18:00:00,Online,346.95,70,0.445,0.404
11301,TXN104780,2027-04-10 00:00:00,POS,1346.72,15,1.491,0.729
10255,TXN104781,2027-04-10 06:00:00,POS,656.24,128,0.619,0.498
11288,TXN104782,2027-04-10 12:00:00,ATM,213.98,35,0.645,0.636
10679,TXN104783,2027-04-10 18:00:00,ATM,624.48,15,1.739,0.352
10029,TXN104784,2027-04-11 00:00:00,Online,148.55,62,0.631,0.842
10467,TXN104785,2027-04-11 06:00:00,POS,211.94,70,0.396,0.45
11059,TXN104786,2027-04-11 12:00:00,Online,325.12,103,0.502,0.583
10749,TXN104787,2027-04-11 18:00:00,POS,1300.72,49,0.852,1.068
11318,TXN104788,2027-04-12 00:00:00,ATM,337.5,33,0.584,0.742
10602,TXN104789,2027-04-12 06:00:00,Online,238.47,101,0.704,0.912
11227,TXN104790,2027-04-12 12:00:00,ATM,172.37,54,0.735,0.433
10740,TXN104791,2027-04-12 18:00:00,Online,260.68,47,1.852,0.778
10931,TXN104792,2027-04-13 00:00:00,Online,192.5,117,0.999,0.821
11092,TXN104793,2027-04-13 06:00:00,Online,637.81,145,0.417,0.43
10131,TXN104794,2027-04-13 12:00:00,Online,590.41,73,0.689,0.717
10111,TXN104795,2027-04-13 18:00:00,POS,285.54,96,1.031,0.582
10524,TXN104796,2027-04-14 00:00:00,Online,341.41,116,1.129,0.776
11312,TXN104797,2027-04-14 06:00:00,Contactless,279.75,60,0.188,0.33
10687,TXN104798,2027-04-14 12:00:00,Contactless,98.97,15,0.254,0.406
10831,TXN104799,2027-04-14 18:00:00,POS,352.3,94,0.914,0.31
10666,TXN104800,2027-04-15 00:00:00,POS,316.74,45,0.527,0.378
11067,TXN104801,2027-04-15 06:00:00,Contactless,476.04,98,0.478,0.525
10875,TXN104802,2027-04-15 12:00:00,ATM,135.54,108,0.815,0.844
11318,TXN104803,2027-04-15 18:00:00,Online,192.05,156,1.027,0.726
10285,TXN104804,2027-04-16 00:00:00,ATM,401.52,46,0.666,0.725
10823,TXN104805,2027-04-16 06:00:00,Online,1060.39,26,0.07,0.427
10564,TXN104806,2027-04-16 12:00:00,POS,39.6,25,0.565,0.694
10019,TXN104807,2027-04-16 18:00:00,POS,395.68,58,0.344,1.052
10547,TXN104808,2027-04-17 00:00:00,ATM,259.56,103,0.947,0.783
10048,TXN104809,2027-04-17 06:00:00,,606.28,60,1.468,0.927
10219,TXN104810,2027-04-17 12:00:00,Online,378.04,14,0.851,0.558
10766,TXN104811,2027-04-17 18:00:00,Contactless,111.48,106,0.904,0.566
11212,TXN104812,2027-04-18 00:00:00,ATM,168.99,82,1.035,0.846
10031,TXN104813,2027-04-18 06:00:00,POS,275.34,154,1.222,0.437
10259,TXN104814,2027-04-18 12:00:00,POS,1083.97,149,0.546,0.666
11368,TXN104815,2027-04-18 18:00:00,ATM,149.32,65,0.731,0.752
10308,TXN104816,2027-04-19 00:00:00,POS,746.25,131,1.082,0.591
11095,TXN104817,2027-04-19 06:00:00,Online,331.47,135,0.42,0.463
10307,TXN104818,2027-04-19 12:00:00,POS,201.82,88,0.222,0.518
10568,TXN104819,2027-04-19 18:00:00,Contactless,195.72,25,0.587,0.314
11123,TXN104820,2027-04-20 00:00:00,ATM,101.03,135,1.19,0.778
10021,TXN104821,2027-04-20 06:00:00,POS,1027.72,96,0.799,0.934
11030,TXN104822,2027-04-20 12:00:00,Online,151.74,31,0.587,0.559
10231,TXN104823,2027-04-20 18:00:00,Contactless,354.82,119,1.106,1.467
10082,TXN104824,2027-04-21 00:00:00,POS,374.72,104,0.944,0.488
10958,TXN104825,2027-04-21 06:00:00,POS,493.49,52,0.478,0.492
10217,TXN104826,2027-04-21 12:00:00,Online,210.45,88,0.684,0.916
10335,TXN104827,2027-04-21 18:00:00,ATM,180.96,30,0.392,0.874
10559,TXN104828,2027-04-22 00:00:00,Online,267.12,132,0.8,0.888
10864,TXN104829,2027-04-22 06:00:00,POS,820.75,17,0.973,1.0
10874,TXN104830,2027-04-22 12:00:00,POS,1601.73,58,-0.11,0.439
10753,TXN104831,2027-04-22 18:00:00,POS,1034.86,134,0.393,0.804
10594,TXN104832,2027-04-23 00:00:00,POS,824.9,115,1.338,0.308
10704,TXN104833,2027-04-23 06:00:00,POS,469.03,143,0.633,0.998
10925,TXN104834,2027-04-23 12:00:00,Online,811.33,90,1.331,0.979
10553,TXN104835,2027-04-23 18:00:00,POS,746.6,113,0.304,0.992
11483,TXN104836,2027-04-24 00:00:00,Online,994.11,118,0.564,0.685
10783,TXN104837,2027-04-24 06:00:00,POS,665.87,134,0.826,0.988
10087,TXN104838,2027-04-24 12:00:00,POS,447.3,101,0.638,0.747
10513,TXN104839,2027-04-24 18:00:00,POS,244.35,130,1.193,1.087
10984,TXN104840,2027-04-25 00:00:00,ATM,45.36,120,0.709,0.614
11009,TXN104841,2027-04-25 06:00:00,ATM,125.64,32,0.999,0.61
10587,TXN104842,2027-04-25 12:00:00,Online,69.83,119,0.368,0.82
10498,TXN104843,2027-04-25 18:00:00,POS,703.31,84,0.843,0.347
10907,TXN104844,2027-04-26 00:00:00,Online,139.31,71,0.64,0.634
10956,TXN104845,2027-04-26 06:00:00,POS,49.14,105,0.399,0.686
10743,TXN104846,2027-04-26 12:00:00,POS,143.67,66,0.913,0.326
10449,TXN104847,2027-04-26 18:00:00,Online,413.04,111,1.227,0.728
10588,TXN104848,2027-04-27 00:00:00,POS,339.3,79,0.542,0.839
10260,TXN104849,2027-04-27 06:00:00,Contactless,548.69,74,0.898,0.934
11224,TXN104850,2027-04-27 12:00:00,ATM,138.21,46,0.675,0.281
10463,TXN104851,2027-04-27 18:00:00,ATM,211.4,77,0.788,0.984
10094,TXN104852,2027-04-28 00:00:00,ATM,1196.16,84,1.044,0.119
11021,TXN104853,2027-04-28 06:00:00,POS,408.02,26,1.255,0.446
11376,TXN104854,2027-04-28 12:00:00,ATM,348.88,144,1.185,1.272
11132,TXN104855,2027-04-28 18:00:00,Online,287.06,61,0.488,0.743
10355,TXN104856,2027-04-29 00:00:00,Online,486.2,139,0.279,0.407
10469,TXN104857,2027-04-29 06:00:00,Online,742.26,46,0.046,0.319
10095,TXN104858,2027-04-29 12:00:00,Online,472.87,66,0.972,0.345
10868,TXN104859,2027-04-29 18:00:00,POS,601.68,110,0.566,0.435
10091,TXN104860,2027-04-30 00:00:00,Online,1592.18,19,1.122,0.973
11068,TXN104861,2027-04-30 06:00:00,Contactless,300.61,90,0.388,0.853
11480,TXN104862,2027-04-30 12:00:00,Contactless,510.66,99,0.906,0.999
10955,TXN104863,2027-04-30 18:00:00,Contactless,495.48,142,0.13,0.404
10384,TXN104864,2027-05-01 00:00:00,ATM,656.74,142,0.927,0.142
10023,TXN104865,2027-05-01 06:00:00,Contactless,2150.12,129,0.887,0.879
10023,TXN104866,2027-05-01 12:00:00,POS,449.48,111,0.365,0.682
11258,TXN104867,2027-05-01 18:00:00,POS,313.58,36,0.817,0.477
10311,TXN104868,2027-05-02 00:00:00,Online,215.78,14,1.474,0.979
11441,TXN104869,2027-05-02 06:00:00,POS,142.61,70,0.991,1.064
11357,TXN104870,2027-05-02 12:00:00,ATM,90.44,145,1.784,1.183
10575,TXN104871,2027-05-02 18:00:00,POS,1847.39,106,0.804,0.411
10103,TXN104872,2027-05-03 00:00:00,Online,205.51,158,0.952,1.044
10500,TXN104873,2027-05-03 06:00:00,POS,277.8,30,0.583,0.809
10828,TXN104874,2027-05-03 12:00:00,Online,236.15,60,0.836,0.526
10189,TXN104875,2027-05-03 18:00:00,ATM,683.28,88,0.408,1.039
10460,TXN104876,2027-05-04 00:00:00,POS,128.92,68,1.067,0.452
10189,TXN104877,2027-05-04 06:00:00,Contactless,119.1,11,0.468,0.524
10351,TXN104878,2027-05-04 12:00:00,Contactless,511.46,67,1.333,0.953
10581,TXN104879,2027-05-04 18:00:00,Online,491.6,29,0.279,0.528
10114,TXN104880,2027-05-05 00:00:00,Contactless,495.99,142,0.643,0.814
10104,TXN104881,2027-05-05 06:00:00,Contactless,830.46,98,0.663,0.56
10620,TXN104882,2027-05-05 12:00:00,POS,124.6,147,0.359,0.749
11369,TXN104883,2027-05-05 18:00:00,ATM,864.4,114,0.832,0.769
11045,TXN104884,2027-05-06 00:00:00,Online,132.46,121,0.563,0.432
10387,TXN104885,2027-05-06 06:00:00,Contactless,59.04,138,1.241,0.758
10944,TXN104886,2027-05-06 12:00:00,POS,386.33,107,0.466,0.553
10855,TXN104887,2027-05-06 18:00:00,Contactless,141.77,23,0.897,0.432
11233,TXN104888,2027-05-07 00:00:00,POS,308.81,30,0.72,0.388
10483,TXN104889,2027-05-07 06:00:00,ATM,808.52,25,0.675,0.391
10473,TXN104890,2027-05-07 12:00:00,POS,118.02,73,0.782,0.53
10859,TXN104891,2027-05-07 18:00:00,POS,1604.83,93,0.998,0.861
10942,TXN104892,2027-05-08 00:00:00,Contactless,840.49,82,0.089,0.318
10393,TXN104893,2027-05-08 06:00:00,POS,232.0,69,0.767,0.723
10516,TXN104894,2027-05-08 12:00:00,ATM,459.77,107,0.461,0.805
11212,TXN104895,2027-05-08 18:00:00,POS,171.15,156,0.488,0.98
10346,TXN104896,2027-05-09 00:00:00,Contactless,220.91,56,0.835,0.547
11376,TXN104897,2027-05-09 06:00:00,ATM,676.65,56,1.135,0.746
10541,TXN104898,2027-05-09 12:00:00,Online,421.79,42,1.293,0.377
10047,TXN104899,2027-05-09 18:00:00,ATM,794.55,30,0.546,0.335
11101,TXN104900,2027-05-10 00:00:00,Online,526.77,104,-0.247,0.801
10343,TXN104901,2027-05-10 06:00:00,ATM,665.08,72,0.775,1.279
11215,TXN104902,2027-05-10 12:00:00,Online,886.83,51,0.114,0.885
10543,TXN104903,2027-05-10 18:00:00,POS,349.95,114,0.904,0.36
10819,TXN104904,2027-05-11 00:00:00,ATM,90.69,135,0.435,0.384
11060,TXN104905,2027-05-11 06:00:00,POS,270.48,124,0.87,0.872
10757,TXN104906,2027-05-11 12:00:00,POS,1109.81,52,0.451,0.902
11448,TXN104907,2027-05-11 18:00:00,Contactless,549.35,77,0.342,0.715
10351,TXN104908,2027-05-12 00:00:00,POS,328.7,35,0.351,0.641
10188,TXN104909,2027-05-12 06:00:00,POS,722.46,117,0.889,0.846
10334,TXN104910,2027-05-12 12:00:00,Online,1040.77,42,0.287,0.411
10483,TXN104911,2027-05-12 18:00:00,POS,678.11,58,0.941,0.988
11240,TXN104912,2027-05-13 00:00:00,Online,894.13,93,1.372,0.799
11182,TXN104913,2027-05-13 06:00:00,POS,1029.93,50,1.335,0.474
10667,TXN104914,2027-05-13 12:00:00,Online,765.97,45,0.191,0.676
11265,TXN104915,2027-05-13 18:00:00,Contactless,355.43,104,0.278,1.672
10296,TXN104916,2027-05-14 00:00:00,Online,281.64,128,0.918,0.618
11486,TXN104917,2027-05-14 06:00:00,Online,833.75,159,0.376,0.858
10045,TXN104918,2027-05-14 12:00:00,POS,400.28,92,0.967,0.934
10495,TXN104919,2027-05-14 18:00:00,Online,622.4,29,0.151,0.754
10175,TXN104920,2027-05-15 00:00:00,Online,772.77,96,0.725,0.587
11004,TXN104921,2027-05-15 06:00:00,ATM,1326.25,135,1.08,0.496
11370,TXN104922,2027-05-15 12:00:00,POS,434.09,109,0.207,0.651
10056,TXN104923,2027-05-15 18:00:00,Online,475.46,82,0.709,0.66
10341,TXN104924,2027-05-16 00:00:00,Online,189.27,25,0.704,1.057
11132,TXN104925,2027-05-16 06:00:00,POS,221.84,36,0.962,1.148
10214,TXN104926,2027-05-16 12:00:00,ATM,247.03,54,0.516,1.207
10758,TXN104927,2027-05-16 18:00:00,POS,677.17,22,0.25,0.602
11421,TXN104928,2027-05-17 00:00:00,Online,178.31,11,-0.133,0.994
10550,TXN104929,2027-05-17 06:00:00,POS,888.06,85,1.214,0.778
10497,TXN104930,2027-05-17 12:00:00,Contactless,220.5,114,1.042,0.398
10173,TXN104931,2027-05-17 18:00:00,POS,227.49,106,0.741,0.284
10105,TXN104932,2027-05-18 00:00:00,Online,391.34,96,0.732,0.61
10479,TXN104933,2027-05-18 06:00:00,POS,342.38,68,0.899,0.66
11423,TXN104934,2027-05-18 12:00:00,ATM,1561.73,23,1.088,0.45
10434,TXN104935,2027-05-18 18:00:00,Online,676.0,112,0.044,1.046
10642,TXN104936,2027-05-19 00:00:00,POS,799.11,39,0.127,1.117
10693,TXN104937,2027-05-19 06:00:00,ATM,405.61,119,0.076,0.648
10991,TXN104938,2027-05-19 12:00:00,Online,332.61,107,0.629,1.129
10922,TXN104939,2027-05-19 18:00:00,Contactless,615.86,18,0.814,0.819
10194,TXN104940,2027-05-20 00:00:00,POS,1341.36,33,1.104,0.151
10843,TXN104941,2027-05-20 06:00:00,POS,230.68,121,-0.269,0.131
10801,TXN104942,2027-05-20 12:00:00,Contactless,54.67,50,0.282,0.795
11490,TXN104943,2027-05-20 18:00:00,Online,543.68,41,0.796,0.657
11365,TXN104944,2027-05-21 00:00:00,ATM,592.11,30,0.839,0.439
10059,TXN104945,2027-05-21 06:00:00,ATM,106.57,79,0.68,0.822
10478,TXN104946,2027-05-21 12:00:00,POS,393.87,120,0.356,1.313
11127,TXN104947,2027-05-21 18:00:00,Online,495.15,98,0.505,0.72
10533,TXN104948,2027-05-22 00:00:00,POS,166.2,11,0.702,0.581
10592,TXN104949,2027-05-22 06:00:00,Online,947.45,65,0.149,0.504
10839,TXN104950,2027-05-22 12:00:00,POS,582.36,24,0.451,0.368
11346,TXN104951,2027-05-22 18:00:00,ATM,1011.96,27,0.267,0.928
10549,TXN104952,2027-05-23 00:00:00,POS,225.49,41,0.926,0.581
11038,TXN104953,2027-05-23 06:00:00,POS,239.49,23,0.43,0.662
11480,TXN104954,2027-05-23 12:00:00,Online,1532.57,61,0.292,0.586
10221,TXN104955,2027-05-23 18:00:00,Online,296.47,31,0.569,1.149
10876,TXN104956,2027-05-24 00:00:00,Contactless,588.51,23,1.013,0.302
11415,TXN104957,2027-05-24 06:00:00,Online,723.84,43,0.742,0.892
10678,TXN104958,2027-05-24 12:00:00,Online,264.21,95,1.136,0.944
11197,TXN104959,2027-05-24 18:00:00,Contactless,741.62,65,1.082,0.493
10662,TXN104960,2027-05-25 00:00:00,POS,168.09,72,0.488,0.87
10684,TXN104961,2027-05-25 06:00:00,POS,141.34,153,0.797,0.652
11105,TXN104962,2027-05-25 12:00:00,Online,711.97,89,1.134,0.928
10336,TXN104963,2027-05-25 18:00:00,Online,842.59,49,0.581,0.429
10225,TXN104964,2027-05-26 00:00:00,POS,730.55,47,0.834,0.775
10871,TXN104965,2027-05-26 06:00:00,POS,1030.11,155,0.434,0.72
10035,TXN104966,2027-05-26 12:00:00,Contactless,1060.77,32,0.671,0.852
10188,TXN104967,2027-05-26 18:00:00,POS,46.44,119,0.66,0.033
11248,TXN104968,2027-05-27 00:00:00,Online,157.48,57,0.97,0.499
10643,TXN104969,2027-05-27 06:00:00,POS,466.27,91,0.616,0.864
10963,TXN104970,2027-05-27 12:00:00,Online,513.39,122,0.825,1.19
10968,TXN104971,2027-05-27 18:00:00,,154.75,31,0.883,0.993
10494,TXN104972,2027-05-28 00:00:00,POS,736.52,134,0.474,0.813
10311,TXN104973,2027-05-28 06:00:00,Online,425.64,63,0.609,0.463
10521,TXN104974,2027-05-28 12:00:00,Online,1285.84,49,0.912,0.784
10369,TXN104975,2027-05-28 18:00:00,Contactless,870.74,39,1.393,0.864
11499,TXN104976,2027-05-29 00:00:00,POS,257.27,51,0.31,1.199
10746,TXN104977,2027-05-29 06:00:00,Online,669.2,136,0.934,0.452
10031,TXN104978,2027-05-29 12:00:00,Online,85.95,91,1.175,0.594
11256,TXN104979,2027-05-29 18:00:00,ATM,566.79,62,0.783,1.263
10998,TXN104980,2027-05-30 00:00:00,Contactless,830.85,10,0.434,0.644
10497,TXN104981,2027-05-30 06:00:00,POS,164.32,115,0.732,0.837
10964,TXN104982,2027-05-30 12:00:00,POS,485.16,36,0.411,0.403
11199,TXN104983,2027-05-30 18:00:00,ATM,155.32,26,0.574,0.604
10298,TXN104984,2027-05-31 00:00:00,Contactless,202.16,72,0.885,0.791
11389,TXN104985,2027-05-31 06:00:00,Online,92.94,137,0.729,0.593
11110,TXN104986,2027-05-31 12:00:00,Contactless,276.35,130,0.819,0.751
10577,TXN104987,2027-05-31 18:00:00,ATM,434.42,131,0.341,0.772
11113,TXN104988,2027-06-01 00:00:00,POS,581.33,136,0.536,0.72
10054,TXN104989,2027-06-01 06:00:00,Online,327.55,131,0.965,0.49
11385,TXN104990,2027-06-01 12:00:00,POS,168.8,75,0.164,0.932
11500,TXN104991,2027-06-01 18:00:00,Online,630.1,32,0.286,0.751
10229,TXN104992,2027-06-02 00:00:00,Online,1063.19,157,0.643,0.514
10779,TXN104993,2027-06-02 06:00:00,Contactless,155.37,45,0.569,0.474
10985,TXN104994,2027-06-02 12:00:00,POS,1145.08,159,1.019,0.411
10373,TXN104995,2027-06-02 18:00:00,POS,65.19,20,-0.088,1.037
10469,TXN104996,2027-06-03 00:00:00,Online,950.78,37,0.721,0.5
10420,TXN104997,2027-06-03 06:00:00,POS,470.42,54,1.23,0.445
10532,TXN104998,2027-06-03 12:00:00,ATM,516.65,133,0.864,0.423
11424,TXN104999,2027-06-03 18:00:00,Online,224.94,131,0.213,0.143
11469,TXN100000,2024-01-01 00:00:00,Contactless,771.54,36,1.082,1.38
10095,TXN100001,2024-01-01 06:00:00,Online,303.04,95,0.871,0.547
10553,TXN100002,2024-01-01 12:00:00,Online,62.53,127,0.281,0.018
11444,TXN100003,2024-01-01 18:00:00,POS,252.9,90,1.01,0.927
10790,TXN100004,2024-01-02 00:00:00,Online,419.88,84,0.905,0.474
11174,TXN100005,2024-01-02 06:00:00,POS,854.68,102,1.224,1.224
10553,TXN100006,2024-01-02 12:00:00,Online,293.04,43,1.119,0.902
11375,TXN100007,2024-01-02 18:00:00,Contactless,424.7,124,0.799,1.297
10116,TXN100008,2024-01-03 00:00:00,Online,851.16,122,0.761,0.405
10632,TXN100009,2024-01-03 06:00:00,ATM,342.83,121,0.439,1.058
11261,TXN100010,2024-01-03 12:00:00,Contactless,457.39,69,0.432,0.472
10270,TXN100011,2024-01-03 18:00:00,Contactless,436.52,35,0.736,0.796
